lead_id;lead_link;source;final_stage;date_added;pipeline_01.05.2026;stage_01.05.2026;pipeline_01.06.2026;stage_01.06.2026;pipeline_02.06.2026;stage_02.06.2026;pipeline_03.05.2026;stage_03.05.2026;pipeline_03.06.2026;stage_03.06.2026;pipeline_04.05.2026;stage_04.05.2026;pipeline_05.05.2026;stage_05.05.2026;pipeline_05.06.2026;stage_05.06.2026;pipeline_06.05.2026;stage_06.05.2026;pipeline_06.06.2026;stage_06.06.2026;pipeline_07.05.2026;stage_07.05.2026;pipeline_07.06.2026;stage_07.06.2026;pipeline_08.05.2026;stage_08.05.2026;pipeline_08.06.2026;stage_08.06.2026;pipeline_09.05.2026;stage_09.05.2026;pipeline_09.06.2026;stage_09.06.2026;pipeline_10.05.2026;stage_10.05.2026;pipeline_11.05.2026;stage_11.05.2026;pipeline_12.05.2026;stage_12.05.2026;pipeline_13.05.2026;stage_13.05.2026;pipeline_14.05.2026;stage_14.05.2026;pipeline_15.05.2026;stage_15.05.2026;pipeline_16.05.2026;stage_16.05.2026;pipeline_17.05.2026;stage_17.05.2026;pipeline_18.05.2025;stage_18.05.2025;pipeline_18.05.2026;stage_18.05.2026;pipeline_19.05.2026;stage_19.05.2026;pipeline_20.05.2026;stage_20.05.2026;pipeline_21.05.2026;stage_21.05.2026;pipeline_22.04.2026;stage_22.04.2026;pipeline_22.05.2026;stage_22.05.2026;pipeline_23.04.2026;stage_23.04.2026;pipeline_23.05.2026;stage_23.05.2026;pipeline_24.04.2026;stage_24.04.2026;pipeline_24.05.2026;stage_24.05.2026;pipeline_25.05.2026;stage_25.05.2026;pipeline_26.05.2026;stage_26.05.2026;pipeline_27.04.2026;stage_27.04.2026;pipeline_27.05.2026;stage_27.05.2026;pipeline_28.04.2026;stage_28.04.2026;pipeline_28.05.2026;stage_28.05.2026;pipeline_29.04.2026;stage_29.04.2026;pipeline_29.05.2026;stage_29.05.2026;pipeline_30.04.2026;stage_30.04.2026;pipeline_30.05.2026;stage_30.05.2026;pipeline_31.05.2026;stage_31.05.2026
37743689;https://alladin116.amocrm.ru/leads/detail/37743689;Коол Центр;Закрыто и не реализовано;;;;;;;;;;;;;;;;;;;;;;;;;;;;;;;;;;;;;;;;;;;;;;;;;;;;;;;;;;;;Лиды обработка;Скорозвон;;;Расчет рисков;Обработано коммутатором;;;Расчет рисков;Закрыто и не реализовано;;;;;;;;;;;;;;;;;;;;;;;;
37743679;https://alladin116.amocrm.ru/leads/detail/37743679;Коол Центр;;;Другое;ДАННЫЕ ПРЕДОСТАВЛЕНЫ;Другое;Контрольный звонок КП получено;Другое;Контрольный звонок КП получено;Другое;ДАННЫЕ ПРЕДОСТАВЛЕНЫ;Другое;Контрольный звонок КП получено;Другое;ДАННЫЕ ПРЕДОСТАВЛЕНЫ;Другое;ДАННЫЕ ПРЕДОСТАВЛЕНЫ;Другое;Контрольный звонок КП получено;Другое;ДАННЫЕ ПРЕДОСТАВЛЕНЫ;Другое;Контрольный звонок КП получено;Другое;ДАННЫЕ ПРЕДОСТАВЛЕНЫ;Другое;Контрольный звонок КП получено;Другое;Контрольный звонок КП;Другое;Контрольный звонок КП получено;Другое;Контрольный звонок КП;Другое;Контрольный звонок КП получено;Другое;Контрольный звонок КП;Другое;КП получено;Другое;КП получено;Другое;Контрольный звонок КП получено;Другое;Контрольный звонок КП получено;Другое;Контрольный звонок КП получено;Другое;Контрольный звонок КП получено;Другое;Контрольный звонок КП получено;Другое;Контрольный звонок КП получено;Другое;Контрольный звонок КП получено;Другое;Контрольный звонок КП получено;Другое;Контрольный звонок КП получено;Другое;Контрольный звонок КП получено;Другое;ДАННЫЕ ПРЕДОСТАВЛЕНЫ;Другое;Контрольный звонок КП получено;Другое;ДАННЫЕ ПРЕДОСТАВЛЕНЫ;Другое;Контрольный звонок КП получено;Другое;ДАННЫЕ ПРЕДОСТАВЛЕНЫ;Другое;Контрольный звонок КП получено;Другое;Контрольный звонок КП получено;Другое;Контрольный звонок КП получено;Другое;ДАННЫЕ ПРЕДОСТАВЛЕНЫ;Другое;Контрольный звонок КП получено;Другое;ДАННЫЕ ПРЕДОСТАВЛЕНЫ;Другое;Контрольный звонок КП получено;Другое;ДАННЫЕ ПРЕДОСТАВЛЕНЫ;Другое;Контрольный звонок КП получено;Другое;ДАННЫЕ ПРЕДОСТАВЛЕНЫ;Другое;Контрольный звонок КП получено;Другое;Контрольный звонок КП получено
37743663;https://alladin116.amocrm.ru/leads/detail/37743663;Своя база;Закрыто и не реализовано;;СТУ;ОБРАБОТАНО Коммутатором;;;;;СТУ;ОБРАБОТАНО Коммутатором;;;СТУ;ОБРАБОТАНО Коммутатором;СТУ;Закрыто и не реализовано;;;;;;;;;;;;;;;;;;;;;;;;;;;;;;;;;;;;;;;;;;;;;СТУ;ОБРАБОТАНО Коммутатором;;;СТУ;ОБРАБОТАНО Коммутатором;;;СТУ;ОБРАБОТАНО Коммутатором;;;;;;;СТУ;ОБРАБОТАНО Коммутатором;;;СТУ;ОБРАБОТАНО Коммутатором;;;СТУ;ОБРАБОТАНО Коммутатором;;;СТУ;ОБРАБОТАНО Коммутатором;;;;
37743657;https://alladin116.amocrm.ru/leads/detail/37743657;Своя база;Закрыто и не реализовано;;СТУ;ОБРАБОТАНО Коммутатором;;;;;СТУ;ОБРАБОТАНО Коммутатором;;;СТУ;ОБРАБОТАНО Коммутатором;СТУ;ОБРАБОТАНО Коммутатором;;;СТУ;ОБРАБОТАНО Коммутатором;;;СТУ;ОБРАБОТАНО Коммутатором;;;СТУ;ОБРАБОТАНО Коммутатором;;;СТУ;ОБРАБОТАНО Коммутатором;СТУ;ОБРАБОТАНО Коммутатором;СТУ;ОБРАБОТАНО Коммутатором;СТУ;ОБРАБОТАНО Коммутатором;СТУ;ОБРАБОТАНО Коммутатором;СТУ;Закрыто и не реализовано;;;;;;;;;;;;;;;;;;;СТУ;ОБРАБОТАНО Коммутатором;;;СТУ;ОБРАБОТАНО Коммутатором;;;СТУ;ОБРАБОТАНО Коммутатором;;;;;;;СТУ;ОБРАБОТАНО Коммутатором;;;СТУ;ОБРАБОТАНО Коммутатором;;;СТУ;ОБРАБОТАНО Коммутатором;;;СТУ;ОБРАБОТАНО Коммутатором;;;;
37743647;https://alladin116.amocrm.ru/leads/detail/37743647;Своя база;Закрыто и не реализовано;;СТУ;ОБРАБОТАНО Коммутатором;;;;;СТУ;ОБРАБОТАНО Коммутатором;;;СТУ;ОБРАБОТАНО Коммутатором;СТУ;Закрыто и не реализовано;;;;;;;;;;;;;;;;;;;;;;;;;;;;;;;;;;;;;;;;;;;;;СТУ;ОБРАБОТАНО Коммутатором;;;СТУ;ОБРАБОТАНО Коммутатором;;;СТУ;ОБРАБОТАНО Коммутатором;;;;;;;СТУ;ОБРАБОТАНО Коммутатором;;;СТУ;ОБРАБОТАНО Коммутатором;;;СТУ;ОБРАБОТАНО Коммутатором;;;СТУ;ОБРАБОТАНО Коммутатором;;;;
37743585;https://alladin116.amocrm.ru/leads/detail/37743585;Коол Центр;Закрыто и не реализовано;;;;;;;;;;;;;;;;;;;;;;;;;;;;;;;;;;;;;;;;;;;;;;;;;;;;;;;;;;;;Лиды обработка;Недозвон;;;Лиды обработка;Недозвон;;;Лиды обработка;Недозвон;;;;;;;Лиды обработка;Недозвон;;;Лиды обработка;Закрыто и не реализовано;;;;;;;;;;;;
37743577;https://alladin116.amocrm.ru/leads/detail/37743577;Коол Центр;Закрыто и не реализовано;;;;;;;;;;;;;;;;;;;;;;;;;;;;;;;;;;;;;;;;;;;;;;;;;;;;;;;;;;;;Другое;Закрыто и не реализовано;;;;;;;;;;;;;;;;;;;;;;;;;;;;;;;;
37743569;https://alladin116.amocrm.ru/leads/detail/37743569;Коол Центр;Закрыто и не реализовано;;;;;;;;;;;;;;;;;;;;;;;;;;;;;;;;;;;;;;;;;;;;;;;;;;;;;;;;;;;;Другое;Закрыто и не реализовано;;;;;;;;;;;;;;;;;;;;;;;;;;;;;;;;
37743559;https://alladin116.amocrm.ru/leads/detail/37743559;Коол Центр;Закрыто и не реализовано;;Другое;ОБРАБОТАНО КОММУТАТОРОМ;;;;;Другое;ОБРАБОТАНО КОММУТАТОРОМ;;;Другое;ОБРАБОТАНО КОММУТАТОРОМ;Другое;ОБРАБОТАНО КОММУТАТОРОМ;;;Другое;ОБРАБОТАНО КОММУТАТОРОМ;;;Другое;ДАННЫЕ ПРЕДОСТАВЛЕНЫ;;;Другое;Контрольный звонок КП получено;;;Другое;Контрольный звонок КП получено;Другое;Контрольный звонок КП получено;Другое;Контрольный звонок КП получено;Другое;Контрольный звонок КП получено;Другое;Контрольный звонок КП получено;Другое;Контрольный звонок КП получено;Другое;Контрольный звонок КП получено;Другое;Контрольный звонок КП получено;Другое;Контрольный звонок КП получено;Другое;Контрольный звонок КП получено;Другое;Контрольный звонок КП получено;Другое;Контрольный звонок КП получено;Другое;Контрольный звонок КП получено;Другое;Контрольный звонок КП получено;Другое;Контрольный звонок КП получено;Другое;ОБРАБОТАНО КОММУТАТОРОМ;Другое;Контрольный звонок КП получено;Другое;ОБРАБОТАНО КОММУТАТОРОМ;Другое;Контрольный звонок КП получено;Другое;ОБРАБОТАНО КОММУТАТОРОМ;Другое;Контрольный звонок КП получено;Другое;Контрольный звонок КП получено;Другое;Контрольный звонок КП получено;Другое;ОБРАБОТАНО КОММУТАТОРОМ;Другое;Контрольный звонок КП получено;Другое;ОБРАБОТАНО КОММУТАТОРОМ;Другое;Закрыто и не реализовано;Другое;ОБРАБОТАНО КОММУТАТОРОМ;;;Другое;ОБРАБОТАНО КОММУТАТОРОМ;;;;
37743537;https://alladin116.amocrm.ru/leads/detail/37743537;Коол Центр;;;Другое;Контрольный звонок данные;Другое;Контрольный звонок данные;Другое;Контрольный звонок данные;Другое;Контрольный звонок данные;Другое;Контрольный звонок данные;Другое;Контрольный звонок данные;Другое;Контрольный звонок данные;Другое;Контрольный звонок данные;Другое;Контрольный звонок данные;Другое;Контрольный звонок данные;Другое;Контрольный звонок данные;Другое;Контрольный звонок данные;Другое;Контрольный звонок данные;Другое;Контрольный звонок данные;Другое;Контрольный звонок данные;Другое;Контрольный звонок данные;Другое;Контрольный звонок данные;Другое;Контрольный звонок данные;Другое;Контрольный звонок данные;Другое;Контрольный звонок данные;Другое;Контрольный звонок данные;Другое;Контрольный звонок данные;Другое;Контрольный звонок данные;Другое;Контрольный звонок данные;Другое;Контрольный звонок данные;Другое;Контрольный звонок данные;Другое;Контрольный звонок данные;Другое;Контрольный звонок данные;Другое;Контрольный звонок данные;Другое;Контрольный звонок данные;Другое;Контрольный звонок данные;Другое;Контрольный звонок данные;Другое;Контрольный звонок данные;Другое;Контрольный звонок данные;Другое;Контрольный звонок данные;Другое;Контрольный звонок данные;Другое;Контрольный звонок данные;Другое;Контрольный звонок данные;Другое;Контрольный звонок данные;Другое;Контрольный звонок данные;Другое;Контрольный звонок данные;Другое;Контрольный звонок данные;Другое;Контрольный звонок данные;Другое;Контрольный звонок данные;Другое;Контрольный звонок данные;Другое;Контрольный звонок данные
37743509;https://alladin116.amocrm.ru/leads/detail/37743509;Коол Центр;Закрыто и не реализовано;;Другое;Контрольный звонок данные;;;;;Другое;Контрольный звонок данные;;;Другое;Контрольный звонок данные;Другое;Контрольный звонок данные;;;Другое;Контрольный звонок данные;;;Другое;Контрольный звонок данные;;;Другое;Контрольный звонок данные;;;Другое;Контрольный звонок данные;Другое;Контрольный звонок данные;Другое;Контрольный звонок данные;Другое;Контрольный звонок данные;Другое;Контрольный звонок данные;Другое;Контрольный звонок данные;Другое;Контрольный звонок данные;Другое;Контрольный звонок данные;Другое;Контрольный звонок данные;Другое;Контрольный звонок данные;Другое;Контрольный звонок данные;Другое;Контрольный звонок данные;Другое;Контрольный звонок данные;Другое;Контрольный звонок данные;Другое;Закрыто и не реализовано;Другое;Контрольный звонок данные;;;Другое;Контрольный звонок данные;;;Другое;Контрольный звонок данные;;;;;;;Другое;Контрольный звонок данные;;;Другое;Контрольный звонок данные;;;Другое;Контрольный звонок данные;;;Другое;Контрольный звонок данные;;;;
37743501;https://alladin116.amocrm.ru/leads/detail/37743501;Коол Центр;Закрыто и не реализовано;;;;;;;;;;;;;;;;;;;;;;;;;;;;;;;;;;;;;;;;;;;;;;;;;;;;;;;;;;;;Лиды обработка;Закрыто и не реализовано;;;Лиды обработка;Недозвон;;;Лиды обработка;Недозвон;;;;;;;;;;;;;;;;;;;;;;;;
37743497;https://alladin116.amocrm.ru/leads/detail/37743497;повторный заказ;Успешно реализовано;;Другое;ДАННЫЕ ПРЕДОСТАВЛЕНЫ;Другое;Успешно реализовано;Другое;Успешно реализовано;Другое;ДАННЫЕ ПРЕДОСТАВЛЕНЫ;Другое;Успешно реализовано;Другое;ДАННЫЕ ПРЕДОСТАВЛЕНЫ;Другое;Оплата 100%;Другое;Успешно реализовано;Другое;Оплата 100%;Другое;Успешно реализовано;Другое;Оплата 100%;Другое;Успешно реализовано;Другое;Оплата 100%;Другое;Успешно реализовано;Другое;Оплата 100%;Другое;Успешно реализовано;Другое;Оплата 100%;Другое;Оплата 100%;Другое;Оплата 100%;Другое;Оплата 100%;Другое;Оплата 100%;Другое;Оплата 100%;Другое;Оплата 100%;Другое;Оплата 100%;Другое;Оплата 100%;Другое;Оплата 100%;Другое;Оплата 100%;Другое;УПД отправлено;Другое;УПД отправлено;Другое;ДАННЫЕ ПРЕДОСТАВЛЕНЫ;Другое;УПД отправлено;Другое;ДАННЫЕ ПРЕДОСТАВЛЕНЫ;Другое;УПД отправлено;Другое;ДАННЫЕ ПРЕДОСТАВЛЕНЫ;Другое;УПД отправлено;Другое;УПД отправлено;Другое;УПД отправлено;Другое;ДАННЫЕ ПРЕДОСТАВЛЕНЫ;Другое;Успешно реализовано;Другое;ДАННЫЕ ПРЕДОСТАВЛЕНЫ;Другое;Успешно реализовано;Другое;ДАННЫЕ ПРЕДОСТАВЛЕНЫ;Другое;Успешно реализовано;Другое;ДАННЫЕ ПРЕДОСТАВЛЕНЫ;Другое;Успешно реализовано;Другое;Успешно реализовано
37743489;https://alladin116.amocrm.ru/leads/detail/37743489;Коол Центр;;;Расчет рисков;Контрольный звонок данные;Расчет рисков;Контрольный звонок КП получено;Расчет рисков;Контрольный звонок КП получено;Расчет рисков;Контрольный звонок данные;Расчет рисков;Контрольный звонок КП получено;Расчет рисков;Контрольный звонок данные;Расчет рисков;ДАННЫЕ ПРЕДОСТАВЛЕНЫ;Расчет рисков;Контрольный звонок КП получено;Расчет рисков;ДАННЫЕ ПРЕДОСТАВЛЕНЫ;Расчет рисков;Контрольный звонок КП получено;Расчет рисков;ДАННЫЕ ПРЕДОСТАВЛЕНЫ;Расчет рисков;Контрольный звонок КП получено;Расчет рисков;ДАННЫЕ ПРЕДОСТАВЛЕНЫ;Расчет рисков;Контрольный звонок КП получено;Расчет рисков;ДАННЫЕ ПРЕДОСТАВЛЕНЫ;Расчет рисков;Контрольный звонок КП получено;Расчет рисков;ДАННЫЕ ПРЕДОСТАВЛЕНЫ;Расчет рисков;ДАННЫЕ ПРЕДОСТАВЛЕНЫ;Расчет рисков;ДАННЫЕ ПРЕДОСТАВЛЕНЫ;Расчет рисков;ДАННЫЕ ПРЕДОСТАВЛЕНЫ;Расчет рисков;ДАННЫЕ ПРЕДОСТАВЛЕНЫ;Расчет рисков;Кп отправлено;Расчет рисков;КП получено;Расчет рисков;КП получено;Расчет рисков;КП получено;Расчет рисков;КП получено;Расчет рисков;Контрольный звонок КП получено;Расчет рисков;Контрольный звонок КП получено;Расчет рисков;Контрольный звонок КП получено;СТУ;ОБРАБОТАНО Коммутатором;Расчет рисков;Контрольный звонок КП получено;СТУ;ОБРАБОТАНО Коммутатором;Расчет рисков;Контрольный звонок КП получено;СТУ;ОБРАБОТАНО Коммутатором;Расчет рисков;Контрольный звонок КП получено;Расчет рисков;Контрольный звонок КП получено;Расчет рисков;Контрольный звонок КП получено;СТУ;ОБРАБОТАНО Коммутатором;Расчет рисков;Контрольный звонок КП получено;Расчет рисков;Запросили данные;Расчет рисков;Контрольный звонок КП получено;Расчет рисков;Запросили данные;Расчет рисков;Контрольный звонок КП получено;Расчет рисков;Контрольный звонок данные;Расчет рисков;Контрольный звонок КП получено;Расчет рисков;Контрольный звонок КП получено
37743463;https://alladin116.amocrm.ru/leads/detail/37743463;Коол Центр;Закрыто и не реализовано;;;;;;;;;;;;;;;;;;;;;;;;;;;;;;;;;;;;;;;;;;;;;;;;;;;;;;;;;;;;Другое;ОБРАБОТАНО КОММУТАТОРОМ;;;Другое;ОБРАБОТАНО КОММУТАТОРОМ;;;Другое;Закрыто и не реализовано;;;;;;;;;;;;;;;;;;;;;;;;
37743459;https://alladin116.amocrm.ru/leads/detail/37743459;Коол Центр;Закрыто и не реализовано;;;;;;;;;;;;;;;;;;;;;;;;;;;;;;;;;;;;;;;;;;;;;;;;;;;;;;;;;;;;Лиды обработка;Недозвон;;;Лиды обработка;Недозвон;;;Лиды обработка;Недозвон;;;;;;;Лиды обработка;Недозвон;;;АПС;Закрыто и не реализовано;;;;;;;;;;;;
37743439;https://alladin116.amocrm.ru/leads/detail/37743439;Коол Центр;;;СТУ;ОБРАБОТАНО Коммутатором;СТУ;ОБРАБОТАНО Коммутатором;СТУ;ОБРАБОТАНО Коммутатором;СТУ;ОБРАБОТАНО Коммутатором;СТУ;ОБРАБОТАНО Коммутатором;СТУ;ОБРАБОТАНО Коммутатором;СТУ;ОБРАБОТАНО Коммутатором;СТУ;ОБРАБОТАНО Коммутатором;СТУ;ОБРАБОТАНО Коммутатором;СТУ;ОБРАБОТАНО Коммутатором;СТУ;ОБРАБОТАНО Коммутатором;СТУ;ОБРАБОТАНО Коммутатором;СТУ;ОБРАБОТАНО Коммутатором;СТУ;ОБРАБОТАНО Коммутатором;СТУ;ОБРАБОТАНО Коммутатором;СТУ;ОБРАБОТАНО Коммутатором;СТУ;ОБРАБОТАНО Коммутатором;СТУ;ОБРАБОТАНО Коммутатором;СТУ;ОБРАБОТАНО Коммутатором;СТУ;ОБРАБОТАНО Коммутатором;СТУ;ОБРАБОТАНО Коммутатором;СТУ;ОБРАБОТАНО Коммутатором;СТУ;ОБРАБОТАНО Коммутатором;СТУ;ОБРАБОТАНО Коммутатором;СТУ;ОБРАБОТАНО Коммутатором;СТУ;ОБРАБОТАНО Коммутатором;СТУ;ОБРАБОТАНО Коммутатором;СТУ;ОБРАБОТАНО Коммутатором;СТУ;ОБРАБОТАНО Коммутатором;СТУ;ОБРАБОТАНО Коммутатором;СТУ;ОБРАБОТАНО Коммутатором;СТУ;ОБРАБОТАНО Коммутатором;СТУ;ОБРАБОТАНО Коммутатором;СТУ;ОБРАБОТАНО Коммутатором;СТУ;ОБРАБОТАНО Коммутатором;СТУ;ОБРАБОТАНО Коммутатором;СТУ;ОБРАБОТАНО Коммутатором;СТУ;ОБРАБОТАНО Коммутатором;СТУ;ОБРАБОТАНО Коммутатором;СТУ;ОБРАБОТАНО Коммутатором;СТУ;ОБРАБОТАНО Коммутатором;СТУ;ОБРАБОТАНО Коммутатором;СТУ;ОБРАБОТАНО Коммутатором;СТУ;ОБРАБОТАНО Коммутатором;СТУ;ОБРАБОТАНО Коммутатором;СТУ;ОБРАБОТАНО Коммутатором
37743425;https://alladin116.amocrm.ru/leads/detail/37743425;Коол Центр;Закрыто и не реализовано;;;;;;;;;;;;;;;;;;;;;;;;;;;;;;;;;;;;;;;;;;;;;;;;;;;;;;;;;;;;Другое;ДАННЫЕ ПРЕДОСТАВЛЕНЫ;;;Другое;ДАННЫЕ ПРЕДОСТАВЛЕНЫ;;;Другое;ДАННЫЕ ПРЕДОСТАВЛЕНЫ;;;;;;;Другое;ДАННЫЕ ПРЕДОСТАВЛЕНЫ;;;Другое;Закрыто и не реализовано;;;;;;;;;;;;
37743413;https://alladin116.amocrm.ru/leads/detail/37743413;Коол Центр;Закрыто и не реализовано;;;;;;;;;;;;;;;;;;;;;;;;;;;;;;;;;;;;;;;;;;;;;;;;;;;;;;;;;;;;Лиды обработка;Недозвон;;;Лиды обработка;Недозвон;;;Другое;Закрыто и не реализовано;;;;;;;;;;;;;;;;;;;;;;;;
37744125;https://alladin116.amocrm.ru/leads/detail/37744125;Коол Центр;Закрыто и не реализовано;;;;;;;;;;;;;;;;;;;;;;;;;;;;;;;;;;;;;;;;;;;;;;;;;;;;;;;;;;;;СТУ;Закрыто и не реализовано;;;СТУ;ОБРАБОТАНО Коммутатором;;;СТУ;ОБРАБОТАНО Коммутатором;;;;;;;;;;;;;;;;;;;;;;;;
37744121;https://alladin116.amocrm.ru/leads/detail/37744121;повторный заказ;Успешно реализовано;;Другое;Контрольный звонок Д\С получен;Другое;УПД отправлено;Другое;УПД отправлено;Другое;Контрольный звонок Д\С получен;Другое;УПД отправлено;Другое;Контрольный звонок Д\С получен;Другое;Контрольный звонок Д\С получен;Другое;Успешно реализовано;Другое;Контрольный звонок Д\С получен;Другое;Успешно реализовано;Другое;Контрольный звонок Д\С получен;Другое;Успешно реализовано;Другое;Контрольный звонок Д\С получен;Другое;Успешно реализовано;Другое;Контрольный звонок Д\С получен;Другое;Успешно реализовано;Другое;Контрольный звонок Д\С получен;Другое;Контрольный звонок Д\С получен;Другое;Контрольный звонок Д\С получен;Другое;Контрольный звонок Д\С получен;Другое;Оплата 100%;Другое;Оплата 100%;Другое;Оплата 100%;Другое;Оплата 100%;Другое;Оплата 100%;Другое;Оплата 100%;Другое;Оплата 100%;Другое;Оплата 100%;Другое;Оплата 100%;Другое;ДАННЫЕ ПРЕДОСТАВЛЕНЫ;Другое;Оплата 100%;Другое;ДАННЫЕ ПРЕДОСТАВЛЕНЫ;Другое;Оплата 100%;Другое;ДАННЫЕ ПРЕДОСТАВЛЕНЫ;Другое;Оплата 100%;Другое;Отдано в работу;Другое;подготовка документов к отгрузке;Другое;ДАННЫЕ ПРЕДОСТАВЛЕНЫ;Другое;УПД отправлено;Другое;ДАННЫЕ ПРЕДОСТАВЛЕНЫ;Другое;УПД отправлено;Другое;Договор/счет отправлен;Другое;УПД отправлено;Другое;Контрольный звонок Д\С получен;Другое;УПД отправлено;Другое;УПД отправлено
37744119;https://alladin116.amocrm.ru/leads/detail/37744119;Своя база;Закрыто и не реализовано;;СТУ;ОБРАБОТАНО Коммутатором;;;;;СТУ;ОБРАБОТАНО Коммутатором;;;СТУ;ОБРАБОТАНО Коммутатором;СТУ;ОБРАБОТАНО Коммутатором;;;СТУ;ОБРАБОТАНО Коммутатором;;;СТУ;ОБРАБОТАНО Коммутатором;;;СТУ;ОБРАБОТАНО Коммутатором;;;СТУ;ОБРАБОТАНО Коммутатором;СТУ;ОБРАБОТАНО Коммутатором;СТУ;ОБРАБОТАНО Коммутатором;СТУ;ОБРАБОТАНО Коммутатором;СТУ;ОБРАБОТАНО Коммутатором;СТУ;ОБРАБОТАНО Коммутатором;СТУ;ОБРАБОТАНО Коммутатором;СТУ;ОБРАБОТАНО Коммутатором;СТУ;ОБРАБОТАНО Коммутатором;СТУ;ОБРАБОТАНО Коммутатором;СТУ;ОБРАБОТАНО Коммутатором;СТУ;ОБРАБОТАНО Коммутатором;СТУ;ОБРАБОТАНО Коммутатором;СТУ;ОБРАБОТАНО Коммутатором;СТУ;ОБРАБОТАНО Коммутатором;СТУ;ОБРАБОТАНО Коммутатором;СТУ;ОБРАБОТАНО Коммутатором;СТУ;ОБРАБОТАНО Коммутатором;СТУ;ОБРАБОТАНО Коммутатором;СТУ;ОБРАБОТАНО Коммутатором;СТУ;ОБРАБОТАНО Коммутатором;СТУ;Закрыто и не реализовано;;;СТУ;ОБРАБОТАНО Коммутатором;;;СТУ;ОБРАБОТАНО Коммутатором;;;СТУ;ОБРАБОТАНО Коммутатором;;;СТУ;ОБРАБОТАНО Коммутатором;;;;
37744111;https://alladin116.amocrm.ru/leads/detail/37744111;Своя база;;;СТУ;ОБРАБОТАНО Коммутатором;СТУ;ОБРАБОТАНО Коммутатором;СТУ;ОБРАБОТАНО Коммутатором;СТУ;ОБРАБОТАНО Коммутатором;СТУ;ОБРАБОТАНО Коммутатором;СТУ;ОБРАБОТАНО Коммутатором;СТУ;ОБРАБОТАНО Коммутатором;СТУ;ОБРАБОТАНО Коммутатором;СТУ;ОБРАБОТАНО Коммутатором;СТУ;ОБРАБОТАНО Коммутатором;СТУ;ОБРАБОТАНО Коммутатором;СТУ;ОБРАБОТАНО Коммутатором;СТУ;ОБРАБОТАНО Коммутатором;СТУ;ОБРАБОТАНО Коммутатором;СТУ;ОБРАБОТАНО Коммутатором;СТУ;ОБРАБОТАНО Коммутатором;СТУ;ОБРАБОТАНО Коммутатором;СТУ;ОБРАБОТАНО Коммутатором;СТУ;ОБРАБОТАНО Коммутатором;СТУ;ОБРАБОТАНО Коммутатором;СТУ;ОБРАБОТАНО Коммутатором;СТУ;ОБРАБОТАНО Коммутатором;СТУ;ОБРАБОТАНО Коммутатором;СТУ;ОБРАБОТАНО Коммутатором;СТУ;ОБРАБОТАНО Коммутатором;СТУ;ОБРАБОТАНО Коммутатором;СТУ;ОБРАБОТАНО Коммутатором;СТУ;ОБРАБОТАНО Коммутатором;СТУ;ОБРАБОТАНО Коммутатором;СТУ;ОБРАБОТАНО Коммутатором;СТУ;ОБРАБОТАНО Коммутатором;СТУ;ОБРАБОТАНО Коммутатором;СТУ;ОБРАБОТАНО Коммутатором;СТУ;ОБРАБОТАНО Коммутатором;СТУ;ОБРАБОТАНО Коммутатором;СТУ;ОБРАБОТАНО Коммутатором;СТУ;ОБРАБОТАНО Коммутатором;СТУ;ОБРАБОТАНО Коммутатором;СТУ;ОБРАБОТАНО Коммутатором;СТУ;ОБРАБОТАНО Коммутатором;СТУ;ОБРАБОТАНО Коммутатором;СТУ;ОБРАБОТАНО Коммутатором;СТУ;ОБРАБОТАНО Коммутатором;СТУ;ОБРАБОТАНО Коммутатором;СТУ;ОБРАБОТАНО Коммутатором;СТУ;ОБРАБОТАНО Коммутатором
37744109;https://alladin116.amocrm.ru/leads/detail/37744109;Коол Центр;Закрыто и не реализовано;;АПС;Контрольный звонок данные;;;;;АПС;Контрольный звонок данные;;;АПС;Закрыто и не реализовано;;;;;;;;;;;;;;;;;;;;;;;;;;;;;;;;;;;;;;;;;;;;;;;АПС;Контрольный звонок данные;;;АПС;Контрольный звонок данные;;;АПС;Контрольный звонок данные;;;;;;;АПС;Контрольный звонок данные;;;АПС;Контрольный звонок данные;;;АПС;Контрольный звонок данные;;;АПС;Контрольный звонок данные;;;;
37744105;https://alladin116.amocrm.ru/leads/detail/37744105;Своя база;Закрыто и не реализовано;;СТУ;ОБРАБОТАНО Коммутатором;;;;;СТУ;ОБРАБОТАНО Коммутатором;;;СТУ;ОБРАБОТАНО Коммутатором;СТУ;Закрыто и не реализовано;;;;;;;;;;;;;;;;;;;;;;;;;;;;;;;;;;;;;;;;;;;;;СТУ;ОБРАБОТАНО Коммутатором;;;СТУ;ОБРАБОТАНО Коммутатором;;;СТУ;ОБРАБОТАНО Коммутатором;;;;;;;СТУ;ОБРАБОТАНО Коммутатором;;;СТУ;ОБРАБОТАНО Коммутатором;;;СТУ;ОБРАБОТАНО Коммутатором;;;СТУ;ОБРАБОТАНО Коммутатором;;;;
37744085;https://alladin116.amocrm.ru/leads/detail/37744085;повторный заказ;;;Расчет рисков;Оплата 100%;Расчет рисков;подготовка документов к отгрузке;Расчет рисков;подготовка документов к отгрузке;Расчет рисков;Отдано в разработку;Расчет рисков;подготовка документов к отгрузке;Расчет рисков;Отдано в разработку;Расчет рисков;Отдано в разработку;Расчет рисков;подготовка документов к отгрузке;Расчет рисков;Отдано в разработку;Расчет рисков;подготовка документов к отгрузке;Расчет рисков;Отдано в разработку;Расчет рисков;подготовка документов к отгрузке;Расчет рисков;Отдано в разработку;Расчет рисков;подготовка документов к отгрузке;Расчет рисков;Отдано в разработку;Расчет рисков;подготовка документов к отгрузке;Расчет рисков;Отдано в разработку;Расчет рисков;Отдано в разработку;Расчет рисков;Отдано в разработку;Расчет рисков;Отдано в разработку;Расчет рисков;Отдано в разработку;Расчет рисков;Отдано в разработку;Расчет рисков;Отдано в разработку;Расчет рисков;Отдано в разработку;Расчет рисков;Отдано в разработку;Расчет рисков;Отдано в разработку;Расчет рисков;Отдано в разработку;Расчет рисков;Отдано в разработку;Расчет рисков;Отдано в разработку;Расчет рисков;Контрольный звонок КП договоренности;Расчет рисков;Отдано в разработку;Расчет рисков;Контрольный звонок КП договоренности;Расчет рисков;Отдано в разработку;Расчет рисков;Контрольный звонок КП договоренности;Расчет рисков;Отдано в разработку;Расчет рисков;Отдано в разработку;Расчет рисков;Отдано в разработку;Расчет рисков;Контрольный звонок КП договоренности;Расчет рисков;Отдано в разработку;Расчет рисков;Оплата 100%;Расчет рисков;подготовка документов к отгрузке;Расчет рисков;Оплата 100%;Расчет рисков;подготовка документов к отгрузке;Расчет рисков;Оплата 100%;Расчет рисков;подготовка документов к отгрузке;Расчет рисков;подготовка документов к отгрузке
37744049;https://alladin116.amocrm.ru/leads/detail/37744049;Коол Центр;Закрыто и не реализовано;;;;;;;;;;;;;;;;;;;;;;;;;;;;;;;;;;;;;;;;;;;;;;;;;;;;;;;;;;;;;;;;Другое;Закрыто и не реализовано;;;;;;;;;;;;;;;;;;;;;;;;;;;;
37744047;https://alladin116.amocrm.ru/leads/detail/37744047;Коол Центр;Закрыто и не реализовано;;Другое;ОБРАБОТАНО КОММУТАТОРОМ;;;;;Другое;ОБРАБОТАНО КОММУТАТОРОМ;;;Другое;ОБРАБОТАНО КОММУТАТОРОМ;Другое;ОБРАБОТАНО КОММУТАТОРОМ;;;Другое;ОБРАБОТАНО КОММУТАТОРОМ;;;Другое;ОБРАБОТАНО КОММУТАТОРОМ;;;Другое;ОБРАБОТАНО КОММУТАТОРОМ;;;Другое;ОБРАБОТАНО КОММУТАТОРОМ;Другое;ОБРАБОТАНО КОММУТАТОРОМ;Другое;ОБРАБОТАНО КОММУТАТОРОМ;Другое;ОБРАБОТАНО КОММУТАТОРОМ;Другое;ОБРАБОТАНО КОММУТАТОРОМ;Другое;ОБРАБОТАНО КОММУТАТОРОМ;Другое;Закрыто и не реализовано;;;;;;;;;;;;;;;;;Другое;ОБРАБОТАНО КОММУТАТОРОМ;;;Другое;ОБРАБОТАНО КОММУТАТОРОМ;;;Другое;ОБРАБОТАНО КОММУТАТОРОМ;;;;;;;Другое;ОБРАБОТАНО КОММУТАТОРОМ;;;Другое;ОБРАБОТАНО КОММУТАТОРОМ;;;Другое;ОБРАБОТАНО КОММУТАТОРОМ;;;Другое;ОБРАБОТАНО КОММУТАТОРОМ;;;;
37744023;https://alladin116.amocrm.ru/leads/detail/37744023;повторный заказ;;;Планы эвакуации;Контрольный звонок данные;Планы эвакуации;согласование макета;Планы эвакуации;согласование макета;Планы эвакуации;Контрольный звонок Д\С получен;Планы эвакуации;согласование макета;Планы эвакуации;Контрольный звонок Д\С получен;Планы эвакуации;Контрольный звонок Д\С получен;Планы эвакуации;согласование макета;Планы эвакуации;Контрольный звонок Д\С получен;Планы эвакуации;Сдано в производство;Планы эвакуации;Контрольный звонок Д\С получен;Планы эвакуации;Сдано в производство;Планы эвакуации;Контрольный звонок Д\С получен;Планы эвакуации;Сдано в производство;Планы эвакуации;Контрольный звонок Д\С получен;Планы эвакуации;Сдано в производство;Планы эвакуации;Контрольный звонок Д\С получен;Планы эвакуации;Контрольный звонок Д\С получен;Планы эвакуации;Контрольный звонок Д\С получен;Планы эвакуации;Контрольный звонок Д\С получен;Планы эвакуации;Контрольный звонок Д\С получен;Планы эвакуации;Контрольный звонок Д\С получен;Планы эвакуации;Контрольный звонок Д\С получен;Планы эвакуации;Контрольный звонок Д\С получен;Планы эвакуации;Контрольный звонок Д\С получен;Планы эвакуации;Контрольный звонок Д\С получен;Планы эвакуации;Контрольный звонок Д\С получен;Планы эвакуации;Контрольный звонок Д\С получен;Планы эвакуации;Контрольный звонок Д\С получен;Планы эвакуации;Контрольный звонок данные;Планы эвакуации;Контрольный звонок Д\С получен;Планы эвакуации;Контрольный звонок данные;Планы эвакуации;Контрольный звонок Д\С получен;Планы эвакуации;Контрольный звонок данные;Планы эвакуации;Контрольный звонок Д\С получен;Планы эвакуации;Контрольный звонок Д\С получен;Планы эвакуации;Контрольный звонок Д\С получен;Планы эвакуации;Контрольный звонок данные;Планы эвакуации;Контрольный звонок Д\С получен;Планы эвакуации;Контрольный звонок данные;Планы эвакуации;Отдано в разработку;Планы эвакуации;Контрольный звонок данные;Планы эвакуации;согласование макета;Планы эвакуации;Контрольный звонок данные;Планы эвакуации;согласование макета;Планы эвакуации;согласование макета
37744019;https://alladin116.amocrm.ru/leads/detail/37744019;Коол Центр;Закрыто и не реализовано;;Другое;Контрольный звонок данные;;;;;Другое;Контрольный звонок данные;;;Другое;Контрольный звонок данные;Другое;Контрольный звонок данные;;;Другое;Контрольный звонок данные;;;Другое;Контрольный звонок данные;;;Другое;Контрольный звонок данные;;;Другое;Контрольный звонок данные;Другое;Контрольный звонок данные;Другое;Контрольный звонок данные;Другое;Контрольный звонок данные;Другое;Контрольный звонок данные;Другое;Контрольный звонок данные;Другое;Контрольный звонок данные;Другое;Контрольный звонок данные;Другое;Контрольный звонок данные;Другое;Контрольный звонок данные;Другое;Контрольный звонок данные;Другое;Контрольный звонок данные;Другое;Контрольный звонок данные;Другое;Закрыто и не реализовано;;;Другое;Контрольный звонок данные;;;Другое;Контрольный звонок данные;;;Другое;Контрольный звонок данные;;;;;;;Другое;Контрольный звонок данные;;;Другое;Контрольный звонок данные;;;Другое;Контрольный звонок данные;;;Другое;Контрольный звонок данные;;;;
37744009;https://alladin116.amocrm.ru/leads/detail/37744009;повторный заказ;;;Планы эвакуации;Отдано в разработку;Планы эвакуации;подготовка документов к отгрузке;Планы эвакуации;подготовка документов к отгрузке;Планы эвакуации;Отдано в разработку;Планы эвакуации;подготовка документов к отгрузке;Планы эвакуации;согласование макета;Планы эвакуации;согласование макета;Планы эвакуации;подготовка документов к отгрузке;Планы эвакуации;согласование макета;Планы эвакуации;подготовка документов к отгрузке;Планы эвакуации;согласование макета;Планы эвакуации;подготовка документов к отгрузке;Планы эвакуации;согласование макета;Планы эвакуации;подготовка документов к отгрузке;Планы эвакуации;согласование макета;Планы эвакуации;подготовка документов к отгрузке;Планы эвакуации;согласование макета;Планы эвакуации;Сдано в производство;Планы эвакуации;Сдано в производство;Планы эвакуации;Сдано в производство;Планы эвакуации;Сдано в производство;Планы эвакуации;Сдано в производство;Планы эвакуации;Сдано в производство;Планы эвакуации;Сдано в производство;Планы эвакуации;Сдано в производство;Планы эвакуации;Сдано в производство;Планы эвакуации;Сдано в производство;Планы эвакуации;Сдано в производство;Планы эвакуации;Сдано в производство;Планы эвакуации;Отдано в разработку;Планы эвакуации;Сдано в производство;Планы эвакуации;Отдано в разработку;Планы эвакуации;Сдано в производство;Планы эвакуации;Отдано в разработку;Планы эвакуации;Сдано в производство;Планы эвакуации;Сдано в производство;Планы эвакуации;Сдано в производство;Планы эвакуации;Отдано в разработку;Планы эвакуации;подготовка документов к отгрузке;Планы эвакуации;Отдано в разработку;Планы эвакуации;подготовка документов к отгрузке;Планы эвакуации;Отдано в разработку;Планы эвакуации;подготовка документов к отгрузке;Планы эвакуации;Отдано в разработку;Планы эвакуации;подготовка документов к отгрузке;Планы эвакуации;подготовка документов к отгрузке
37744005;https://alladin116.amocrm.ru/leads/detail/37744005;Коол Центр;Закрыто и не реализовано;;;;;;;;;;;;;;;;;;;;;;;;;;;;;;;;;;;;;;;;;;;;;;;;;;;;;;;;;;;;Другое;ОБРАБОТАНО КОММУТАТОРОМ;;;Другое;ОБРАБОТАНО КОММУТАТОРОМ;;;Другое;ОБРАБОТАНО КОММУТАТОРОМ;;;;;;;Другое;ОБРАБОТАНО КОММУТАТОРОМ;;;Другое;ОБРАБОТАНО КОММУТАТОРОМ;;;Лиды обработка;Закрыто и не реализовано;;;;;;;;
37743983;https://alladin116.amocrm.ru/leads/detail/37743983;повторный заказ;Закрыто и не реализовано;;;;;;;;;;;;;;;;;;;;;;;;;;;;;;;;;;;;;;;;;;;;;;;;;;;;;;;;;;;;;;;;Лиды обработка;Закрыто и не реализовано;;;;;;;;;;;;;;;;;;;;;;;;;;;;
37743971;https://alladin116.amocrm.ru/leads/detail/37743971;Коол Центр;Закрыто и не реализовано;;Документы ПБ;ДАННЫЕ ПРЕДОСТАВЛЕНЫ;;;;;Документы ПБ;ДАННЫЕ ПРЕДОСТАВЛЕНЫ;;;Документы ПБ;ДАННЫЕ ПРЕДОСТАВЛЕНЫ;Документы ПБ;ДАННЫЕ ПРЕДОСТАВЛЕНЫ;;;Документы ПБ;ДАННЫЕ ПРЕДОСТАВЛЕНЫ;;;Документы ПБ;ДАННЫЕ ПРЕДОСТАВЛЕНЫ;;;Документы ПБ;ДАННЫЕ ПРЕДОСТАВЛЕНЫ;;;Документы ПБ;ДАННЫЕ ПРЕДОСТАВЛЕНЫ;Документы ПБ;ДАННЫЕ ПРЕДОСТАВЛЕНЫ;Документы ПБ;ДАННЫЕ ПРЕДОСТАВЛЕНЫ;Документы ПБ;ДАННЫЕ ПРЕДОСТАВЛЕНЫ;Документы ПБ;ДАННЫЕ ПРЕДОСТАВЛЕНЫ;Документы ПБ;ДАННЫЕ ПРЕДОСТАВЛЕНЫ;Документы ПБ;ДАННЫЕ ПРЕДОСТАВЛЕНЫ;Документы ПБ;ДАННЫЕ ПРЕДОСТАВЛЕНЫ;Документы ПБ;ДАННЫЕ ПРЕДОСТАВЛЕНЫ;Документы ПБ;ДАННЫЕ ПРЕДОСТАВЛЕНЫ;Документы ПБ;ДАННЫЕ ПРЕДОСТАВЛЕНЫ;Документы ПБ;ДАННЫЕ ПРЕДОСТАВЛЕНЫ;Документы ПБ;ДАННЫЕ ПРЕДОСТАВЛЕНЫ;Документы ПБ;ДАННЫЕ ПРЕДОСТАВЛЕНЫ;Документы ПБ;ДАННЫЕ ПРЕДОСТАВЛЕНЫ;Документы ПБ;ДАННЫЕ ПРЕДОСТАВЛЕНЫ;Документы ПБ;ДАННЫЕ ПРЕДОСТАВЛЕНЫ;Документы ПБ;ДАННЫЕ ПРЕДОСТАВЛЕНЫ;Документы ПБ;ДАННЫЕ ПРЕДОСТАВЛЕНЫ;Документы ПБ;ДАННЫЕ ПРЕДОСТАВЛЕНЫ;Документы ПБ;ДАННЫЕ ПРЕДОСТАВЛЕНЫ;Документы ПБ;ДАННЫЕ ПРЕДОСТАВЛЕНЫ;Документы ПБ;Закрыто и не реализовано;Документы ПБ;ДАННЫЕ ПРЕДОСТАВЛЕНЫ;;;Документы ПБ;ДАННЫЕ ПРЕДОСТАВЛЕНЫ;;;Документы ПБ;ДАННЫЕ ПРЕДОСТАВЛЕНЫ;;;Документы ПБ;ДАННЫЕ ПРЕДОСТАВЛЕНЫ;;;;
37743967;https://alladin116.amocrm.ru/leads/detail/37743967;Коол Центр;Закрыто и не реализовано;;;;;;;;;;;;;;;;;;;;;;;;;;;;;;;;;;;;;;;;;;;;;;;;;;;;;;;;;;;;Другое;Контрольный звонок КП получено;;;Другое;Контрольный звонок КП получено;;;Другое;Контрольный звонок КП получено;;;;;;;Другое;Контрольный звонок КП получено;;;Другое;Контрольный звонок КП получено;;;Другое;Закрыто и не реализовано;;;;;;;;
37743935;https://alladin116.amocrm.ru/leads/detail/37743935;Коол Центр;Закрыто и не реализовано;;Другое;Контрольный звонок КП получено;;;;;Другое;Контрольный звонок КП получено;;;Другое;Контрольный звонок КП получено;Другое;Закрыто и не реализовано;;;;;;;;;;;;;;;;;;;;;;;;;;;;;;;;;;;;;;;;;;;;;Другое;Контрольный звонок данные;;;Другое;Контрольный звонок данные;;;Другое;Контрольный звонок данные;;;;;;;Другое;Контрольный звонок данные;;;Другое;Контрольный звонок данные;;;Другое;Кп отправлено;;;Другое;Контрольный звонок КП получено;;;;
37743929;https://alladin116.amocrm.ru/leads/detail/37743929;почта;Закрыто и не реализовано;;Другое;ДАННЫЕ ПРЕДОСТАВЛЕНЫ;;;;;Другое;ДАННЫЕ ПРЕДОСТАВЛЕНЫ;;;Другое;ДАННЫЕ ПРЕДОСТАВЛЕНЫ;Другое;ДАННЫЕ ПРЕДОСТАВЛЕНЫ;;;Другое;ДАННЫЕ ПРЕДОСТАВЛЕНЫ;;;Другое;ДАННЫЕ ПРЕДОСТАВЛЕНЫ;;;Другое;ДАННЫЕ ПРЕДОСТАВЛЕНЫ;;;Другое;ДАННЫЕ ПРЕДОСТАВЛЕНЫ;Другое;ДАННЫЕ ПРЕДОСТАВЛЕНЫ;Другое;ДАННЫЕ ПРЕДОСТАВЛЕНЫ;Другое;ДАННЫЕ ПРЕДОСТАВЛЕНЫ;Другое;ДАННЫЕ ПРЕДОСТАВЛЕНЫ;Другое;ДАННЫЕ ПРЕДОСТАВЛЕНЫ;Другое;ДАННЫЕ ПРЕДОСТАВЛЕНЫ;Другое;Закрыто и не реализовано;;;;;;;;;;;;;;;Другое;ДАННЫЕ ПРЕДОСТАВЛЕНЫ;;;Другое;ДАННЫЕ ПРЕДОСТАВЛЕНЫ;;;Другое;ДАННЫЕ ПРЕДОСТАВЛЕНЫ;;;;;;;Другое;ДАННЫЕ ПРЕДОСТАВЛЕНЫ;;;Другое;ДАННЫЕ ПРЕДОСТАВЛЕНЫ;;;Другое;ДАННЫЕ ПРЕДОСТАВЛЕНЫ;;;Другое;ДАННЫЕ ПРЕДОСТАВЛЕНЫ;;;;
37743923;https://alladin116.amocrm.ru/leads/detail/37743923;Коол Центр;Закрыто и не реализовано;;;;;;;;;;;;;;;;;;;;;;;;;;;;;;;;;;;;;;;;;;;;;;;;;;;;;;;;;;;;;;;;Другое;Закрыто и не реализовано;;;;;;;;;;;;;;;;;;;;;;;;;;;;
37743893;https://alladin116.amocrm.ru/leads/detail/37743893;почта;Закрыто и не реализовано;;;;;;;;;;;;;;;;;;;;;;;;;;;;;;;;;;;;;;;;;;;;;;;;;;;;;;;;;;;;Расчет рисков;ДАННЫЕ ПРЕДОСТАВЛЕНЫ;;;Расчет рисков;ДАННЫЕ ПРЕДОСТАВЛЕНЫ;;;Расчет рисков;ДАННЫЕ ПРЕДОСТАВЛЕНЫ;;;;;;;Расчет рисков;Контрольный звонок КП;;;Расчет рисков;Контрольный звонок КП договоренности;;;Расчет рисков;Контрольный звонок КП договоренности;;;Расчет рисков;Закрыто и не реализовано;;;;
37743845;https://alladin116.amocrm.ru/leads/detail/37743845;Коол Центр;Закрыто и не реализовано;;АПС;Контрольный звонок КП;;;;;АПС;Контрольный звонок КП;;;АПС;Контрольный звонок КП;АПС;Контрольный звонок КП;;;АПС;Контрольный звонок КП;;;АПС;Контрольный звонок КП;;;АПС;Контрольный звонок КП;;;АПС;Контрольный звонок КП;АПС;Контрольный звонок КП;АПС;Контрольный звонок КП;АПС;Контрольный звонок КП;АПС;Контрольный звонок КП;АПС;Контрольный звонок КП;АПС;Контрольный звонок КП;АПС;Закрыто и не реализовано;;;;;;;;;;;;;;;АПС;ДАННЫЕ ПРЕДОСТАВЛЕНЫ;;;АПС;ДАННЫЕ ПРЕДОСТАВЛЕНЫ;;;АПС;ДАННЫЕ ПРЕДОСТАВЛЕНЫ;;;;;;;АПС;ДАННЫЕ ПРЕДОСТАВЛЕНЫ;;;АПС;ДАННЫЕ ПРЕДОСТАВЛЕНЫ;;;АПС;Контрольный звонок КП;;;АПС;Контрольный звонок КП;;;;
37744553;https://alladin116.amocrm.ru/leads/detail/37744553;Коол Центр;Закрыто и не реализовано;;;;;;;;;;;;;;;;;;;;;;;;;;;;;;;;;;;;;;;;;;;;;;;;;;;;;;;;;;;;Лиды обработка;Скорозвон;;;Лиды обработка;Скорозвон;;;Лиды обработка;Скорозвон;;;;;;;Лиды обработка;Скорозвон;;;Лиды обработка;Скорозвон;;;Лиды обработка;Закрыто и не реализовано;;;;;;;;
37744549;https://alladin116.amocrm.ru/leads/detail/37744549;Коол Центр;;;Другое;ОБРАБОТАНО КОММУТАТОРОМ;Другое;ОБРАБОТАНО КОММУТАТОРОМ;Другое;ОБРАБОТАНО КОММУТАТОРОМ;Другое;ОБРАБОТАНО КОММУТАТОРОМ;Другое;ОБРАБОТАНО КОММУТАТОРОМ;Другое;ОБРАБОТАНО КОММУТАТОРОМ;Другое;ОБРАБОТАНО КОММУТАТОРОМ;Другое;ОБРАБОТАНО КОММУТАТОРОМ;Другое;ОБРАБОТАНО КОММУТАТОРОМ;Другое;ОБРАБОТАНО КОММУТАТОРОМ;Другое;ОБРАБОТАНО КОММУТАТОРОМ;Другое;ОБРАБОТАНО КОММУТАТОРОМ;Другое;ОБРАБОТАНО КОММУТАТОРОМ;Другое;ОБРАБОТАНО КОММУТАТОРОМ;Другое;ОБРАБОТАНО КОММУТАТОРОМ;Другое;ОБРАБОТАНО КОММУТАТОРОМ;Другое;ОБРАБОТАНО КОММУТАТОРОМ;Другое;ОБРАБОТАНО КОММУТАТОРОМ;Другое;ОБРАБОТАНО КОММУТАТОРОМ;Другое;ОБРАБОТАНО КОММУТАТОРОМ;Другое;ОБРАБОТАНО КОММУТАТОРОМ;Другое;ОБРАБОТАНО КОММУТАТОРОМ;Другое;ОБРАБОТАНО КОММУТАТОРОМ;Другое;ОБРАБОТАНО КОММУТАТОРОМ;Другое;ОБРАБОТАНО КОММУТАТОРОМ;Другое;ОБРАБОТАНО КОММУТАТОРОМ;Другое;ОБРАБОТАНО КОММУТАТОРОМ;Другое;ОБРАБОТАНО КОММУТАТОРОМ;Другое;ОБРАБОТАНО КОММУТАТОРОМ;Другое;ОБРАБОТАНО КОММУТАТОРОМ;Другое;ОБРАБОТАНО КОММУТАТОРОМ;Другое;ОБРАБОТАНО КОММУТАТОРОМ;Другое;ОБРАБОТАНО КОММУТАТОРОМ;Другое;ОБРАБОТАНО КОММУТАТОРОМ;Другое;ОБРАБОТАНО КОММУТАТОРОМ;Другое;ОБРАБОТАНО КОММУТАТОРОМ;Другое;ОБРАБОТАНО КОММУТАТОРОМ;Другое;ОБРАБОТАНО КОММУТАТОРОМ;Другое;ОБРАБОТАНО КОММУТАТОРОМ;Другое;ОБРАБОТАНО КОММУТАТОРОМ;Другое;ОБРАБОТАНО КОММУТАТОРОМ;Другое;ОБРАБОТАНО КОММУТАТОРОМ;Другое;ОБРАБОТАНО КОММУТАТОРОМ;Другое;ОБРАБОТАНО КОММУТАТОРОМ;Другое;ОБРАБОТАНО КОММУТАТОРОМ;Другое;ОБРАБОТАНО КОММУТАТОРОМ
37744527;https://alladin116.amocrm.ru/leads/detail/37744527;Коол Центр;;;Другое;ОБРАБОТАНО КОММУТАТОРОМ;Другое;ОБРАБОТАНО КОММУТАТОРОМ;Другое;ОБРАБОТАНО КОММУТАТОРОМ;Другое;ОБРАБОТАНО КОММУТАТОРОМ;Другое;ОБРАБОТАНО КОММУТАТОРОМ;Другое;ОБРАБОТАНО КОММУТАТОРОМ;Другое;ОБРАБОТАНО КОММУТАТОРОМ;Другое;ОБРАБОТАНО КОММУТАТОРОМ;Другое;ОБРАБОТАНО КОММУТАТОРОМ;Другое;ОБРАБОТАНО КОММУТАТОРОМ;Другое;ОБРАБОТАНО КОММУТАТОРОМ;Другое;ОБРАБОТАНО КОММУТАТОРОМ;Другое;ОБРАБОТАНО КОММУТАТОРОМ;Другое;ОБРАБОТАНО КОММУТАТОРОМ;Другое;ОБРАБОТАНО КОММУТАТОРОМ;Другое;ОБРАБОТАНО КОММУТАТОРОМ;Другое;ОБРАБОТАНО КОММУТАТОРОМ;Другое;ОБРАБОТАНО КОММУТАТОРОМ;Другое;ОБРАБОТАНО КОММУТАТОРОМ;Другое;ОБРАБОТАНО КОММУТАТОРОМ;Другое;ОБРАБОТАНО КОММУТАТОРОМ;Другое;ОБРАБОТАНО КОММУТАТОРОМ;Другое;ОБРАБОТАНО КОММУТАТОРОМ;Другое;ОБРАБОТАНО КОММУТАТОРОМ;Другое;ОБРАБОТАНО КОММУТАТОРОМ;Другое;ОБРАБОТАНО КОММУТАТОРОМ;Другое;ОБРАБОТАНО КОММУТАТОРОМ;Другое;ОБРАБОТАНО КОММУТАТОРОМ;Другое;ОБРАБОТАНО КОММУТАТОРОМ;Другое;ОБРАБОТАНО КОММУТАТОРОМ;Другое;ОБРАБОТАНО КОММУТАТОРОМ;Другое;ОБРАБОТАНО КОММУТАТОРОМ;Другое;ОБРАБОТАНО КОММУТАТОРОМ;Другое;ОБРАБОТАНО КОММУТАТОРОМ;Другое;ОБРАБОТАНО КОММУТАТОРОМ;Другое;ОБРАБОТАНО КОММУТАТОРОМ;Другое;ОБРАБОТАНО КОММУТАТОРОМ;Другое;ОБРАБОТАНО КОММУТАТОРОМ;Другое;ОБРАБОТАНО КОММУТАТОРОМ;Другое;ОБРАБОТАНО КОММУТАТОРОМ;Другое;ОБРАБОТАНО КОММУТАТОРОМ;Другое;ОБРАБОТАНО КОММУТАТОРОМ;Другое;ОБРАБОТАНО КОММУТАТОРОМ;Другое;ОБРАБОТАНО КОММУТАТОРОМ;Другое;ОБРАБОТАНО КОММУТАТОРОМ;Другое;ОБРАБОТАНО КОММУТАТОРОМ
37744515;https://alladin116.amocrm.ru/leads/detail/37744515;Коол Центр;Закрыто и не реализовано;;;;;;;;;;;;;;;;;;;;;;;;;;;;;;;;;;;;;;;;;;;;;;;;;;;;;;;;;;;;;;;;;;;;Другое;Закрыто и не реализовано;;;;;;;;;;;;;;;;;;;;;;;;
37744509;https://alladin116.amocrm.ru/leads/detail/37744509;Коол Центр;;;Другое;ОБРАБОТАНО КОММУТАТОРОМ;СТУ;ОБРАБОТАНО Коммутатором;СТУ;ОБРАБОТАНО Коммутатором;Другое;ОБРАБОТАНО КОММУТАТОРОМ;СТУ;ОБРАБОТАНО Коммутатором;Другое;ОБРАБОТАНО КОММУТАТОРОМ;СТУ;ОБРАБОТАНО Коммутатором;СТУ;ОБРАБОТАНО Коммутатором;СТУ;ОБРАБОТАНО Коммутатором;СТУ;ОБРАБОТАНО Коммутатором;СТУ;ОБРАБОТАНО Коммутатором;СТУ;ОБРАБОТАНО Коммутатором;СТУ;ОБРАБОТАНО Коммутатором;СТУ;ОБРАБОТАНО Коммутатором;СТУ;ОБРАБОТАНО Коммутатором;СТУ;ОБРАБОТАНО Коммутатором;СТУ;ОБРАБОТАНО Коммутатором;СТУ;ОБРАБОТАНО Коммутатором;СТУ;ОБРАБОТАНО Коммутатором;СТУ;ОБРАБОТАНО Коммутатором;СТУ;ОБРАБОТАНО Коммутатором;СТУ;ОБРАБОТАНО Коммутатором;СТУ;ОБРАБОТАНО Коммутатором;СТУ;ОБРАБОТАНО Коммутатором;СТУ;ОБРАБОТАНО Коммутатором;СТУ;ОБРАБОТАНО Коммутатором;СТУ;ОБРАБОТАНО Коммутатором;СТУ;ОБРАБОТАНО Коммутатором;СТУ;ОБРАБОТАНО Коммутатором;Другое;ОБРАБОТАНО КОММУТАТОРОМ;СТУ;ОБРАБОТАНО Коммутатором;Другое;ОБРАБОТАНО КОММУТАТОРОМ;СТУ;ОБРАБОТАНО Коммутатором;Другое;ОБРАБОТАНО КОММУТАТОРОМ;СТУ;ОБРАБОТАНО Коммутатором;СТУ;ОБРАБОТАНО Коммутатором;СТУ;ОБРАБОТАНО Коммутатором;Другое;ОБРАБОТАНО КОММУТАТОРОМ;СТУ;ОБРАБОТАНО Коммутатором;Другое;ОБРАБОТАНО КОММУТАТОРОМ;СТУ;ОБРАБОТАНО Коммутатором;Другое;ОБРАБОТАНО КОММУТАТОРОМ;СТУ;ОБРАБОТАНО Коммутатором;Другое;ОБРАБОТАНО КОММУТАТОРОМ;СТУ;ОБРАБОТАНО Коммутатором;СТУ;ОБРАБОТАНО Коммутатором
37744487;https://alladin116.amocrm.ru/leads/detail/37744487;Коол Центр;Закрыто и не реализовано;;;;;;;;;;;;;;;;;;;;;;;;;;;;;;;;;;;;;;;;;;;;;;;;;;;;;;;;;;;;;;;;;;;;Другое;Закрыто и не реализовано;;;;;;;;;;;;;;;;;;;;;;;;
37744459;https://alladin116.amocrm.ru/leads/detail/37744459;повторный заказ;Закрыто и не реализовано;;;;;;;;;;;;;;;;;;;;;;;;;;;;;;;;;;;;;;;;;;;;;;;;;;;;;;;;;;;;;;;;;;;;Лиды обработка;Закрыто и не реализовано;;;;;;;;;;;;;;;;;;;;;;;;
37744457;https://alladin116.amocrm.ru/leads/detail/37744457;Коол Центр;Закрыто и не реализовано;;;;;;;;;;;;;;;;;;;;;;;;;;;;;;;;;;;;;;;;;;;;;;;;;;;;;;;;;;;;Другое;ОБРАБОТАНО КОММУТАТОРОМ;;;Другое;ОБРАБОТАНО КОММУТАТОРОМ;;;Другое;ОБРАБОТАНО КОММУТАТОРОМ;;;;;;;Другое;ОБРАБОТАНО КОММУТАТОРОМ;;;Другое;Закрыто и не реализовано;;;;;;;;;;;;
37744441;https://alladin116.amocrm.ru/leads/detail/37744441;Коол Центр;Закрыто и не реализовано;;;;;;;;;;;;;;;;;;;;;;;;;;;;;;;;;;;;;;;;;;;;;;;;;;;;;;;;;;;;Другое;Закрыто и не реализовано;;;;;;;Другое;ОБРАБОТАНО КОММУТАТОРОМ;;;;;;;;;;;;;;;;;;;;;;;;
37744439;https://alladin116.amocrm.ru/leads/detail/37744439;Коол Центр;Закрыто и не реализовано;;;;;;;;;;;;;;;;;;;;;;;;;;;;;;;;;;;;;;;;;;;;;;;;;;;;;;;;;;;;Лиды обработка;Недозвон;;;Лиды обработка;Недозвон;;;Лиды обработка;Недозвон;;;;;;;Лиды обработка;Недозвон;;;Лиды обработка;Закрыто и не реализовано;;;;;;;;;;;;
37744423;https://alladin116.amocrm.ru/leads/detail/37744423;По рекомендации;;;СТУ;Контрольный звонок КП;СТУ;Контрольный звонок Д\С получен;СТУ;Контрольный звонок Д\С получен;СТУ;Контрольный звонок КП;СТУ;Контрольный звонок Д\С получен;СТУ;Контрольный звонок КП;СТУ;Контрольный звонок КП;СТУ;Контрольный звонок Д\С получен;СТУ;Контрольный звонок КП;СТУ;Контрольный звонок Д\С получен;СТУ;Контрольный звонок КП;СТУ;Контрольный звонок Д\С получен;СТУ;Контрольный звонок КП;СТУ;Контрольный звонок Д\С получен;СТУ;Контрольный звонок КП;СТУ;Контрольный звонок Д\С получен;СТУ;Контрольный звонок КП;СТУ;Контрольный звонок КП;СТУ;Контрольный звонок КП;СТУ;Контрольный звонок КП;СТУ;Контрольный звонок КП;СТУ;Контрольный звонок КП;СТУ;Контрольный звонок КП;СТУ;Контрольный звонок КП;СТУ;Контрольный звонок КП;СТУ;Контрольный звонок КП;СТУ;Контрольный звонок КП договоренности;СТУ;Контрольный звонок КП договоренности;СТУ;Договор/счет отправлен;СТУ;Контрольный звонок КП;СТУ;Контрольный звонок Д\С;СТУ;Контрольный звонок КП;СТУ;Контрольный звонок Д\С;СТУ;Контрольный звонок КП;СТУ;Контрольный звонок Д\С;СТУ;Контрольный звонок Д\С;СТУ;Контрольный звонок Д\С;СТУ;Контрольный звонок КП;СТУ;Контрольный звонок Д\С;СТУ;Контрольный звонок КП;СТУ;Контрольный звонок Д\С;СТУ;Контрольный звонок КП;СТУ;Контрольный звонок Д\С получен;СТУ;Контрольный звонок КП;СТУ;Контрольный звонок Д\С получен;СТУ;Контрольный звонок Д\С получен
37744421;https://alladin116.amocrm.ru/leads/detail/37744421;Коол Центр;Закрыто и не реализовано;;;;;;;;;;;;;;;;;;;;;;;;;;;;;;;;;;;;;;;;;;;;;;;;;;;;;;;;;;;;СТУ;ОБРАБОТАНО Коммутатором;;;СТУ;ОБРАБОТАНО Коммутатором;;;СТУ;ОБРАБОТАНО Коммутатором;;;;;;;СТУ;ОБРАБОТАНО Коммутатором;;;Лиды обработка;Закрыто и не реализовано;;;;;;;;;;;;
37744417;https://alladin116.amocrm.ru/leads/detail/37744417;Коол Центр;Закрыто и не реализовано;;;;;;;;;;;;;;;;;;;;;;;;;;;;;;;;;;;;;;;;;;;;;;;;;;;;;;;;;;;;;;;;;;;;Другое;Закрыто и не реализовано;;;;;;;;;;;;;;;;;;;;;;;;
37744401;https://alladin116.amocrm.ru/leads/detail/37744401;Коол Центр;Закрыто и не реализовано;;;;;;;;;;;;;;;;;;;;;;;;;;;;;;;;;;;;;;;;;;;;;;;;;;;;;;;;;;;;;;;;;;;;Другое;Закрыто и не реализовано;;;;;;;;;;;;;;;;;;;;;;;;
37744387;https://alladin116.amocrm.ru/leads/detail/37744387;Коол Центр;Закрыто и не реализовано;;Другое;Контрольный звонок данные;;;;;Другое;Контрольный звонок данные;;;Другое;Контрольный звонок данные;Другое;Контрольный звонок данные;;;Другое;Контрольный звонок данные;;;Другое;Контрольный звонок данные;;;Другое;Контрольный звонок данные;;;Другое;Контрольный звонок данные;Другое;Контрольный звонок данные;Другое;Контрольный звонок данные;Другое;Контрольный звонок данные;Другое;Контрольный звонок данные;Другое;Контрольный звонок данные;Другое;Контрольный звонок данные;Другое;Контрольный звонок данные;Другое;Контрольный звонок данные;Другое;Контрольный звонок данные;Другое;Контрольный звонок данные;Другое;Контрольный звонок данные;Другое;Контрольный звонок данные;Другое;Контрольный звонок данные;Другое;Закрыто и не реализовано;Другое;Контрольный звонок данные;;;Другое;Контрольный звонок данные;;;Другое;Контрольный звонок данные;;;;;;;Другое;Контрольный звонок данные;;;Другое;Контрольный звонок данные;;;Другое;Контрольный звонок данные;;;Другое;Контрольный звонок данные;;;;
37744371;https://alladin116.amocrm.ru/leads/detail/37744371;Коол Центр;;;СТУ;ОБРАБОТАНО Коммутатором;СТУ;ОБРАБОТАНО Коммутатором;СТУ;ОБРАБОТАНО Коммутатором;СТУ;ОБРАБОТАНО Коммутатором;СТУ;ОБРАБОТАНО Коммутатором;СТУ;ОБРАБОТАНО Коммутатором;СТУ;ОБРАБОТАНО Коммутатором;СТУ;ОБРАБОТАНО Коммутатором;СТУ;ОБРАБОТАНО Коммутатором;СТУ;ОБРАБОТАНО Коммутатором;СТУ;ОБРАБОТАНО Коммутатором;СТУ;ОБРАБОТАНО Коммутатором;СТУ;ОБРАБОТАНО Коммутатором;СТУ;ОБРАБОТАНО Коммутатором;СТУ;ОБРАБОТАНО Коммутатором;СТУ;ОБРАБОТАНО Коммутатором;СТУ;ОБРАБОТАНО Коммутатором;СТУ;ОБРАБОТАНО Коммутатором;СТУ;ОБРАБОТАНО Коммутатором;СТУ;ОБРАБОТАНО Коммутатором;СТУ;ОБРАБОТАНО Коммутатором;СТУ;ОБРАБОТАНО Коммутатором;СТУ;ОБРАБОТАНО Коммутатором;СТУ;ОБРАБОТАНО Коммутатором;СТУ;ОБРАБОТАНО Коммутатором;СТУ;ОБРАБОТАНО Коммутатором;СТУ;ОБРАБОТАНО Коммутатором;СТУ;ОБРАБОТАНО Коммутатором;СТУ;ОБРАБОТАНО Коммутатором;СТУ;ОБРАБОТАНО Коммутатором;СТУ;ОБРАБОТАНО Коммутатором;СТУ;ОБРАБОТАНО Коммутатором;СТУ;ОБРАБОТАНО Коммутатором;СТУ;ОБРАБОТАНО Коммутатором;СТУ;ОБРАБОТАНО Коммутатором;СТУ;ОБРАБОТАНО Коммутатором;СТУ;ОБРАБОТАНО Коммутатором;СТУ;ОБРАБОТАНО Коммутатором;СТУ;ОБРАБОТАНО Коммутатором;СТУ;ОБРАБОТАНО Коммутатором;СТУ;ОБРАБОТАНО Коммутатором;СТУ;ОБРАБОТАНО Коммутатором;СТУ;ОБРАБОТАНО Коммутатором;СТУ;ОБРАБОТАНО Коммутатором;СТУ;ОБРАБОТАНО Коммутатором;СТУ;ОБРАБОТАНО Коммутатором
37744357;https://alladin116.amocrm.ru/leads/detail/37744357;Коол Центр;;;Другое;Контрольный звонок данные;Абонентка (первичная продажа);Запросили данные;Абонентка (первичная продажа);Запросили данные;Другое;Контрольный звонок данные;Абонентка (первичная продажа);Запросили данные;Другое;Контрольный звонок данные;Другое;Контрольный звонок данные;Абонентка (первичная продажа);Запросили данные;Другое;Контрольный звонок данные;Абонентка (первичная продажа);Запросили данные;Другое;Контрольный звонок данные;Абонентка (первичная продажа);Запросили данные;Другое;Контрольный звонок данные;Абонентка (первичная продажа);Запросили данные;Другое;Контрольный звонок данные;Абонентка (первичная продажа);Запросили данные;Другое;Контрольный звонок данные;Другое;Контрольный звонок данные;Другое;Контрольный звонок данные;Другое;Контрольный звонок данные;Другое;ОБРАБОТАНО КОММУТАТОРОМ;Другое;ОБРАБОТАНО КОММУТАТОРОМ;Другое;ОБРАБОТАНО КОММУТАТОРОМ;Другое;ОБРАБОТАНО КОММУТАТОРОМ;Другое;ОБРАБОТАНО КОММУТАТОРОМ;Другое;ОБРАБОТАНО КОММУТАТОРОМ;Другое;ОБРАБОТАНО КОММУТАТОРОМ;Другое;ОБРАБОТАНО КОММУТАТОРОМ;Абонентка (первичная продажа);Запросили данные;Другое;Контрольный звонок данные;Абонентка (первичная продажа);Запросили данные;Другое;Контрольный звонок данные;Абонентка (первичная продажа);Запросили данные;Другое;Контрольный звонок данные;Абонентка (первичная продажа);Запросили данные;Абонентка (первичная продажа);Запросили данные;Абонентка (первичная продажа);Запросили данные;Другое;Контрольный звонок данные;Абонентка (первичная продажа);Запросили данные;Другое;Контрольный звонок данные;Абонентка (первичная продажа);Запросили данные;Другое;Контрольный звонок данные;Абонентка (первичная продажа);Запросили данные;Другое;Контрольный звонок данные;Абонентка (первичная продажа);Запросили данные;Абонентка (первичная продажа);Запросили данные
37744349;https://alladin116.amocrm.ru/leads/detail/37744349;Коол Центр;Закрыто и не реализовано;;АПС;Контрольный звонок данные;АПС;Контрольный звонок данные;АПС;Закрыто и не реализовано;АПС;Контрольный звонок данные;;;АПС;Контрольный звонок данные;АПС;Контрольный звонок данные;;;АПС;Контрольный звонок данные;;;АПС;Контрольный звонок данные;;;АПС;Контрольный звонок данные;;;АПС;Контрольный звонок данные;АПС;Контрольный звонок данные;АПС;Контрольный звонок данные;АПС;Контрольный звонок данные;АПС;Контрольный звонок данные;АПС;Контрольный звонок данные;АПС;Контрольный звонок данные;АПС;Контрольный звонок данные;АПС;Контрольный звонок данные;АПС;Контрольный звонок данные;АПС;Контрольный звонок данные;АПС;Контрольный звонок данные;АПС;Контрольный звонок данные;АПС;Контрольный звонок данные;АПС;Контрольный звонок данные;АПС;Контрольный звонок данные;АПС;Контрольный звонок данные;АПС;Контрольный звонок данные;АПС;Контрольный звонок данные;АПС;Контрольный звонок данные;АПС;Контрольный звонок данные;АПС;Контрольный звонок данные;АПС;Контрольный звонок данные;АПС;Контрольный звонок данные;АПС;Контрольный звонок данные;АПС;Контрольный звонок данные;АПС;Контрольный звонок данные;АПС;Контрольный звонок данные;АПС;Контрольный звонок данные;АПС;Контрольный звонок данные;АПС;Контрольный звонок данные;АПС;Контрольный звонок данные
37744347;https://alladin116.amocrm.ru/leads/detail/37744347;Коол Центр;Закрыто и не реализовано;;;;;;;;;;;;;;;;;;;;;;;;;;;;;;;;;;;;;;;;;;;;;;;;;;;;;;;;;;;;Другое;Закрыто и не реализовано;;;;;;;Другое;ОБРАБОТАНО КОММУТАТОРОМ;;;;;;;;;;;;;;;;;;;;;;;;
37744345;https://alladin116.amocrm.ru/leads/detail/37744345;Коол Центр;Закрыто и не реализовано;;Другое;ОБРАБОТАНО КОММУТАТОРОМ;;;;;Другое;ОБРАБОТАНО КОММУТАТОРОМ;;;Другое;ОБРАБОТАНО КОММУТАТОРОМ;Другое;ОБРАБОТАНО КОММУТАТОРОМ;;;Другое;ОБРАБОТАНО КОММУТАТОРОМ;;;Другое;ОБРАБОТАНО КОММУТАТОРОМ;;;Другое;ОБРАБОТАНО КОММУТАТОРОМ;;;Другое;ОБРАБОТАНО КОММУТАТОРОМ;Другое;ОБРАБОТАНО КОММУТАТОРОМ;Другое;ОБРАБОТАНО КОММУТАТОРОМ;Другое;ОБРАБОТАНО КОММУТАТОРОМ;Другое;ОБРАБОТАНО КОММУТАТОРОМ;Другое;ОБРАБОТАНО КОММУТАТОРОМ;Другое;Закрыто и не реализовано;;;;;;;;;;;;;;;;;Другое;ОБРАБОТАНО КОММУТАТОРОМ;;;Другое;ОБРАБОТАНО КОММУТАТОРОМ;;;Другое;ОБРАБОТАНО КОММУТАТОРОМ;;;;;;;Другое;ОБРАБОТАНО КОММУТАТОРОМ;;;Другое;ОБРАБОТАНО КОММУТАТОРОМ;;;Другое;ОБРАБОТАНО КОММУТАТОРОМ;;;Другое;ОБРАБОТАНО КОММУТАТОРОМ;;;;
37744329;https://alladin116.amocrm.ru/leads/detail/37744329;Коол Центр;;;Документы ПБ;Контрольный звонок данные;Документы ПБ;Контрольный звонок данные;Документы ПБ;Контрольный звонок данные;Документы ПБ;Контрольный звонок данные;Документы ПБ;Контрольный звонок данные;Документы ПБ;Контрольный звонок данные;Документы ПБ;Контрольный звонок данные;Документы ПБ;Контрольный звонок данные;Документы ПБ;Контрольный звонок данные;Документы ПБ;Контрольный звонок данные;Документы ПБ;Контрольный звонок данные;Документы ПБ;Контрольный звонок данные;Документы ПБ;Контрольный звонок данные;Документы ПБ;Контрольный звонок данные;Документы ПБ;Контрольный звонок данные;Документы ПБ;Контрольный звонок данные;Документы ПБ;Контрольный звонок данные;Документы ПБ;Контрольный звонок данные;Документы ПБ;Контрольный звонок данные;Документы ПБ;Контрольный звонок данные;Документы ПБ;Контрольный звонок данные;Документы ПБ;Контрольный звонок данные;Документы ПБ;Контрольный звонок данные;Документы ПБ;Контрольный звонок данные;Документы ПБ;Контрольный звонок данные;Документы ПБ;Контрольный звонок данные;Документы ПБ;Контрольный звонок данные;Документы ПБ;Контрольный звонок данные;Документы ПБ;Контрольный звонок данные;Документы ПБ;Контрольный звонок данные;Документы ПБ;Контрольный звонок данные;Документы ПБ;Контрольный звонок данные;Документы ПБ;Контрольный звонок данные;Документы ПБ;Контрольный звонок данные;Документы ПБ;Контрольный звонок данные;Документы ПБ;Контрольный звонок данные;Документы ПБ;Контрольный звонок данные;Документы ПБ;Контрольный звонок данные;Документы ПБ;Контрольный звонок данные;Документы ПБ;Контрольный звонок данные;Документы ПБ;Контрольный звонок данные;Документы ПБ;Контрольный звонок данные;Документы ПБ;Контрольный звонок данные;Документы ПБ;Контрольный звонок данные;Документы ПБ;Контрольный звонок данные;Документы ПБ;Контрольный звонок данные
37744321;https://alladin116.amocrm.ru/leads/detail/37744321;Коол Центр;Закрыто и не реализовано;;Другое;ОБРАБОТАНО КОММУТАТОРОМ;Другое;ОБРАБОТАНО КОММУТАТОРОМ;Другое;Закрыто и не реализовано;Другое;ОБРАБОТАНО КОММУТАТОРОМ;;;Другое;ОБРАБОТАНО КОММУТАТОРОМ;Другое;ОБРАБОТАНО КОММУТАТОРОМ;;;Другое;ОБРАБОТАНО КОММУТАТОРОМ;;;Другое;ОБРАБОТАНО КОММУТАТОРОМ;;;Другое;ОБРАБОТАНО КОММУТАТОРОМ;;;Другое;ОБРАБОТАНО КОММУТАТОРОМ;Другое;ОБРАБОТАНО КОММУТАТОРОМ;Другое;ОБРАБОТАНО КОММУТАТОРОМ;Другое;ОБРАБОТАНО КОММУТАТОРОМ;Другое;ОБРАБОТАНО КОММУТАТОРОМ;Другое;ОБРАБОТАНО КОММУТАТОРОМ;Другое;ОБРАБОТАНО КОММУТАТОРОМ;Другое;ОБРАБОТАНО КОММУТАТОРОМ;Другое;ОБРАБОТАНО КОММУТАТОРОМ;Другое;ОБРАБОТАНО КОММУТАТОРОМ;Другое;ОБРАБОТАНО КОММУТАТОРОМ;Другое;ОБРАБОТАНО КОММУТАТОРОМ;Другое;ОБРАБОТАНО КОММУТАТОРОМ;Другое;ОБРАБОТАНО КОММУТАТОРОМ;Другое;ОБРАБОТАНО КОММУТАТОРОМ;Лиды обработка;Скорозвон;Другое;ОБРАБОТАНО КОММУТАТОРОМ;Лиды обработка;Скорозвон;Другое;ОБРАБОТАНО КОММУТАТОРОМ;Лиды обработка;Скорозвон;Другое;ОБРАБОТАНО КОММУТАТОРОМ;Другое;ОБРАБОТАНО КОММУТАТОРОМ;Другое;ОБРАБОТАНО КОММУТАТОРОМ;Лиды обработка;Скорозвон;Другое;ОБРАБОТАНО КОММУТАТОРОМ;Лиды обработка;Скорозвон;Другое;ОБРАБОТАНО КОММУТАТОРОМ;Другое;ОБРАБОТАНО КОММУТАТОРОМ;Другое;ОБРАБОТАНО КОММУТАТОРОМ;Другое;ОБРАБОТАНО КОММУТАТОРОМ;Другое;ОБРАБОТАНО КОММУТАТОРОМ;Другое;ОБРАБОТАНО КОММУТАТОРОМ
37744305;https://alladin116.amocrm.ru/leads/detail/37744305;Коол Центр;;;Документы ПБ;Контрольный звонок данные;Абонентка (первичная продажа);Запросили данные;Абонентка (первичная продажа);Запросили данные;Документы ПБ;Контрольный звонок данные;Абонентка (первичная продажа);Запросили данные;Документы ПБ;Контрольный звонок данные;Документы ПБ;Контрольный звонок данные;Абонентка (первичная продажа);Запросили данные;Документы ПБ;Контрольный звонок данные;Абонентка (первичная продажа);Запросили данные;Документы ПБ;Контрольный звонок данные;Абонентка (первичная продажа);Запросили данные;Документы ПБ;Контрольный звонок данные;Абонентка (первичная продажа);Запросили данные;Документы ПБ;Контрольный звонок данные;Абонентка (первичная продажа);Запросили данные;Документы ПБ;Контрольный звонок данные;Документы ПБ;Контрольный звонок данные;Документы ПБ;Контрольный звонок данные;Документы ПБ;Контрольный звонок данные;Документы ПБ;Контрольный звонок данные;Документы ПБ;Контрольный звонок данные;Документы ПБ;Контрольный звонок данные;Документы ПБ;Контрольный звонок данные;Документы ПБ;Контрольный звонок данные;Документы ПБ;Контрольный звонок данные;Документы ПБ;Контрольный звонок данные;Абонентка (первичная продажа);Запросили данные;Абонентка (первичная продажа);Запросили данные;Документы ПБ;Контрольный звонок данные;Абонентка (первичная продажа);Запросили данные;Документы ПБ;Контрольный звонок данные;Абонентка (первичная продажа);Запросили данные;Документы ПБ;Контрольный звонок данные;Абонентка (первичная продажа);Запросили данные;Абонентка (первичная продажа);Запросили данные;Абонентка (первичная продажа);Запросили данные;Документы ПБ;Контрольный звонок данные;Абонентка (первичная продажа);Запросили данные;Документы ПБ;Контрольный звонок данные;Абонентка (первичная продажа);Запросили данные;Документы ПБ;Контрольный звонок данные;Абонентка (первичная продажа);Запросили данные;Документы ПБ;Контрольный звонок данные;Абонентка (первичная продажа);Запросили данные;Абонентка (первичная продажа);Запросили данные
37744291;https://alladin116.amocrm.ru/leads/detail/37744291;Коол Центр;;;Другое;ОБРАБОТАНО КОММУТАТОРОМ;Другое;ОБРАБОТАНО КОММУТАТОРОМ;Другое;ОБРАБОТАНО КОММУТАТОРОМ;Другое;ОБРАБОТАНО КОММУТАТОРОМ;Другое;ОБРАБОТАНО КОММУТАТОРОМ;Другое;ОБРАБОТАНО КОММУТАТОРОМ;Другое;ОБРАБОТАНО КОММУТАТОРОМ;Другое;ОБРАБОТАНО КОММУТАТОРОМ;Другое;ОБРАБОТАНО КОММУТАТОРОМ;Другое;ОБРАБОТАНО КОММУТАТОРОМ;Другое;ОБРАБОТАНО КОММУТАТОРОМ;Другое;ОБРАБОТАНО КОММУТАТОРОМ;Другое;ОБРАБОТАНО КОММУТАТОРОМ;Другое;ОБРАБОТАНО КОММУТАТОРОМ;Другое;ОБРАБОТАНО КОММУТАТОРОМ;Другое;ОБРАБОТАНО КОММУТАТОРОМ;Другое;ОБРАБОТАНО КОММУТАТОРОМ;Другое;ОБРАБОТАНО КОММУТАТОРОМ;Другое;ОБРАБОТАНО КОММУТАТОРОМ;Другое;ОБРАБОТАНО КОММУТАТОРОМ;Другое;ОБРАБОТАНО КОММУТАТОРОМ;Другое;ОБРАБОТАНО КОММУТАТОРОМ;Другое;ОБРАБОТАНО КОММУТАТОРОМ;Другое;ОБРАБОТАНО КОММУТАТОРОМ;Другое;ОБРАБОТАНО КОММУТАТОРОМ;Другое;ОБРАБОТАНО КОММУТАТОРОМ;Другое;ОБРАБОТАНО КОММУТАТОРОМ;Другое;ОБРАБОТАНО КОММУТАТОРОМ;Другое;ОБРАБОТАНО КОММУТАТОРОМ;Лиды обработка;Скорозвон;Другое;ОБРАБОТАНО КОММУТАТОРОМ;Лиды обработка;Скорозвон;Другое;ОБРАБОТАНО КОММУТАТОРОМ;Лиды обработка;Скорозвон;Другое;ОБРАБОТАНО КОММУТАТОРОМ;Другое;ОБРАБОТАНО КОММУТАТОРОМ;Другое;ОБРАБОТАНО КОММУТАТОРОМ;Лиды обработка;Скорозвон;Другое;ОБРАБОТАНО КОММУТАТОРОМ;Лиды обработка;Скорозвон;Другое;ОБРАБОТАНО КОММУТАТОРОМ;Другое;ОБРАБОТАНО КОММУТАТОРОМ;Другое;ОБРАБОТАНО КОММУТАТОРОМ;Другое;ОБРАБОТАНО КОММУТАТОРОМ;Другое;ОБРАБОТАНО КОММУТАТОРОМ;Другое;ОБРАБОТАНО КОММУТАТОРОМ
37744289;https://alladin116.amocrm.ru/leads/detail/37744289;повторный заказ;Успешно реализовано;;Другое;Оплата 100%;Другое;Успешно реализовано;Другое;Успешно реализовано;Другое;Оплата 100%;Другое;Успешно реализовано;Другое;Оплата 100%;Другое;Оплата 100%;Другое;Успешно реализовано;Другое;Оплата 100%;Другое;Успешно реализовано;Другое;Оплата 100%;Другое;Успешно реализовано;Другое;Оплата 100%;Другое;Успешно реализовано;Другое;Оплата 100%;Другое;Успешно реализовано;Другое;Оплата 100%;Другое;УПД отправлено;Другое;УПД отправлено;Другое;УПД отправлено;Другое;УПД отправлено;Другое;УПД отправлено;Другое;УПД отправлено;Другое;УПД отправлено;Другое;УПД отправлено;Другое;УПД отправлено;Другое;УПД отправлено;Другое;Успешно реализовано;;;Другое;Оплата 100%;;;Другое;Оплата 100%;;;Другое;Оплата 100%;;;Другое;Успешно реализовано;Другое;Успешно реализовано;Другое;Оплата 100%;Другое;Успешно реализовано;Другое;Оплата 100%;Другое;Успешно реализовано;Другое;Оплата 100%;Другое;Успешно реализовано;Другое;Оплата 100%;Другое;Успешно реализовано;Другое;Успешно реализовано
37744277;https://alladin116.amocrm.ru/leads/detail/37744277;Коол Центр;Закрыто и не реализовано;;;;;;;;;;;;;;;;;;;;;;;;;;;;;;;;;;;;;;;;;;;;;;;;;;;;;;;;;;;;Другое;Контрольный звонок данные;;;Другое;Контрольный звонок данные;;;Другое;Контрольный звонок данные;;;;;;;Другое;Контрольный звонок данные;;;Другое;Контрольный звонок данные;;;Другое;Контрольный звонок данные;;;Другое;Закрыто и не реализовано;;;;
37744275;https://alladin116.amocrm.ru/leads/detail/37744275;Коол Центр;Закрыто и не реализовано;;;;;;;;;;;;;;;;;;;;;;;;;;;;;;;;;;;;;;;;;;;;;;;;;;;;;;;;;;;;Другое;Контрольный звонок данные;;;Другое;Контрольный звонок данные;;;Другое;Контрольный звонок данные;;;;;;;Другое;Контрольный звонок данные;;;Другое;Закрыто и не реализовано;;;;;;;;;;;;
37744269;https://alladin116.amocrm.ru/leads/detail/37744269;Коол Центр;Закрыто и не реализовано;;Другое;ОБРАБОТАНО КОММУТАТОРОМ;;;;;Другое;ОБРАБОТАНО КОММУТАТОРОМ;;;Другое;ОБРАБОТАНО КОММУТАТОРОМ;Другое;ОБРАБОТАНО КОММУТАТОРОМ;;;Другое;ОБРАБОТАНО КОММУТАТОРОМ;;;Другое;ОБРАБОТАНО КОММУТАТОРОМ;;;Другое;ОБРАБОТАНО КОММУТАТОРОМ;;;Другое;ОБРАБОТАНО КОММУТАТОРОМ;Другое;ОБРАБОТАНО КОММУТАТОРОМ;Другое;ОБРАБОТАНО КОММУТАТОРОМ;Другое;ОБРАБОТАНО КОММУТАТОРОМ;Другое;ОБРАБОТАНО КОММУТАТОРОМ;Другое;ОБРАБОТАНО КОММУТАТОРОМ;Другое;Закрыто и не реализовано;;;;;;;;;;;;;;;;;Другое;ОБРАБОТАНО КОММУТАТОРОМ;;;Другое;ОБРАБОТАНО КОММУТАТОРОМ;;;Другое;ОБРАБОТАНО КОММУТАТОРОМ;;;;;;;Другое;ОБРАБОТАНО КОММУТАТОРОМ;;;Другое;ОБРАБОТАНО КОММУТАТОРОМ;;;Другое;ОБРАБОТАНО КОММУТАТОРОМ;;;Другое;ОБРАБОТАНО КОММУТАТОРОМ;;;;
37745485;https://alladin116.amocrm.ru/leads/detail/37745485;Коол Центр;Закрыто и не реализовано;27.04.2026;;;;;;;;;;;;;;;;;;;;;;;;;;;;;;;;;;;;;;;;;;;;;;;;;;;;;;;;;;;;;;;;;;;;;;;;;;;Другое;ОБРАБОТАНО КОММУТАТОРОМ;;;Другое;ОБРАБОТАНО КОММУТАТОРОМ;;;Другое;Закрыто и не реализовано;;;;;;;;
37745483;https://alladin116.amocrm.ru/leads/detail/37745483;Коол Центр;Закрыто и не реализовано;27.04.2026;СТУ;ОБРАБОТАНО Коммутатором;;;;;СТУ;ОБРАБОТАНО Коммутатором;;;СТУ;ОБРАБОТАНО Коммутатором;СТУ;ОБРАБОТАНО Коммутатором;;;СТУ;ОБРАБОТАНО Коммутатором;;;СТУ;ОБРАБОТАНО Коммутатором;;;СТУ;ОБРАБОТАНО Коммутатором;;;СТУ;ОБРАБОТАНО Коммутатором;СТУ;ОБРАБОТАНО Коммутатором;СТУ;ОБРАБОТАНО Коммутатором;СТУ;ОБРАБОТАНО Коммутатором;СТУ;ОБРАБОТАНО Коммутатором;СТУ;ОБРАБОТАНО Коммутатором;СТУ;ОБРАБОТАНО Коммутатором;СТУ;ОБРАБОТАНО Коммутатором;СТУ;ОБРАБОТАНО Коммутатором;СТУ;ОБРАБОТАНО Коммутатором;СТУ;ОБРАБОТАНО Коммутатором;СТУ;ОБРАБОТАНО Коммутатором;СТУ;ОБРАБОТАНО Коммутатором;СТУ;ОБРАБОТАНО Коммутатором;СТУ;ОБРАБОТАНО Коммутатором;;;СТУ;ОБРАБОТАНО Коммутатором;;;СТУ;ОБРАБОТАНО Коммутатором;;;СТУ;ОБРАБОТАНО Коммутатором;СТУ;ОБРАБОТАНО Коммутатором;СТУ;ОБРАБОТАНО Коммутатором;Другое;ОБРАБОТАНО КОММУТАТОРОМ;СТУ;Закрыто и не реализовано;СТУ;ОБРАБОТАНО Коммутатором;;;СТУ;ОБРАБОТАНО Коммутатором;;;СТУ;ОБРАБОТАНО Коммутатором;;;;
37745467;https://alladin116.amocrm.ru/leads/detail/37745467;Коол Центр;Закрыто и не реализовано;27.04.2026;Декларации;Контрольный звонок данные;;;;;Декларации;Контрольный звонок данные;;;Декларации;Контрольный звонок данные;Декларации;Контрольный звонок данные;;;Декларации;Контрольный звонок данные;;;Декларации;Контрольный звонок данные;;;Декларации;Контрольный звонок данные;;;Декларации;Контрольный звонок данные;Декларации;Контрольный звонок данные;Декларации;Контрольный звонок данные;Декларации;Контрольный звонок данные;Декларации;Контрольный звонок данные;Декларации;Контрольный звонок данные;Декларации;Контрольный звонок данные;Декларации;Контрольный звонок данные;Декларации;Контрольный звонок данные;Декларации;Контрольный звонок данные;Декларации;Закрыто и не реализовано;;;;;;;;;;;;;;;;;;;;;;;;;Другое;ОБРАБОТАНО КОММУТАТОРОМ;;;Декларации;Запросили данные;;;Декларации;Контрольный звонок данные;;;Декларации;Контрольный звонок данные;;;;
37745453;https://alladin116.amocrm.ru/leads/detail/37745453;Коол Центр;Закрыто и не реализовано;27.04.2026;Другое;ОБРАБОТАНО КОММУТАТОРОМ;;;;;Другое;ОБРАБОТАНО КОММУТАТОРОМ;;;АПС;ДАННЫЕ ПРЕДОСТАВЛЕНЫ;АПС;Закрыто и не реализовано;;;;;;;;;;;;;;;;;;;;;;;;;;;;;;;;;;;;;;;;;;;;;;;;;;;;;;;;;;;;;Лиды обработка;Скорозвон;;;Лиды обработка;Скорозвон;;;Другое;ОБРАБОТАНО КОММУТАТОРОМ;;;Другое;ОБРАБОТАНО КОММУТАТОРОМ;;;;
37745445;https://alladin116.amocrm.ru/leads/detail/37745445;Коол Центр;Закрыто и не реализовано;27.04.2026;;;;;;;;;;;;;;;;;;;;;;;;;;;;;;;;;;;;;;;;;;;;;;;;;;;;;;;;;;;;;;;;;;;;;;;;;;;Лиды обработка;Недозвон;;;Другое;Закрыто и не реализовано;;;;;;;;;;;;
37745425;https://alladin116.amocrm.ru/leads/detail/37745425;Коол Центр;Закрыто и не реализовано;27.04.2026;Другое;ОБРАБОТАНО КОММУТАТОРОМ;;;;;Другое;ОБРАБОТАНО КОММУТАТОРОМ;;;Другое;ОБРАБОТАНО КОММУТАТОРОМ;Другое;ОБРАБОТАНО КОММУТАТОРОМ;;;Другое;ОБРАБОТАНО КОММУТАТОРОМ;;;Другое;ОБРАБОТАНО КОММУТАТОРОМ;;;Другое;ОБРАБОТАНО КОММУТАТОРОМ;;;Другое;ОБРАБОТАНО КОММУТАТОРОМ;Другое;ОБРАБОТАНО КОММУТАТОРОМ;Другое;ОБРАБОТАНО КОММУТАТОРОМ;Другое;ОБРАБОТАНО КОММУТАТОРОМ;Другое;ОБРАБОТАНО КОММУТАТОРОМ;Другое;ОБРАБОТАНО КОММУТАТОРОМ;Другое;Закрыто и не реализовано;;;;;;;;;;;;;;;;;;;;;;;;;;;;;;;;;Другое;ОБРАБОТАНО КОММУТАТОРОМ;;;Другое;ОБРАБОТАНО КОММУТАТОРОМ;;;Другое;ОБРАБОТАНО КОММУТАТОРОМ;;;Другое;ОБРАБОТАНО КОММУТАТОРОМ;;;;
37745423;https://alladin116.amocrm.ru/leads/detail/37745423;Коол Центр;Закрыто и не реализовано;27.04.2026;Планы эвакуации;ОБРАБОТАНО КОММУТАТОРОМ;;;;;Планы эвакуации;ОБРАБОТАНО КОММУТАТОРОМ;;;Планы эвакуации;ОБРАБОТАНО КОММУТАТОРОМ;Планы эвакуации;Закрыто и не реализовано;;;;;;;;;;;;;;;;;;;;;;;;;;;;;;;;;;;;;;;;;;;;;;;;;;;;;;;;;;;;;Планы эвакуации;ОБРАБОТАНО КОММУТАТОРОМ;;;Планы эвакуации;ОБРАБОТАНО КОММУТАТОРОМ;;;Планы эвакуации;ОБРАБОТАНО КОММУТАТОРОМ;;;Планы эвакуации;ОБРАБОТАНО КОММУТАТОРОМ;;;;
37745413;https://alladin116.amocrm.ru/leads/detail/37745413;Коол Центр;;27.04.2026;СТУ;ОБРАБОТАНО Коммутатором;СТУ;ОБРАБОТАНО Коммутатором;СТУ;ОБРАБОТАНО Коммутатором;СТУ;ОБРАБОТАНО Коммутатором;СТУ;ОБРАБОТАНО Коммутатором;СТУ;ОБРАБОТАНО Коммутатором;СТУ;ОБРАБОТАНО Коммутатором;СТУ;ОБРАБОТАНО Коммутатором;СТУ;ОБРАБОТАНО Коммутатором;СТУ;ОБРАБОТАНО Коммутатором;СТУ;ОБРАБОТАНО Коммутатором;СТУ;ОБРАБОТАНО Коммутатором;СТУ;ОБРАБОТАНО Коммутатором;СТУ;ОБРАБОТАНО Коммутатором;СТУ;ОБРАБОТАНО Коммутатором;СТУ;ОБРАБОТАНО Коммутатором;СТУ;ОБРАБОТАНО Коммутатором;СТУ;ОБРАБОТАНО Коммутатором;СТУ;ОБРАБОТАНО Коммутатором;СТУ;ОБРАБОТАНО Коммутатором;СТУ;ОБРАБОТАНО Коммутатором;СТУ;ОБРАБОТАНО Коммутатором;СТУ;ОБРАБОТАНО Коммутатором;СТУ;ОБРАБОТАНО Коммутатором;СТУ;ОБРАБОТАНО Коммутатором;СТУ;ОБРАБОТАНО Коммутатором;СТУ;ОБРАБОТАНО Коммутатором;СТУ;ОБРАБОТАНО Коммутатором;СТУ;ОБРАБОТАНО Коммутатором;;;СТУ;ОБРАБОТАНО Коммутатором;;;СТУ;ОБРАБОТАНО Коммутатором;;;СТУ;ОБРАБОТАНО Коммутатором;СТУ;ОБРАБОТАНО Коммутатором;СТУ;ОБРАБОТАНО Коммутатором;СТУ;ОБРАБОТАНО Коммутатором;СТУ;ОБРАБОТАНО Коммутатором;СТУ;ОБРАБОТАНО Коммутатором;СТУ;ОБРАБОТАНО Коммутатором;СТУ;ОБРАБОТАНО Коммутатором;СТУ;ОБРАБОТАНО Коммутатором;СТУ;ОБРАБОТАНО Коммутатором;СТУ;ОБРАБОТАНО Коммутатором;СТУ;ОБРАБОТАНО Коммутатором
37745399;https://alladin116.amocrm.ru/leads/detail/37745399;Коол Центр;;27.04.2026;Другое;ОБРАБОТАНО КОММУТАТОРОМ;Другое;ОБРАБОТАНО КОММУТАТОРОМ;Другое;ОБРАБОТАНО КОММУТАТОРОМ;Другое;ОБРАБОТАНО КОММУТАТОРОМ;Другое;ОБРАБОТАНО КОММУТАТОРОМ;Другое;ОБРАБОТАНО КОММУТАТОРОМ;Другое;ОБРАБОТАНО КОММУТАТОРОМ;Другое;ОБРАБОТАНО КОММУТАТОРОМ;Другое;ОБРАБОТАНО КОММУТАТОРОМ;Другое;ОБРАБОТАНО КОММУТАТОРОМ;Другое;ОБРАБОТАНО КОММУТАТОРОМ;Другое;ОБРАБОТАНО КОММУТАТОРОМ;Другое;ОБРАБОТАНО КОММУТАТОРОМ;Другое;ОБРАБОТАНО КОММУТАТОРОМ;Другое;ОБРАБОТАНО КОММУТАТОРОМ;Другое;ОБРАБОТАНО КОММУТАТОРОМ;Другое;ОБРАБОТАНО КОММУТАТОРОМ;Другое;ОБРАБОТАНО КОММУТАТОРОМ;Другое;ОБРАБОТАНО КОММУТАТОРОМ;Другое;ОБРАБОТАНО КОММУТАТОРОМ;Другое;ОБРАБОТАНО КОММУТАТОРОМ;Другое;ОБРАБОТАНО КОММУТАТОРОМ;Другое;ОБРАБОТАНО КОММУТАТОРОМ;Другое;ОБРАБОТАНО КОММУТАТОРОМ;Другое;ОБРАБОТАНО КОММУТАТОРОМ;Другое;ОБРАБОТАНО КОММУТАТОРОМ;Другое;ОБРАБОТАНО КОММУТАТОРОМ;Другое;ОБРАБОТАНО КОММУТАТОРОМ;Другое;ОБРАБОТАНО КОММУТАТОРОМ;;;Другое;ОБРАБОТАНО КОММУТАТОРОМ;;;Другое;ОБРАБОТАНО КОММУТАТОРОМ;;;Другое;ОБРАБОТАНО КОММУТАТОРОМ;Другое;ОБРАБОТАНО КОММУТАТОРОМ;Другое;ОБРАБОТАНО КОММУТАТОРОМ;Лиды обработка;Недозвон;Другое;ОБРАБОТАНО КОММУТАТОРОМ;Лиды обработка;Недозвон;Другое;ОБРАБОТАНО КОММУТАТОРОМ;Другое;ОБРАБОТАНО КОММУТАТОРОМ;Другое;ОБРАБОТАНО КОММУТАТОРОМ;Другое;ОБРАБОТАНО КОММУТАТОРОМ;Другое;ОБРАБОТАНО КОММУТАТОРОМ;Другое;ОБРАБОТАНО КОММУТАТОРОМ
37745357;https://alladin116.amocrm.ru/leads/detail/37745357;Коол Центр;;27.04.2026;СТУ;ОБРАБОТАНО Коммутатором;СТУ;Контрольный звонок КП получено;СТУ;Контрольный звонок КП получено;СТУ;ОБРАБОТАНО Коммутатором;СТУ;Контрольный звонок КП получено;СТУ;ОБРАБОТАНО Коммутатором;СТУ;ОБРАБОТАНО Коммутатором;СТУ;Контрольный звонок КП получено;СТУ;ОБРАБОТАНО Коммутатором;СТУ;Контрольный звонок КП получено;СТУ;ОБРАБОТАНО Коммутатором;СТУ;Контрольный звонок КП получено;СТУ;ОБРАБОТАНО Коммутатором;СТУ;Контрольный звонок КП получено;СТУ;ОБРАБОТАНО Коммутатором;СТУ;Контрольный звонок КП получено;СТУ;ОБРАБОТАНО Коммутатором;СТУ;ОБРАБОТАНО Коммутатором;СТУ;ОБРАБОТАНО Коммутатором;СТУ;ОБРАБОТАНО Коммутатором;СТУ;ОБРАБОТАНО Коммутатором;СТУ;ОБРАБОТАНО Коммутатором;СТУ;ОБРАБОТАНО Коммутатором;СТУ;ОБРАБОТАНО Коммутатором;СТУ;ОБРАБОТАНО Коммутатором;СТУ;ОБРАБОТАНО Коммутатором;СТУ;КП отправлено;СТУ;КП получено;СТУ;Контрольный звонок КП получено;;;СТУ;Контрольный звонок КП получено;;;СТУ;Контрольный звонок КП получено;;;СТУ;Контрольный звонок КП получено;СТУ;Контрольный звонок КП получено;СТУ;Контрольный звонок КП получено;СТУ;ОБРАБОТАНО Коммутатором;СТУ;Контрольный звонок КП получено;СТУ;ОБРАБОТАНО Коммутатором;СТУ;Контрольный звонок КП получено;СТУ;ОБРАБОТАНО Коммутатором;СТУ;Контрольный звонок КП получено;СТУ;ОБРАБОТАНО Коммутатором;СТУ;Контрольный звонок КП получено;СТУ;Контрольный звонок КП получено
37745323;https://alladin116.amocrm.ru/leads/detail/37745323;Коол Центр;Закрыто и не реализовано;27.04.2026;;;;;;;;;;;;;;;;;;;;;;;;;;;;;;;;;;;;;;;;;;;;;;;;;;;;;;;;;;;;;;;;;;;;;;;;;;;Лиды обработка;Закрыто и не реализовано;;;;;;;;;;;;;;;;
37745321;https://alladin116.amocrm.ru/leads/detail/37745321;Коол Центр;Закрыто и не реализовано;27.04.2026;Документы ПБ;Контрольный звонок КП получено;;;;;Документы ПБ;Контрольный звонок КП получено;;;Документы ПБ;Контрольный звонок КП получено;Документы ПБ;Контрольный звонок КП получено;;;Документы ПБ;Контрольный звонок КП получено;;;Документы ПБ;Контрольный звонок КП получено;;;Документы ПБ;Контрольный звонок КП получено;;;Документы ПБ;Контрольный звонок КП получено;Документы ПБ;Контрольный звонок КП получено;Документы ПБ;Контрольный звонок КП получено;Документы ПБ;Контрольный звонок КП получено;Документы ПБ;Контрольный звонок КП получено;Документы ПБ;Контрольный звонок КП получено;Документы ПБ;Закрыто и не реализовано;;;;;;;;;;;;;;;;;;;;;;;;;;;;;;;;;Документы ПБ;Запросили данные;;;Документы ПБ;Контрольный звонок данные;;;Документы ПБ;ДАННЫЕ ПРЕДОСТАВЛЕНЫ;;;Документы ПБ;КП получено;;;;
37745295;https://alladin116.amocrm.ru/leads/detail/37745295;Коол Центр;;27.04.2026;Расчет рисков;Контрольный звонок данные;Расчет рисков;Контрольный звонок данные;Расчет рисков;Контрольный звонок данные;Расчет рисков;Контрольный звонок данные;Расчет рисков;Контрольный звонок данные;Расчет рисков;Контрольный звонок данные;Расчет рисков;Контрольный звонок данные;Расчет рисков;Контрольный звонок данные;Расчет рисков;Контрольный звонок данные;Расчет рисков;Контрольный звонок данные;Расчет рисков;Контрольный звонок данные;Расчет рисков;Контрольный звонок данные;Расчет рисков;Контрольный звонок данные;Расчет рисков;Контрольный звонок данные;Расчет рисков;Контрольный звонок данные;Расчет рисков;Контрольный звонок данные;Расчет рисков;Контрольный звонок данные;Расчет рисков;Контрольный звонок данные;Расчет рисков;Контрольный звонок данные;Расчет рисков;Контрольный звонок данные;Расчет рисков;Контрольный звонок данные;Расчет рисков;Контрольный звонок данные;Расчет рисков;Контрольный звонок данные;Расчет рисков;Контрольный звонок данные;Расчет рисков;Контрольный звонок данные;Расчет рисков;Контрольный звонок данные;Расчет рисков;Контрольный звонок данные;Расчет рисков;Контрольный звонок данные;Расчет рисков;Контрольный звонок данные;;;Расчет рисков;Контрольный звонок данные;;;Расчет рисков;Контрольный звонок данные;;;Расчет рисков;Контрольный звонок данные;Расчет рисков;Контрольный звонок данные;Расчет рисков;Контрольный звонок данные;Расчет рисков;Запросили данные;Расчет рисков;Контрольный звонок данные;Расчет рисков;Контрольный звонок данные;Расчет рисков;Контрольный звонок данные;Расчет рисков;Контрольный звонок данные;Расчет рисков;Контрольный звонок данные;Расчет рисков;Контрольный звонок данные;Расчет рисков;Контрольный звонок данные;Расчет рисков;Контрольный звонок данные
37745289;https://alladin116.amocrm.ru/leads/detail/37745289;Коол Центр;;27.04.2026;Другое;Контрольный звонок данные;Другое;Контрольный звонок данные;Другое;Контрольный звонок данные;Другое;Контрольный звонок данные;Другое;Контрольный звонок данные;Другое;Контрольный звонок данные;Другое;Контрольный звонок данные;Другое;Контрольный звонок данные;Другое;Контрольный звонок данные;Другое;Контрольный звонок данные;Другое;Контрольный звонок данные;Другое;Контрольный звонок данные;Другое;Контрольный звонок данные;Другое;Контрольный звонок данные;Другое;Контрольный звонок данные;Другое;Контрольный звонок данные;Другое;Контрольный звонок данные;Другое;Контрольный звонок данные;Другое;Контрольный звонок данные;Другое;Контрольный звонок данные;Другое;Контрольный звонок данные;Другое;Контрольный звонок данные;Другое;Контрольный звонок данные;Другое;Контрольный звонок данные;Другое;Контрольный звонок данные;Другое;Контрольный звонок данные;Другое;Контрольный звонок данные;Другое;Контрольный звонок данные;Другое;Контрольный звонок данные;;;Другое;Контрольный звонок данные;;;Другое;Контрольный звонок данные;;;Другое;Контрольный звонок данные;Другое;Контрольный звонок данные;Другое;Контрольный звонок данные;Другое;Запросили данные;Другое;Контрольный звонок данные;Другое;Контрольный звонок данные;Другое;Контрольный звонок данные;Другое;Контрольный звонок данные;Другое;Контрольный звонок данные;Другое;Контрольный звонок данные;Другое;Контрольный звонок данные;Другое;Контрольный звонок данные
37745287;https://alladin116.amocrm.ru/leads/detail/37745287;Коол Центр;Закрыто и не реализовано;27.04.2026;;;;;;;;;;;;;;;;;;;;;;;;;;;;;;;;;;;;;;;;;;;;;;;;;;;;;;;;;;;;;;;;;;;;;;;;;;;Другое;Запросили данные;;;Другое;Закрыто и не реализовано;;;;;;;;;;;;
37745261;https://alladin116.amocrm.ru/leads/detail/37745261;Коол Центр;;27.04.2026;Другое;ОБРАБОТАНО КОММУТАТОРОМ;Другое;ОБРАБОТАНО КОММУТАТОРОМ;Другое;ОБРАБОТАНО КОММУТАТОРОМ;Другое;ОБРАБОТАНО КОММУТАТОРОМ;Другое;ОБРАБОТАНО КОММУТАТОРОМ;Другое;ОБРАБОТАНО КОММУТАТОРОМ;Другое;ОБРАБОТАНО КОММУТАТОРОМ;Другое;ОБРАБОТАНО КОММУТАТОРОМ;Другое;ОБРАБОТАНО КОММУТАТОРОМ;Другое;ОБРАБОТАНО КОММУТАТОРОМ;Другое;ОБРАБОТАНО КОММУТАТОРОМ;Другое;ОБРАБОТАНО КОММУТАТОРОМ;Другое;ОБРАБОТАНО КОММУТАТОРОМ;Другое;ОБРАБОТАНО КОММУТАТОРОМ;Другое;ОБРАБОТАНО КОММУТАТОРОМ;Другое;ОБРАБОТАНО КОММУТАТОРОМ;Другое;ОБРАБОТАНО КОММУТАТОРОМ;Другое;ОБРАБОТАНО КОММУТАТОРОМ;Другое;ОБРАБОТАНО КОММУТАТОРОМ;Другое;ОБРАБОТАНО КОММУТАТОРОМ;Другое;ОБРАБОТАНО КОММУТАТОРОМ;Другое;ОБРАБОТАНО КОММУТАТОРОМ;Другое;ОБРАБОТАНО КОММУТАТОРОМ;Другое;ОБРАБОТАНО КОММУТАТОРОМ;Другое;ОБРАБОТАНО КОММУТАТОРОМ;Другое;ОБРАБОТАНО КОММУТАТОРОМ;Другое;ОБРАБОТАНО КОММУТАТОРОМ;Другое;ОБРАБОТАНО КОММУТАТОРОМ;Другое;ОБРАБОТАНО КОММУТАТОРОМ;;;Другое;ОБРАБОТАНО КОММУТАТОРОМ;;;Другое;ОБРАБОТАНО КОММУТАТОРОМ;;;Другое;ОБРАБОТАНО КОММУТАТОРОМ;Другое;ОБРАБОТАНО КОММУТАТОРОМ;Другое;ОБРАБОТАНО КОММУТАТОРОМ;Другое;ОБРАБОТАНО КОММУТАТОРОМ;Другое;ОБРАБОТАНО КОММУТАТОРОМ;Другое;ОБРАБОТАНО КОММУТАТОРОМ;Другое;ОБРАБОТАНО КОММУТАТОРОМ;Другое;ОБРАБОТАНО КОММУТАТОРОМ;Другое;ОБРАБОТАНО КОММУТАТОРОМ;Другое;ОБРАБОТАНО КОММУТАТОРОМ;Другое;ОБРАБОТАНО КОММУТАТОРОМ;Другое;ОБРАБОТАНО КОММУТАТОРОМ
37745257;https://alladin116.amocrm.ru/leads/detail/37745257;Коол Центр;;27.04.2026;Другое;Контрольный звонок данные;СТУ;ОБРАБОТАНО Коммутатором;СТУ;ОБРАБОТАНО Коммутатором;Другое;Контрольный звонок данные;СТУ;ОБРАБОТАНО Коммутатором;Другое;Контрольный звонок данные;Другое;Контрольный звонок данные;СТУ;ОБРАБОТАНО Коммутатором;Другое;Контрольный звонок данные;СТУ;ОБРАБОТАНО Коммутатором;Другое;Контрольный звонок данные;СТУ;ОБРАБОТАНО Коммутатором;Другое;Контрольный звонок данные;СТУ;ОБРАБОТАНО Коммутатором;Другое;Контрольный звонок данные;СТУ;ОБРАБОТАНО Коммутатором;Другое;Контрольный звонок данные;Другое;Контрольный звонок данные;Другое;Контрольный звонок данные;Другое;Контрольный звонок данные;Другое;Контрольный звонок данные;СТУ;ОБРАБОТАНО Коммутатором;СТУ;ОБРАБОТАНО Коммутатором;СТУ;ОБРАБОТАНО Коммутатором;СТУ;ОБРАБОТАНО Коммутатором;СТУ;ОБРАБОТАНО Коммутатором;СТУ;ОБРАБОТАНО Коммутатором;СТУ;ОБРАБОТАНО Коммутатором;СТУ;ОБРАБОТАНО Коммутатором;;;СТУ;ОБРАБОТАНО Коммутатором;;;СТУ;ОБРАБОТАНО Коммутатором;;;СТУ;ОБРАБОТАНО Коммутатором;СТУ;ОБРАБОТАНО Коммутатором;СТУ;ОБРАБОТАНО Коммутатором;Другое;Запросили данные;СТУ;ОБРАБОТАНО Коммутатором;Другое;Контрольный звонок данные;СТУ;ОБРАБОТАНО Коммутатором;Другое;Контрольный звонок данные;СТУ;ОБРАБОТАНО Коммутатором;Другое;Контрольный звонок данные;СТУ;ОБРАБОТАНО Коммутатором;СТУ;ОБРАБОТАНО Коммутатором
37745255;https://alladin116.amocrm.ru/leads/detail/37745255;Коол Центр;Закрыто и не реализовано;27.04.2026;Другое;Контрольный звонок данные;;;;;Другое;Контрольный звонок данные;;;Другое;Контрольный звонок данные;Другое;Закрыто и не реализовано;;;;;;;;;;;;;;;;;;;;;;;;;;;;;;;;;;;;;;;;;;;;;;;;;;;;;;;;;;;;;Другое;Запросили данные;;;Другое;Контрольный звонок данные;;;Другое;Контрольный звонок данные;;;Другое;Контрольный звонок данные;;;;
37745233;https://alladin116.amocrm.ru/leads/detail/37745233;Коол Центр;Закрыто и не реализовано;27.04.2026;Другое;Контрольный звонок данные;;;;;Другое;Контрольный звонок данные;;;Другое;Контрольный звонок данные;Другое;Закрыто и не реализовано;;;;;;;;;;;;;;;;;;;;;;;;;;;;;;;;;;;;;;;;;;;;;;;;;;;;;;;;;;;;;Другое;Запросили данные;;;Другое;Контрольный звонок данные;;;Другое;Контрольный звонок данные;;;Другое;Контрольный звонок данные;;;;
37745231;https://alladin116.amocrm.ru/leads/detail/37745231;Коол Центр;Закрыто и не реализовано;27.04.2026;Лиды обработка;Недозвон;;;;;Лиды обработка;Недозвон;;;Лиды обработка;Недозвон;Лиды обработка;Закрыто и не реализовано;;;;;;;;;;;;;;;;;;;;;;;;;;;;;;;;;;;;;;;;;;;;;;;;;;;;;;;;;;;;;Лиды обработка;Недозвон;;;Лиды обработка;Недозвон;;;Лиды обработка;Недозвон;;;Лиды обработка;Недозвон;;;;
37745225;https://alladin116.amocrm.ru/leads/detail/37745225;Коол Центр;Закрыто и не реализовано;27.04.2026;;;;;;;;;;;;;;;;;;;;;;;;;;;;;;;;;;;;;;;;;;;;;;;;;;;;;;;;;;;;;;;;;;;;;;;;;;;Другое;Закрыто и не реализовано;;;;;;;;;;;;;;;;
37745867;https://alladin116.amocrm.ru/leads/detail/37745867;Коол Центр;Закрыто и не реализовано;28.04.2026;;;;;;;;;;;;;;;;;;;;;;;;;;;;;;;;;;;;;;;;;;;;;;;;;;;;;;;;;;;;;;;;;;;;;;;;;;;;;;;Другое;Закрыто и не реализовано;;;;;;;;;;;;
37745865;https://alladin116.amocrm.ru/leads/detail/37745865;повторный заказ;Закрыто и не реализовано;28.04.2026;Расчет рисков;Обработано коммутатором;;;;;Расчет рисков;Обработано коммутатором;;;Расчет рисков;Обработано коммутатором;Расчет рисков;Обработано коммутатором;;;Расчет рисков;Обработано коммутатором;;;Расчет рисков;Обработано коммутатором;;;Расчет рисков;Обработано коммутатором;;;Расчет рисков;Обработано коммутатором;Расчет рисков;Обработано коммутатором;Расчет рисков;Обработано коммутатором;Расчет рисков;Обработано коммутатором;Расчет рисков;Обработано коммутатором;Расчет рисков;Обработано коммутатором;Расчет рисков;Обработано коммутатором;Расчет рисков;Обработано коммутатором;Расчет рисков;Обработано коммутатором;Расчет рисков;Обработано коммутатором;Расчет рисков;Обработано коммутатором;Расчет рисков;Обработано коммутатором;Расчет рисков;Обработано коммутатором;Расчет рисков;Обработано коммутатором;Расчет рисков;Обработано коммутатором;;;Расчет рисков;Обработано коммутатором;;;Расчет рисков;Обработано коммутатором;;;Расчет рисков;Обработано коммутатором;Расчет рисков;Обработано коммутатором;Расчет рисков;Закрыто и не реализовано;;;;;Расчет рисков;Обработано коммутатором;;;Расчет рисков;Обработано коммутатором;;;Расчет рисков;Обработано коммутатором;;;;
37745855;https://alladin116.amocrm.ru/leads/detail/37745855;Коол Центр;Закрыто и не реализовано;28.04.2026;;;;;;;;;;;;;;;;;;;;;;;;;;;;;;;;;;;;;;;;;;;;;;;;;;;;;;;;;;;;;;;;;;;;;;;;;;;;;;;Другое;Закрыто и не реализовано;;;;;;;;;;;;
37745825;https://alladin116.amocrm.ru/leads/detail/37745825;Коол Центр;;28.04.2026;Другое;ОБРАБОТАНО КОММУТАТОРОМ;Другое;ОБРАБОТАНО КОММУТАТОРОМ;Другое;ОБРАБОТАНО КОММУТАТОРОМ;Другое;ОБРАБОТАНО КОММУТАТОРОМ;Другое;ОБРАБОТАНО КОММУТАТОРОМ;Другое;ОБРАБОТАНО КОММУТАТОРОМ;Другое;ОБРАБОТАНО КОММУТАТОРОМ;Другое;ОБРАБОТАНО КОММУТАТОРОМ;Другое;ОБРАБОТАНО КОММУТАТОРОМ;Другое;ОБРАБОТАНО КОММУТАТОРОМ;Другое;ОБРАБОТАНО КОММУТАТОРОМ;Другое;ОБРАБОТАНО КОММУТАТОРОМ;Другое;ОБРАБОТАНО КОММУТАТОРОМ;Другое;ОБРАБОТАНО КОММУТАТОРОМ;Другое;ОБРАБОТАНО КОММУТАТОРОМ;Другое;ОБРАБОТАНО КОММУТАТОРОМ;Другое;ОБРАБОТАНО КОММУТАТОРОМ;Другое;ОБРАБОТАНО КОММУТАТОРОМ;Другое;ОБРАБОТАНО КОММУТАТОРОМ;Другое;ОБРАБОТАНО КОММУТАТОРОМ;Другое;ОБРАБОТАНО КОММУТАТОРОМ;Другое;ОБРАБОТАНО КОММУТАТОРОМ;Другое;ОБРАБОТАНО КОММУТАТОРОМ;Другое;ОБРАБОТАНО КОММУТАТОРОМ;Другое;ОБРАБОТАНО КОММУТАТОРОМ;Другое;ОБРАБОТАНО КОММУТАТОРОМ;Другое;ОБРАБОТАНО КОММУТАТОРОМ;Другое;ОБРАБОТАНО КОММУТАТОРОМ;Другое;ОБРАБОТАНО КОММУТАТОРОМ;;;Другое;ОБРАБОТАНО КОММУТАТОРОМ;;;Другое;ОБРАБОТАНО КОММУТАТОРОМ;;;Другое;ОБРАБОТАНО КОММУТАТОРОМ;Другое;ОБРАБОТАНО КОММУТАТОРОМ;Другое;ОБРАБОТАНО КОММУТАТОРОМ;;;Другое;ОБРАБОТАНО КОММУТАТОРОМ;Другое;ОБРАБОТАНО КОММУТАТОРОМ;Другое;ОБРАБОТАНО КОММУТАТОРОМ;Другое;ОБРАБОТАНО КОММУТАТОРОМ;Другое;ОБРАБОТАНО КОММУТАТОРОМ;Другое;ОБРАБОТАНО КОММУТАТОРОМ;Другое;ОБРАБОТАНО КОММУТАТОРОМ;Другое;ОБРАБОТАНО КОММУТАТОРОМ
37745811;https://alladin116.amocrm.ru/leads/detail/37745811;Коол Центр;Закрыто и не реализовано;28.04.2026;;;;;;;;;;;;;;;;;;;;;;;;;;;;;;;;;;;;;;;;;;;;;;;;;;;;;;;;;;;;;;;;;;;;;;;;;;;;;;;Другое;Закрыто и не реализовано;;;;;;;;;;;;
37745789;https://alladin116.amocrm.ru/leads/detail/37745789;Коол Центр;Закрыто и не реализовано;28.04.2026;Другое;ОБРАБОТАНО КОММУТАТОРОМ;;;;;Другое;ОБРАБОТАНО КОММУТАТОРОМ;;;Другое;ОБРАБОТАНО КОММУТАТОРОМ;Другое;ОБРАБОТАНО КОММУТАТОРОМ;;;Другое;ОБРАБОТАНО КОММУТАТОРОМ;;;Другое;ОБРАБОТАНО КОММУТАТОРОМ;;;Другое;ОБРАБОТАНО КОММУТАТОРОМ;;;Другое;ОБРАБОТАНО КОММУТАТОРОМ;Другое;ОБРАБОТАНО КОММУТАТОРОМ;Другое;ОБРАБОТАНО КОММУТАТОРОМ;Другое;ОБРАБОТАНО КОММУТАТОРОМ;Другое;ОБРАБОТАНО КОММУТАТОРОМ;Другое;ОБРАБОТАНО КОММУТАТОРОМ;Другое;ОБРАБОТАНО КОММУТАТОРОМ;Другое;ОБРАБОТАНО КОММУТАТОРОМ;Другое;ОБРАБОТАНО КОММУТАТОРОМ;Другое;ОБРАБОТАНО КОММУТАТОРОМ;Другое;ОБРАБОТАНО КОММУТАТОРОМ;Другое;ОБРАБОТАНО КОММУТАТОРОМ;Другое;ОБРАБОТАНО КОММУТАТОРОМ;Другое;Закрыто и не реализовано;;;;;;;;;;;;;;;;;;;;;;;Другое;ОБРАБОТАНО КОММУТАТОРОМ;;;Другое;ОБРАБОТАНО КОММУТАТОРОМ;;;Другое;ОБРАБОТАНО КОММУТАТОРОМ;;;;
37745785;https://alladin116.amocrm.ru/leads/detail/37745785;Коол Центр;Закрыто и не реализовано;28.04.2026;Лиды обработка;Недозвон;;;;;Лиды обработка;Недозвон;;;Лиды обработка;Недозвон;Лиды обработка;Недозвон;;;Лиды обработка;Недозвон;;;Лиды обработка;Недозвон;;;Лиды обработка;Недозвон;;;Лиды обработка;Недозвон;Лиды обработка;Недозвон;Лиды обработка;Недозвон;Лиды обработка;Недозвон;Лиды обработка;Недозвон;Лиды обработка;Недозвон;Лиды обработка;Недозвон;Лиды обработка;Закрыто и не реализовано;;;;;;;;;;;;;;;;;;;;;;;;;;;;;;;;;;;Лиды обработка;Недозвон;;;Лиды обработка;Недозвон;;;Лиды обработка;Недозвон;;;;
37745767;https://alladin116.amocrm.ru/leads/detail/37745767;Коол Центр;Закрыто и не реализовано;28.04.2026;;;;;;;;;;;;;;;;;;;;;;;;;;;;;;;;;;;;;;;;;;;;;;;;;;;;;;;;;;;;;;;;;;;;;;;;;;;;;;;Другое;Закрыто и не реализовано;;;;;;;;;;;;
37745763;https://alladin116.amocrm.ru/leads/detail/37745763;Коол Центр;Закрыто и не реализовано;28.04.2026;;;;;;;;;;;;;;;;;;;;;;;;;;;;;;;;;;;;;;;;;;;;;;;;;;;;;;;;;;;;;;;;;;;;;;;;;;;;;;;Другое;ОБРАБОТАНО КОММУТАТОРОМ;;;Другое;Закрыто и не реализовано;;;;;;;;
37745749;https://alladin116.amocrm.ru/leads/detail/37745749;Коол Центр;Закрыто и не реализовано;28.04.2026;АПС;Контрольный звонок КП;;;;;АПС;Контрольный звонок КП;;;АПС;Контрольный звонок КП;АПС;Контрольный звонок КП;;;АПС;Контрольный звонок КП;;;АПС;Контрольный звонок КП;;;АПС;Контрольный звонок КП;;;АПС;Контрольный звонок КП;АПС;Контрольный звонок КП;АПС;Контрольный звонок КП;АПС;Контрольный звонок КП;АПС;Контрольный звонок КП;АПС;Контрольный звонок КП;АПС;Контрольный звонок КП;АПС;Контрольный звонок КП;АПС;Контрольный звонок КП;АПС;Контрольный звонок КП;АПС;Контрольный звонок КП;АПС;Контрольный звонок КП;АПС;Контрольный звонок КП;АПС;Закрыто и не реализовано;;;;;;;;;;;;;;;;;;;;;;;АПС;ДАННЫЕ ПРЕДОСТАВЛЕНЫ;;;АПС;ДАННЫЕ ПРЕДОСТАВЛЕНЫ;;;АПС;Кп отправлено;;;;
37745735;https://alladin116.amocrm.ru/leads/detail/37745735;Коол Центр;;28.04.2026;Другое;ОБРАБОТАНО КОММУТАТОРОМ;СТУ;ОБРАБОТАНО Коммутатором;СТУ;ОБРАБОТАНО Коммутатором;Другое;ОБРАБОТАНО КОММУТАТОРОМ;СТУ;ОБРАБОТАНО Коммутатором;Другое;ОБРАБОТАНО КОММУТАТОРОМ;Другое;ОБРАБОТАНО КОММУТАТОРОМ;СТУ;ОБРАБОТАНО Коммутатором;Другое;ОБРАБОТАНО КОММУТАТОРОМ;СТУ;ОБРАБОТАНО Коммутатором;Другое;ОБРАБОТАНО КОММУТАТОРОМ;СТУ;ОБРАБОТАНО Коммутатором;Другое;ОБРАБОТАНО КОММУТАТОРОМ;СТУ;ОБРАБОТАНО Коммутатором;Другое;ОБРАБОТАНО КОММУТАТОРОМ;СТУ;ОБРАБОТАНО Коммутатором;Другое;ОБРАБОТАНО КОММУТАТОРОМ;Другое;ОБРАБОТАНО КОММУТАТОРОМ;Другое;ОБРАБОТАНО КОММУТАТОРОМ;Другое;ОБРАБОТАНО КОММУТАТОРОМ;Другое;ОБРАБОТАНО КОММУТАТОРОМ;Другое;ОБРАБОТАНО КОММУТАТОРОМ;Другое;ОБРАБОТАНО КОММУТАТОРОМ;Другое;ОБРАБОТАНО КОММУТАТОРОМ;Другое;ОБРАБОТАНО КОММУТАТОРОМ;Другое;ОБРАБОТАНО КОММУТАТОРОМ;Другое;ОБРАБОТАНО КОММУТАТОРОМ;СТУ;ОБРАБОТАНО Коммутатором;СТУ;ОБРАБОТАНО Коммутатором;;;СТУ;ОБРАБОТАНО Коммутатором;;;СТУ;ОБРАБОТАНО Коммутатором;;;СТУ;ОБРАБОТАНО Коммутатором;СТУ;ОБРАБОТАНО Коммутатором;СТУ;ОБРАБОТАНО Коммутатором;;;СТУ;ОБРАБОТАНО Коммутатором;Другое;ОБРАБОТАНО КОММУТАТОРОМ;СТУ;ОБРАБОТАНО Коммутатором;Другое;ОБРАБОТАНО КОММУТАТОРОМ;СТУ;ОБРАБОТАНО Коммутатором;Другое;ОБРАБОТАНО КОММУТАТОРОМ;СТУ;ОБРАБОТАНО Коммутатором;СТУ;ОБРАБОТАНО Коммутатором
37745731;https://alladin116.amocrm.ru/leads/detail/37745731;Коол Центр;Закрыто и не реализовано;28.04.2026;;;;;;;;;;;;;;;;;;;;;;;;;;;;;;;;;;;;;;;;;;;;;;;;;;;;;;;;;;;;;;;;;;;;;;;;;;;;;;;Лиды обработка;Недозвон;;;Другое;ОБРАБОТАНО КОММУТАТОРОМ;;;Другое;Закрыто и не реализовано;;;;
37745727;https://alladin116.amocrm.ru/leads/detail/37745727;Коол Центр;Закрыто и не реализовано;28.04.2026;Другое;ОБРАБОТАНО КОММУТАТОРОМ;;;;;Другое;ОБРАБОТАНО КОММУТАТОРОМ;;;Другое;ОБРАБОТАНО КОММУТАТОРОМ;Другое;ОБРАБОТАНО КОММУТАТОРОМ;;;Другое;ОБРАБОТАНО КОММУТАТОРОМ;;;Другое;ОБРАБОТАНО КОММУТАТОРОМ;;;Другое;ОБРАБОТАНО КОММУТАТОРОМ;;;Другое;ОБРАБОТАНО КОММУТАТОРОМ;Другое;ОБРАБОТАНО КОММУТАТОРОМ;Другое;ОБРАБОТАНО КОММУТАТОРОМ;Другое;ОБРАБОТАНО КОММУТАТОРОМ;Другое;ОБРАБОТАНО КОММУТАТОРОМ;Другое;Закрыто и не реализовано;;;;;;;;;;;;;;;;;;;;;;;;;;;;;;;;;;;;;;;Лиды обработка;Скорозвон;;;Другое;ОБРАБОТАНО КОММУТАТОРОМ;;;Другое;ОБРАБОТАНО КОММУТАТОРОМ;;;;
37745725;https://alladin116.amocrm.ru/leads/detail/37745725;Коол Центр;;28.04.2026;Документы ПБ;Контрольный звонок КП получено;Документы ПБ;Контрольный звонок КП получено;Документы ПБ;Контрольный звонок КП получено;Документы ПБ;Контрольный звонок КП получено;Документы ПБ;Контрольный звонок КП получено;Документы ПБ;Контрольный звонок КП получено;Документы ПБ;Контрольный звонок КП получено;Документы ПБ;Контрольный звонок КП получено;Документы ПБ;Контрольный звонок КП получено;Документы ПБ;Контрольный звонок КП получено;Документы ПБ;Контрольный звонок КП получено;Документы ПБ;Контрольный звонок КП получено;Документы ПБ;Контрольный звонок КП получено;Документы ПБ;Контрольный звонок КП получено;Документы ПБ;Контрольный звонок КП получено;Документы ПБ;Контрольный звонок КП получено;Документы ПБ;Контрольный звонок КП получено;Документы ПБ;Контрольный звонок КП получено;Документы ПБ;Контрольный звонок КП получено;Документы ПБ;Контрольный звонок КП получено;Документы ПБ;Контрольный звонок КП получено;Документы ПБ;Контрольный звонок КП получено;Документы ПБ;Контрольный звонок КП получено;Документы ПБ;Контрольный звонок КП получено;Документы ПБ;Контрольный звонок КП получено;Документы ПБ;Контрольный звонок КП получено;Документы ПБ;Контрольный звонок КП получено;Абонентка (первичная продажа);Запросили данные;Абонентка (первичная продажа);Запросили данные;;;Документы ПБ;ДАННЫЕ ПРЕДОСТАВЛЕНЫ;;;Документы ПБ;ДАННЫЕ ПРЕДОСТАВЛЕНЫ;;;Документы ПБ;Кп отправлено;Документы ПБ;Кп отправлено;Документы ПБ;КП получено;;;Документы ПБ;Контрольный звонок КП получено;Документы ПБ;Запросили данные;Документы ПБ;Контрольный звонок КП получено;Документы ПБ;Кп отправлено;Документы ПБ;Контрольный звонок КП получено;Документы ПБ;КП получено;Документы ПБ;Контрольный звонок КП получено;Документы ПБ;Контрольный звонок КП получено
37745703;https://alladin116.amocrm.ru/leads/detail/37745703;Коол Центр;;28.04.2026;Другое;Контрольный звонок КП;Другое;ОБРАБОТАНО КОММУТАТОРОМ;Другое;ОБРАБОТАНО КОММУТАТОРОМ;Другое;Контрольный звонок КП;Другое;ОБРАБОТАНО КОММУТАТОРОМ;Другое;Контрольный звонок КП;Другое;Контрольный звонок КП;Другое;ОБРАБОТАНО КОММУТАТОРОМ;Другое;Контрольный звонок КП;Другое;ОБРАБОТАНО КОММУТАТОРОМ;Другое;Контрольный звонок КП;Другое;ОБРАБОТАНО КОММУТАТОРОМ;Другое;Контрольный звонок КП;Другое;ОБРАБОТАНО КОММУТАТОРОМ;Другое;Контрольный звонок КП;Другое;ОБРАБОТАНО КОММУТАТОРОМ;Другое;Контрольный звонок КП;Другое;Контрольный звонок КП;Другое;Контрольный звонок КП;Другое;ОБРАБОТАНО КОММУТАТОРОМ;Другое;ОБРАБОТАНО КОММУТАТОРОМ;Другое;ОБРАБОТАНО КОММУТАТОРОМ;Другое;ОБРАБОТАНО КОММУТАТОРОМ;Другое;ОБРАБОТАНО КОММУТАТОРОМ;Другое;ОБРАБОТАНО КОММУТАТОРОМ;Другое;ОБРАБОТАНО КОММУТАТОРОМ;Другое;ОБРАБОТАНО КОММУТАТОРОМ;Другое;ОБРАБОТАНО КОММУТАТОРОМ;Другое;ОБРАБОТАНО КОММУТАТОРОМ;;;Другое;ОБРАБОТАНО КОММУТАТОРОМ;;;Другое;ОБРАБОТАНО КОММУТАТОРОМ;;;Другое;ОБРАБОТАНО КОММУТАТОРОМ;Другое;ОБРАБОТАНО КОММУТАТОРОМ;Другое;ОБРАБОТАНО КОММУТАТОРОМ;;;Другое;ОБРАБОТАНО КОММУТАТОРОМ;Другое;Контрольный звонок данные;Другое;ОБРАБОТАНО КОММУТАТОРОМ;Другое;Контрольный звонок данные;Другое;ОБРАБОТАНО КОММУТАТОРОМ;Другое;Кп отправлено;Другое;ОБРАБОТАНО КОММУТАТОРОМ;Другое;ОБРАБОТАНО КОММУТАТОРОМ
37745699;https://alladin116.amocrm.ru/leads/detail/37745699;Коол Центр;Закрыто и не реализовано;28.04.2026;Другое;ОБРАБОТАНО КОММУТАТОРОМ;;;;;Другое;ОБРАБОТАНО КОММУТАТОРОМ;;;Другое;ОБРАБОТАНО КОММУТАТОРОМ;Другое;ОБРАБОТАНО КОММУТАТОРОМ;;;Другое;ОБРАБОТАНО КОММУТАТОРОМ;;;Другое;ОБРАБОТАНО КОММУТАТОРОМ;;;Другое;ОБРАБОТАНО КОММУТАТОРОМ;;;Другое;ОБРАБОТАНО КОММУТАТОРОМ;Другое;ОБРАБОТАНО КОММУТАТОРОМ;Другое;ОБРАБОТАНО КОММУТАТОРОМ;Другое;ОБРАБОТАНО КОММУТАТОРОМ;Другое;ОБРАБОТАНО КОММУТАТОРОМ;Другое;ОБРАБОТАНО КОММУТАТОРОМ;Другое;ОБРАБОТАНО КОММУТАТОРОМ;Другое;ОБРАБОТАНО КОММУТАТОРОМ;Другое;ОБРАБОТАНО КОММУТАТОРОМ;Другое;ОБРАБОТАНО КОММУТАТОРОМ;Другое;Закрыто и не реализовано;;;;;;;;;;;;;;;;;;;;;;;;;;;;;Лиды обработка;Скорозвон;;;Другое;ОБРАБОТАНО КОММУТАТОРОМ;;;Другое;ОБРАБОТАНО КОММУТАТОРОМ;;;;
37745681;https://alladin116.amocrm.ru/leads/detail/37745681;повторный заказ;Успешно реализовано;28.04.2026;Планы эвакуации;Сдано в производство;Планы эвакуации;Успешно реализовано;Планы эвакуации;Успешно реализовано;Планы эвакуации;Сдано в производство;Планы эвакуации;Успешно реализовано;Планы эвакуации;Сдано в производство;Планы эвакуации;Сдано в производство;Планы эвакуации;Успешно реализовано;Планы эвакуации;подготовка документов к отгрузке;Планы эвакуации;Успешно реализовано;Планы эвакуации;подготовка документов к отгрузке;Планы эвакуации;Успешно реализовано;Планы эвакуации;подготовка документов к отгрузке;Планы эвакуации;Успешно реализовано;Планы эвакуации;подготовка документов к отгрузке;Планы эвакуации;Успешно реализовано;Планы эвакуации;подготовка документов к отгрузке;Планы эвакуации;УПД отправлено;Планы эвакуации;УПД отправлено;Планы эвакуации;УПД отправлено;Планы эвакуации;УПД отправлено;Планы эвакуации;УПД отправлено;Планы эвакуации;Успешно реализовано;;;;;;;;;;;;;;;;;;;;;;;;;Планы эвакуации;Успешно реализовано;Планы эвакуации;Успешно реализовано;;;Планы эвакуации;Успешно реализовано;Планы эвакуации;Оплата 100%;Планы эвакуации;Успешно реализовано;Планы эвакуации;Оплата 100%;Планы эвакуации;Успешно реализовано;Планы эвакуации;Сдано в производство;Планы эвакуации;Успешно реализовано;Планы эвакуации;Успешно реализовано
37745675;https://alladin116.amocrm.ru/leads/detail/37745675;Коол Центр;;28.04.2026;АПС;Контрольный звонок данные;АПС;Контрольный звонок данные;АПС;Контрольный звонок данные;АПС;Контрольный звонок данные;АПС;Контрольный звонок данные;АПС;Контрольный звонок данные;АПС;Контрольный звонок данные;АПС;Контрольный звонок данные;АПС;Контрольный звонок данные;АПС;Контрольный звонок данные;АПС;Контрольный звонок данные;АПС;Контрольный звонок данные;АПС;Контрольный звонок данные;АПС;Контрольный звонок данные;АПС;Контрольный звонок данные;АПС;Контрольный звонок данные;АПС;Контрольный звонок данные;АПС;Контрольный звонок данные;АПС;Контрольный звонок данные;АПС;Контрольный звонок данные;АПС;Контрольный звонок данные;АПС;Контрольный звонок данные;АПС;Контрольный звонок данные;АПС;Контрольный звонок данные;АПС;Контрольный звонок данные;АПС;Контрольный звонок данные;АПС;Контрольный звонок данные;АПС;Контрольный звонок данные;АПС;Контрольный звонок данные;;;АПС;Контрольный звонок данные;;;АПС;Контрольный звонок данные;;;АПС;Контрольный звонок данные;АПС;Контрольный звонок данные;АПС;Контрольный звонок данные;;;АПС;Контрольный звонок данные;АПС;Контрольный звонок данные;АПС;Контрольный звонок данные;АПС;Контрольный звонок данные;АПС;Контрольный звонок данные;АПС;Контрольный звонок данные;АПС;Контрольный звонок данные;АПС;Контрольный звонок данные
37745667;https://alladin116.amocrm.ru/leads/detail/37745667;yandex;Закрыто и не реализовано;28.04.2026;;;;;;;;;;;;;;;;;;;;;;;;;;;;;;;;;;;;;;;;;;;;;;;;;;;;;;;;;;;;;;;;;;;;;;;;;;;;;;;Лиды обработка;Закрыто и не реализовано;;;;;;;;;;;;
37745665;https://alladin116.amocrm.ru/leads/detail/37745665;повторный заказ;;28.04.2026;Планы эвакуации;Контрольный звонок Д\С;Планы эвакуации;Контрольный звонок Д\С;Планы эвакуации;Контрольный звонок Д\С;Планы эвакуации;Контрольный звонок Д\С;Планы эвакуации;Контрольный звонок Д\С;Планы эвакуации;Контрольный звонок Д\С;Планы эвакуации;Контрольный звонок Д\С;Планы эвакуации;Контрольный звонок Д\С;Планы эвакуации;Контрольный звонок Д\С;Планы эвакуации;Контрольный звонок Д\С;Планы эвакуации;Контрольный звонок Д\С;Планы эвакуации;Контрольный звонок Д\С;Планы эвакуации;Контрольный звонок Д\С;Планы эвакуации;Контрольный звонок Д\С;Планы эвакуации;Контрольный звонок Д\С;Планы эвакуации;Контрольный звонок Д\С;Планы эвакуации;Контрольный звонок Д\С;Планы эвакуации;Контрольный звонок Д\С;Планы эвакуации;Контрольный звонок Д\С;Планы эвакуации;Контрольный звонок Д\С;Планы эвакуации;Контрольный звонок Д\С;Планы эвакуации;Контрольный звонок Д\С;Планы эвакуации;Контрольный звонок Д\С;Планы эвакуации;Контрольный звонок Д\С;Планы эвакуации;Контрольный звонок Д\С;Планы эвакуации;Контрольный звонок Д\С;Планы эвакуации;Контрольный звонок Д\С;Планы эвакуации;Контрольный звонок Д\С;Планы эвакуации;Контрольный звонок Д\С;;;Планы эвакуации;Контрольный звонок Д\С;;;Планы эвакуации;Контрольный звонок Д\С;;;Планы эвакуации;Контрольный звонок Д\С;Планы эвакуации;Контрольный звонок Д\С;Планы эвакуации;Контрольный звонок Д\С;;;Планы эвакуации;Контрольный звонок Д\С;Планы эвакуации;Контрольный звонок Д\С;Планы эвакуации;Контрольный звонок Д\С;Планы эвакуации;Контрольный звонок Д\С;Планы эвакуации;Контрольный звонок Д\С;Планы эвакуации;Контрольный звонок Д\С;Планы эвакуации;Контрольный звонок Д\С;Планы эвакуации;Контрольный звонок Д\С
37745663;https://alladin116.amocrm.ru/leads/detail/37745663;Коол Центр;Закрыто и не реализовано;28.04.2026;;;;;;;;;;;;;;;;;;;;;;;;;;;;;;;;;;;;;;;;;;;;;;;;;;;;;;;;;;;;;;;;;;;;;;;;;;;;;;;Другое;Закрыто и не реализовано;;;;;;;;;;;;
37745641;https://alladin116.amocrm.ru/leads/detail/37745641;повторный заказ;Закрыто и не реализовано;28.04.2026;;;;;;;;;;;;;;;;;;;;;;;;;;;;;;;;;;;;;;;;;;;;;;;;;;;;;;;;;;;;;;;;;;;;;;;;;;;;;;;Лиды обработка;Закрыто и не реализовано;;;;;;;;;;;;
37745639;https://alladin116.amocrm.ru/leads/detail/37745639;Коол Центр;Закрыто и не реализовано;28.04.2026;;;;;;;;;;;;;;;;;;;;;;;;;;;;;;;;;;;;;;;;;;;;;;;;;;;;;;;;;;;;;;;;;;;;;;;;;;;;;;;Лиды обработка;Закрыто и не реализовано;;;;;;;;;;;;
37745637;https://alladin116.amocrm.ru/leads/detail/37745637;Коол Центр;;28.04.2026;СТУ;ОБРАБОТАНО Коммутатором;СТУ;ОБРАБОТАНО Коммутатором;СТУ;ОБРАБОТАНО Коммутатором;СТУ;ОБРАБОТАНО Коммутатором;СТУ;ОБРАБОТАНО Коммутатором;СТУ;ОБРАБОТАНО Коммутатором;СТУ;ОБРАБОТАНО Коммутатором;СТУ;ОБРАБОТАНО Коммутатором;СТУ;ОБРАБОТАНО Коммутатором;СТУ;ОБРАБОТАНО Коммутатором;СТУ;ОБРАБОТАНО Коммутатором;СТУ;ОБРАБОТАНО Коммутатором;СТУ;ОБРАБОТАНО Коммутатором;СТУ;ОБРАБОТАНО Коммутатором;СТУ;ОБРАБОТАНО Коммутатором;СТУ;ОБРАБОТАНО Коммутатором;СТУ;ОБРАБОТАНО Коммутатором;СТУ;ОБРАБОТАНО Коммутатором;СТУ;ОБРАБОТАНО Коммутатором;СТУ;ОБРАБОТАНО Коммутатором;СТУ;ОБРАБОТАНО Коммутатором;СТУ;ОБРАБОТАНО Коммутатором;СТУ;ОБРАБОТАНО Коммутатором;СТУ;ОБРАБОТАНО Коммутатором;СТУ;ОБРАБОТАНО Коммутатором;СТУ;ОБРАБОТАНО Коммутатором;СТУ;ОБРАБОТАНО Коммутатором;СТУ;ОБРАБОТАНО Коммутатором;СТУ;ОБРАБОТАНО Коммутатором;;;СТУ;ОБРАБОТАНО Коммутатором;;;СТУ;ОБРАБОТАНО Коммутатором;;;СТУ;ОБРАБОТАНО Коммутатором;СТУ;ОБРАБОТАНО Коммутатором;СТУ;ОБРАБОТАНО Коммутатором;;;СТУ;ОБРАБОТАНО Коммутатором;СТУ;ОБРАБОТАНО Коммутатором;СТУ;ОБРАБОТАНО Коммутатором;СТУ;ОБРАБОТАНО Коммутатором;СТУ;ОБРАБОТАНО Коммутатором;СТУ;ОБРАБОТАНО Коммутатором;СТУ;ОБРАБОТАНО Коммутатором;СТУ;ОБРАБОТАНО Коммутатором
37745633;https://alladin116.amocrm.ru/leads/detail/37745633;Коол Центр;;28.04.2026;СТУ;ОБРАБОТАНО Коммутатором;СТУ;ОБРАБОТАНО Коммутатором;СТУ;ОБРАБОТАНО Коммутатором;СТУ;ОБРАБОТАНО Коммутатором;СТУ;ОБРАБОТАНО Коммутатором;СТУ;ОБРАБОТАНО Коммутатором;СТУ;ОБРАБОТАНО Коммутатором;СТУ;ОБРАБОТАНО Коммутатором;СТУ;ОБРАБОТАНО Коммутатором;СТУ;ОБРАБОТАНО Коммутатором;СТУ;ОБРАБОТАНО Коммутатором;СТУ;ОБРАБОТАНО Коммутатором;СТУ;ОБРАБОТАНО Коммутатором;СТУ;ОБРАБОТАНО Коммутатором;СТУ;ОБРАБОТАНО Коммутатором;СТУ;ОБРАБОТАНО Коммутатором;СТУ;ОБРАБОТАНО Коммутатором;СТУ;ОБРАБОТАНО Коммутатором;СТУ;ОБРАБОТАНО Коммутатором;СТУ;ОБРАБОТАНО Коммутатором;СТУ;ОБРАБОТАНО Коммутатором;СТУ;ОБРАБОТАНО Коммутатором;СТУ;ОБРАБОТАНО Коммутатором;СТУ;ОБРАБОТАНО Коммутатором;СТУ;ОБРАБОТАНО Коммутатором;СТУ;ОБРАБОТАНО Коммутатором;СТУ;ОБРАБОТАНО Коммутатором;СТУ;ОБРАБОТАНО Коммутатором;СТУ;ОБРАБОТАНО Коммутатором;;;СТУ;ОБРАБОТАНО Коммутатором;;;СТУ;ОБРАБОТАНО Коммутатором;;;СТУ;ОБРАБОТАНО Коммутатором;СТУ;ОБРАБОТАНО Коммутатором;СТУ;ОБРАБОТАНО Коммутатором;;;СТУ;ОБРАБОТАНО Коммутатором;СТУ;ОБРАБОТАНО Коммутатором;СТУ;ОБРАБОТАНО Коммутатором;СТУ;ОБРАБОТАНО Коммутатором;СТУ;ОБРАБОТАНО Коммутатором;СТУ;ОБРАБОТАНО Коммутатором;СТУ;ОБРАБОТАНО Коммутатором;СТУ;ОБРАБОТАНО Коммутатором
37745623;https://alladin116.amocrm.ru/leads/detail/37745623;Коол Центр;Закрыто и не реализовано;28.04.2026;Лиды обработка;Недозвон;;;;;Лиды обработка;Недозвон;;;Лиды обработка;Недозвон;Другое;Закрыто и не реализовано;;;;;;;;;;;;;;;;;;;;;;;;;;;;;;;;;;;;;;;;;;;;;;;;;;;;;;;;;;;;;;;;;Лиды обработка;Недозвон;;;Лиды обработка;Недозвон;;;Лиды обработка;Недозвон;;;;
37746029;https://alladin116.amocrm.ru/leads/detail/37746029;;Закрыто и не реализовано;29.04.2026;НОР;Контрольный звонок данные;;;;;НОР;Контрольный звонок данные;;;НОР;Контрольный звонок данные;НОР;Контрольный звонок данные;;;НОР;Контрольный звонок данные;;;НОР;Контрольный звонок данные;;;НОР;Контрольный звонок данные;;;НОР;Контрольный звонок данные;НОР;Контрольный звонок данные;НОР;Контрольный звонок данные;НОР;Контрольный звонок данные;НОР;Контрольный звонок данные;НОР;Контрольный звонок данные;НОР;Контрольный звонок данные;НОР;Закрыто и не реализовано;;;;;;;;;;;;;;;;;;;;;;;;;;;;;;;;;;;НОР;Запросили данные;;;НОР;Запросили данные;;;НОР;Контрольный звонок данные;;;;
37746039;https://alladin116.amocrm.ru/leads/detail/37746039;;Закрыто и не реализовано;29.04.2026;Планы эвакуации;ДАННЫЕ ПРЕДОСТАВЛЕНЫ;;;;;Планы эвакуации;Контрольный звонок КП договоренности;;;Планы эвакуации;Контрольный звонок КП договоренности;Планы эвакуации;Контрольный звонок КП договоренности;;;Планы эвакуации;Контрольный звонок КП договоренности;;;Планы эвакуации;Контрольный звонок КП договоренности;;;Планы эвакуации;Контрольный звонок КП договоренности;;;Планы эвакуации;Контрольный звонок КП договоренности;Планы эвакуации;Контрольный звонок КП договоренности;Планы эвакуации;Контрольный звонок КП договоренности;Планы эвакуации;Закрыто и не реализовано;;;;;;;;;;;;;;;;;;;;;;;;;;;;;;;;;;;;;;;;;;;Планы эвакуации;ДАННЫЕ ПРЕДОСТАВЛЕНЫ;;;Планы эвакуации;ДАННЫЕ ПРЕДОСТАВЛЕНЫ;;;Планы эвакуации;ДАННЫЕ ПРЕДОСТАВЛЕНЫ;;;;
37746041;https://alladin116.amocrm.ru/leads/detail/37746041;;Закрыто и не реализовано;29.04.2026;;;;;;;;;;;;;;;;;;;;;;;;;;;;;;;;;;;;;;;;;;;;;;;;;;;;;;;;;;;;;;;;;;;;;;;;;;;;;;;АПС;ОБРАБОТАНО КОММУТАТОРОМ;;;АПС;Закрыто и не реализовано;;;;;;;;
37746055;https://alladin116.amocrm.ru/leads/detail/37746055;;;29.04.2026;СТУ;ОБРАБОТАНО Коммутатором;СТУ;ОБРАБОТАНО Коммутатором;СТУ;ОБРАБОТАНО Коммутатором;СТУ;ОБРАБОТАНО Коммутатором;СТУ;ОБРАБОТАНО Коммутатором;СТУ;ОБРАБОТАНО Коммутатором;СТУ;ОБРАБОТАНО Коммутатором;СТУ;ОБРАБОТАНО Коммутатором;СТУ;ОБРАБОТАНО Коммутатором;СТУ;ОБРАБОТАНО Коммутатором;СТУ;ОБРАБОТАНО Коммутатором;СТУ;ОБРАБОТАНО Коммутатором;СТУ;ОБРАБОТАНО Коммутатором;СТУ;ОБРАБОТАНО Коммутатором;СТУ;ОБРАБОТАНО Коммутатором;СТУ;ОБРАБОТАНО Коммутатором;СТУ;ОБРАБОТАНО Коммутатором;СТУ;ОБРАБОТАНО Коммутатором;СТУ;ОБРАБОТАНО Коммутатором;СТУ;ОБРАБОТАНО Коммутатором;СТУ;ОБРАБОТАНО Коммутатором;СТУ;ОБРАБОТАНО Коммутатором;СТУ;ОБРАБОТАНО Коммутатором;СТУ;ОБРАБОТАНО Коммутатором;СТУ;ОБРАБОТАНО Коммутатором;СТУ;ОБРАБОТАНО Коммутатором;СТУ;ОБРАБОТАНО Коммутатором;СТУ;ОБРАБОТАНО Коммутатором;СТУ;ОБРАБОТАНО Коммутатором;;;СТУ;ОБРАБОТАНО Коммутатором;;;СТУ;ОБРАБОТАНО Коммутатором;;;СТУ;ОБРАБОТАНО Коммутатором;СТУ;ОБРАБОТАНО Коммутатором;СТУ;ОБРАБОТАНО Коммутатором;;;СТУ;ОБРАБОТАНО Коммутатором;Лиды обработка;Недозвон;СТУ;ОБРАБОТАНО Коммутатором;СТУ;ОБРАБОТАНО Коммутатором;СТУ;ОБРАБОТАНО Коммутатором;СТУ;ОБРАБОТАНО Коммутатором;СТУ;ОБРАБОТАНО Коммутатором;СТУ;ОБРАБОТАНО Коммутатором
37746065;https://alladin116.amocrm.ru/leads/detail/37746065;;Закрыто и не реализовано;29.04.2026;;;;;;;;;;;;;;;;;;;;;;;;;;;;;;;;;;;;;;;;;;;;;;;;;;;;;;;;;;;;;;;;;;;;;;;;;;;;;;;;;;;Лиды обработка;Закрыто и не реализовано;;;;;;;;
37746091;https://alladin116.amocrm.ru/leads/detail/37746091;;Закрыто и не реализовано;29.04.2026;АПС;ДАННЫЕ ПРЕДОСТАВЛЕНЫ;;;;;АПС;ДАННЫЕ ПРЕДОСТАВЛЕНЫ;;;АПС;ДАННЫЕ ПРЕДОСТАВЛЕНЫ;АПС;ДАННЫЕ ПРЕДОСТАВЛЕНЫ;;;АПС;ДАННЫЕ ПРЕДОСТАВЛЕНЫ;;;АПС;ДАННЫЕ ПРЕДОСТАВЛЕНЫ;;;АПС;ДАННЫЕ ПРЕДОСТАВЛЕНЫ;;;АПС;ДАННЫЕ ПРЕДОСТАВЛЕНЫ;АПС;ДАННЫЕ ПРЕДОСТАВЛЕНЫ;АПС;ДАННЫЕ ПРЕДОСТАВЛЕНЫ;АПС;ДАННЫЕ ПРЕДОСТАВЛЕНЫ;АПС;ДАННЫЕ ПРЕДОСТАВЛЕНЫ;АПС;Закрыто и не реализовано;;;;;;;;;;;;;;;;;;;;;;;;;;;;;;;;;;;;;;;Лиды обработка;Скорозвон;;;АПС;ДАННЫЕ ПРЕДОСТАВЛЕНЫ;;;АПС;ДАННЫЕ ПРЕДОСТАВЛЕНЫ;;;;
37746093;https://alladin116.amocrm.ru/leads/detail/37746093;;Закрыто и не реализовано;29.04.2026;Лиды обработка;Недозвон;;;;;Лиды обработка;Недозвон;;;Лиды обработка;Недозвон;Лиды обработка;Закрыто и не реализовано;;;;;;;;;;;;;;;;;;;;;;;;;;;;;;;;;;;;;;;;;;;;;;;;;;;;;;;;;;;;;;;;;Лиды обработка;Недозвон;;;Лиды обработка;Недозвон;;;Лиды обработка;Недозвон;;;;
37746115;https://alladin116.amocrm.ru/leads/detail/37746115;;Закрыто и не реализовано;29.04.2026;;;;;;;;;;;;;;;;;;;;;;;;;;;;;;;;;;;;;;;;;;;;;;;;;;;;;;;;;;;;;;;;;;;;;;;;;;;;;;;;;;;Лиды обработка;Закрыто и не реализовано;;;;;;;;
37746127;https://alladin116.amocrm.ru/leads/detail/37746127;;Закрыто и не реализовано;29.04.2026;Лиды обработка;Недозвон;;;;;Лиды обработка;Недозвон;;;Лиды обработка;Недозвон;Лиды обработка;Недозвон;;;Лиды обработка;Закрыто и не реализовано;;;;;;;;;;;;;;;;;;;;;;;;;;;;;;;;;;;;;;;;;;;;;;;;;;;;;;;;;;;;;Лиды обработка;Недозвон;;;Лиды обработка;Недозвон;;;Лиды обработка;Недозвон;;;;
37746147;https://alladin116.amocrm.ru/leads/detail/37746147;;Закрыто и не реализовано;29.04.2026;;;;;;;;;;;;;;;;;;;;;;;;;;;;;;;;;;;;;;;;;;;;;;;;;;;;;;;;;;;;;;;;;;;;;;;;;;;;;;;;;;;Другое;Закрыто и не реализовано;;;;;;;;
37746151;https://alladin116.amocrm.ru/leads/detail/37746151;;Закрыто и не реализовано;29.04.2026;Планы эвакуации;ОБРАБОТАНО КОММУТАТОРОМ;;;;;Планы эвакуации;ОБРАБОТАНО КОММУТАТОРОМ;;;Планы эвакуации;ОБРАБОТАНО КОММУТАТОРОМ;Планы эвакуации;ОБРАБОТАНО КОММУТАТОРОМ;;;Планы эвакуации;ОБРАБОТАНО КОММУТАТОРОМ;;;Планы эвакуации;ОБРАБОТАНО КОММУТАТОРОМ;;;Планы эвакуации;ОБРАБОТАНО КОММУТАТОРОМ;;;Планы эвакуации;ОБРАБОТАНО КОММУТАТОРОМ;Планы эвакуации;ОБРАБОТАНО КОММУТАТОРОМ;Планы эвакуации;ОБРАБОТАНО КОММУТАТОРОМ;Планы эвакуации;ОБРАБОТАНО КОММУТАТОРОМ;Планы эвакуации;ОБРАБОТАНО КОММУТАТОРОМ;Планы эвакуации;ОБРАБОТАНО КОММУТАТОРОМ;Планы эвакуации;ОБРАБОТАНО КОММУТАТОРОМ;Планы эвакуации;ОБРАБОТАНО КОММУТАТОРОМ;Планы эвакуации;ОБРАБОТАНО КОММУТАТОРОМ;Планы эвакуации;ОБРАБОТАНО КОММУТАТОРОМ;Планы эвакуации;ОБРАБОТАНО КОММУТАТОРОМ;Планы эвакуации;ОБРАБОТАНО КОММУТАТОРОМ;Планы эвакуации;ОБРАБОТАНО КОММУТАТОРОМ;Планы эвакуации;ОБРАБОТАНО КОММУТАТОРОМ;Планы эвакуации;ОБРАБОТАНО КОММУТАТОРОМ;;;Планы эвакуации;ОБРАБОТАНО КОММУТАТОРОМ;;;Планы эвакуации;ОБРАБОТАНО КОММУТАТОРОМ;;;Планы эвакуации;ОБРАБОТАНО КОММУТАТОРОМ;Планы эвакуации;ОБРАБОТАНО КОММУТАТОРОМ;Планы эвакуации;Закрыто и не реализовано;;;;;Планы эвакуации;ОБРАБОТАНО КОММУТАТОРОМ;;;Планы эвакуации;ОБРАБОТАНО КОММУТАТОРОМ;;;Планы эвакуации;ОБРАБОТАНО КОММУТАТОРОМ;;;;
37746161;https://alladin116.amocrm.ru/leads/detail/37746161;;Закрыто и не реализовано;29.04.2026;АПС;ДАННЫЕ ПРЕДОСТАВЛЕНЫ;;;;;АПС;ДАННЫЕ ПРЕДОСТАВЛЕНЫ;;;АПС;ДАННЫЕ ПРЕДОСТАВЛЕНЫ;АПС;ДАННЫЕ ПРЕДОСТАВЛЕНЫ;;;АПС;ДАННЫЕ ПРЕДОСТАВЛЕНЫ;;;АПС;ДАННЫЕ ПРЕДОСТАВЛЕНЫ;;;АПС;ДАННЫЕ ПРЕДОСТАВЛЕНЫ;;;АПС;ДАННЫЕ ПРЕДОСТАВЛЕНЫ;АПС;ДАННЫЕ ПРЕДОСТАВЛЕНЫ;АПС;ДАННЫЕ ПРЕДОСТАВЛЕНЫ;АПС;ДАННЫЕ ПРЕДОСТАВЛЕНЫ;АПС;ДАННЫЕ ПРЕДОСТАВЛЕНЫ;АПС;ДАННЫЕ ПРЕДОСТАВЛЕНЫ;АПС;Закрыто и не реализовано;;;;;;;;;;;;;;;;;;;;;;;;;;;;;;;;;;;;;АПС;Запросили данные;;;АПС;ДАННЫЕ ПРЕДОСТАВЛЕНЫ;;;АПС;ДАННЫЕ ПРЕДОСТАВЛЕНЫ;;;;
37746165;https://alladin116.amocrm.ru/leads/detail/37746165;;Закрыто и не реализовано;29.04.2026;;;;;;;;;;;;;;;;;;;;;;;;;;;;;;;;;;;;;;;;;;;;;;;;;;;;;;;;;;;;;;;;;;;;;;;;;;;;;;;Лиды обработка;Недозвон;;;Лиды обработка;Недозвон;;;Другое;Закрыто и не реализовано;;;;
37746195;https://alladin116.amocrm.ru/leads/detail/37746195;;Закрыто и не реализовано;29.04.2026;;;;;;;;;;;;;;;;;;;;;;;;;;;;;;;;;;;;;;;;;;;;;;;;;;;;;;;;;;;;;;;;;;;;;;;;;;;;;;;Лиды обработка;Недозвон;;;Другое;Закрыто и не реализовано;;;;;;;;
37746201;https://alladin116.amocrm.ru/leads/detail/37746201;;Закрыто и не реализовано;29.04.2026;;;;;;;;;;;;;;;;;;;;;;;;;;;;;;;;;;;;;;;;;;;;;;;;;;;;;;;;;;;;;;;;;;;;;;;;;;;;;;;Другое;ОБРАБОТАНО КОММУТАТОРОМ;;;Другое;Закрыто и не реализовано;;;;;;;;
37746203;https://alladin116.amocrm.ru/leads/detail/37746203;;;29.04.2026;Расчет рисков;Обработано коммутатором;Расчет рисков;Предоплата получена;Расчет рисков;Предоплата получена;Расчет рисков;Обработано коммутатором;Расчет рисков;Предоплата получена;Расчет рисков;ДАННЫЕ ПРЕДОСТАВЛЕНЫ;Расчет рисков;Кп отправлено;Расчет рисков;Предоплата получена;Расчет рисков;Контрольный звонок КП получено;Расчет рисков;Отдано в разработку;Расчет рисков;Контрольный звонок КП получено;Расчет рисков;Отдано в разработку;Расчет рисков;Контрольный звонок КП получено;Расчет рисков;Отдано в разработку;Расчет рисков;Контрольный звонок КП получено;Расчет рисков;подготовка документов к отгрузке;Расчет рисков;Контрольный звонок КП получено;Расчет рисков;Контрольный звонок КП получено;Расчет рисков;Контрольный звонок КП получено;Расчет рисков;Контрольный звонок КП получено;Расчет рисков;Контрольный звонок КП договоренности;Расчет рисков;Контрольный звонок КП договоренности;Расчет рисков;Контрольный звонок КП договоренности;Расчет рисков;Контрольный звонок КП договоренности;Расчет рисков;Контрольный звонок КП договоренности;Расчет рисков;Контрольный звонок КП договоренности;Расчет рисков;Контрольный звонок КП договоренности;Расчет рисков;Контрольный звонок КП договоренности;Расчет рисков;Контрольный звонок КП договоренности;;;Расчет рисков;Контрольный звонок КП договоренности;;;Расчет рисков;Контрольный звонок КП договоренности;;;Расчет рисков;Контрольный звонок КП договоренности;Расчет рисков;Контрольный звонок КП договоренности;Расчет рисков;Контрольный звонок КП договоренности;;;Расчет рисков;Контрольный звонок КП договоренности;Расчет рисков;Обработано коммутатором;Расчет рисков;Предоплата получена;Расчет рисков;Обработано коммутатором;Расчет рисков;Предоплата получена;Расчет рисков;Обработано коммутатором;Расчет рисков;Предоплата получена;Расчет рисков;Предоплата получена
37746251;https://alladin116.amocrm.ru/leads/detail/37746251;;;29.04.2026;Другое;Контрольный звонок КП договоренности;Другое;Контрольный звонок Д\С получен;Другое;Контрольный звонок Д\С получен;Другое;Контрольный звонок КП договоренности;Другое;Контрольный звонок Д\С получен;Другое;Контрольный звонок КП договоренности;Другое;Контрольный звонок КП договоренности;Другое;Оплата 100%;Другое;Контрольный звонок Д\С получен;Другое;Оплата 100%;Другое;Контрольный звонок Д\С получен;Другое;Оплата 100%;Другое;Контрольный звонок Д\С получен;Другое;Оплата 100%;Другое;Контрольный звонок Д\С получен;Другое;Оплата 100%;Другое;Контрольный звонок Д\С получен;Другое;Контрольный звонок Д\С получен;Другое;Контрольный звонок Д\С получен;Другое;Контрольный звонок Д\С получен;Другое;Контрольный звонок Д\С получен;Другое;Контрольный звонок Д\С получен;Другое;Контрольный звонок Д\С получен;Другое;Контрольный звонок Д\С получен;Другое;Контрольный звонок Д\С получен;Другое;Контрольный звонок Д\С получен;Другое;Контрольный звонок Д\С получен;Другое;Контрольный звонок Д\С получен;Другое;Контрольный звонок Д\С получен;;;Другое;Контрольный звонок Д\С получен;;;Другое;Контрольный звонок Д\С получен;;;Другое;Контрольный звонок Д\С получен;Другое;Контрольный звонок Д\С получен;Другое;Контрольный звонок Д\С получен;;;Другое;Контрольный звонок Д\С получен;;;Другое;Контрольный звонок Д\С получен;Другое;Контрольный звонок КП договоренности;Другое;Контрольный звонок Д\С получен;Другое;Контрольный звонок КП договоренности;Другое;Контрольный звонок Д\С получен;Другое;Контрольный звонок Д\С получен
37746255;https://alladin116.amocrm.ru/leads/detail/37746255;;;29.04.2026;Другое;ОБРАБОТАНО КОММУТАТОРОМ;Другое;ОБРАБОТАНО КОММУТАТОРОМ;Другое;ОБРАБОТАНО КОММУТАТОРОМ;Другое;ОБРАБОТАНО КОММУТАТОРОМ;Другое;ОБРАБОТАНО КОММУТАТОРОМ;Другое;ОБРАБОТАНО КОММУТАТОРОМ;Другое;ОБРАБОТАНО КОММУТАТОРОМ;Другое;ОБРАБОТАНО КОММУТАТОРОМ;Другое;ОБРАБОТАНО КОММУТАТОРОМ;Другое;ОБРАБОТАНО КОММУТАТОРОМ;Другое;ОБРАБОТАНО КОММУТАТОРОМ;Другое;ОБРАБОТАНО КОММУТАТОРОМ;Другое;ОБРАБОТАНО КОММУТАТОРОМ;Другое;ОБРАБОТАНО КОММУТАТОРОМ;Другое;ОБРАБОТАНО КОММУТАТОРОМ;Другое;ОБРАБОТАНО КОММУТАТОРОМ;Другое;ОБРАБОТАНО КОММУТАТОРОМ;Другое;ОБРАБОТАНО КОММУТАТОРОМ;Другое;ОБРАБОТАНО КОММУТАТОРОМ;Другое;ОБРАБОТАНО КОММУТАТОРОМ;Другое;ОБРАБОТАНО КОММУТАТОРОМ;Другое;ОБРАБОТАНО КОММУТАТОРОМ;Другое;ОБРАБОТАНО КОММУТАТОРОМ;Другое;ОБРАБОТАНО КОММУТАТОРОМ;Другое;ОБРАБОТАНО КОММУТАТОРОМ;Другое;ОБРАБОТАНО КОММУТАТОРОМ;Другое;ОБРАБОТАНО КОММУТАТОРОМ;Другое;ОБРАБОТАНО КОММУТАТОРОМ;Другое;ОБРАБОТАНО КОММУТАТОРОМ;;;Другое;ОБРАБОТАНО КОММУТАТОРОМ;;;Другое;ОБРАБОТАНО КОММУТАТОРОМ;;;Другое;ОБРАБОТАНО КОММУТАТОРОМ;Другое;ОБРАБОТАНО КОММУТАТОРОМ;Другое;ОБРАБОТАНО КОММУТАТОРОМ;;;Другое;ОБРАБОТАНО КОММУТАТОРОМ;;;Другое;ОБРАБОТАНО КОММУТАТОРОМ;Другое;ОБРАБОТАНО КОММУТАТОРОМ;Другое;ОБРАБОТАНО КОММУТАТОРОМ;Другое;ОБРАБОТАНО КОММУТАТОРОМ;Другое;ОБРАБОТАНО КОММУТАТОРОМ;Другое;ОБРАБОТАНО КОММУТАТОРОМ
37746265;https://alladin116.amocrm.ru/leads/detail/37746265;;Закрыто и не реализовано;29.04.2026;;;;;;;;;;;;;;;;;;;;;;;;;;;;;;;;;;;;;;;;;;;;;;;;;;;;;;;;;;;;;;;;;;;;;;;;;;;;;;;;;;;Лиды обработка;Недозвон;;;Другое;Закрыто и не реализовано;;;;
37746269;https://alladin116.amocrm.ru/leads/detail/37746269;;Закрыто и не реализовано;29.04.2026;Другое;ОБРАБОТАНО КОММУТАТОРОМ;;;;;Другое;ОБРАБОТАНО КОММУТАТОРОМ;;;Другое;ОБРАБОТАНО КОММУТАТОРОМ;Другое;ОБРАБОТАНО КОММУТАТОРОМ;;;Другое;ОБРАБОТАНО КОММУТАТОРОМ;;;Другое;ОБРАБОТАНО КОММУТАТОРОМ;;;Другое;ОБРАБОТАНО КОММУТАТОРОМ;;;Другое;ОБРАБОТАНО КОММУТАТОРОМ;Другое;ОБРАБОТАНО КОММУТАТОРОМ;Другое;ОБРАБОТАНО КОММУТАТОРОМ;Другое;ОБРАБОТАНО КОММУТАТОРОМ;Другое;ОБРАБОТАНО КОММУТАТОРОМ;Другое;ОБРАБОТАНО КОММУТАТОРОМ;Другое;ОБРАБОТАНО КОММУТАТОРОМ;Другое;ОБРАБОТАНО КОММУТАТОРОМ;Другое;ОБРАБОТАНО КОММУТАТОРОМ;Другое;ОБРАБОТАНО КОММУТАТОРОМ;Другое;ОБРАБОТАНО КОММУТАТОРОМ;Другое;ОБРАБОТАНО КОММУТАТОРОМ;Другое;Закрыто и не реализовано;;;;;;;;;;;;;;;;;;;;;;;;;;;;;Другое;ОБРАБОТАНО КОММУТАТОРОМ;;;Другое;ОБРАБОТАНО КОММУТАТОРОМ;;;;
37746275;https://alladin116.amocrm.ru/leads/detail/37746275;;Закрыто и не реализовано;29.04.2026;Другое;ДАННЫЕ ПРЕДОСТАВЛЕНЫ;;;;;Другое;ДАННЫЕ ПРЕДОСТАВЛЕНЫ;;;Другое;ДАННЫЕ ПРЕДОСТАВЛЕНЫ;Другое;ДАННЫЕ ПРЕДОСТАВЛЕНЫ;;;Другое;ДАННЫЕ ПРЕДОСТАВЛЕНЫ;;;Другое;Закрыто и не реализовано;;;;;;;;;;;;;;;;;;;;;;;;;;;;;;;;;;;;;;;;;;;;;;;;;;;;;;;;;;;;;Другое;ОБРАБОТАНО КОММУТАТОРОМ;;;Другое;ДАННЫЕ ПРЕДОСТАВЛЕНЫ;;;;
37746277;https://alladin116.amocrm.ru/leads/detail/37746277;;Закрыто и не реализовано;29.04.2026;;;;;;;;;;;;;;;;;;;;;;;;;;;;;;;;;;;;;;;;;;;;;;;;;;;;;;;;;;;;;;;;;;;;;;;;;;;;;;;;;;;Другое;ОБРАБОТАНО КОММУТАТОРОМ;;;Другое;Закрыто и не реализовано;;;;
37746289;https://alladin116.amocrm.ru/leads/detail/37746289;;;29.04.2026;Документы ПБ;Контрольный звонок данные;Документы ПБ;ДАННЫЕ ПРЕДОСТАВЛЕНЫ;Документы ПБ;ДАННЫЕ ПРЕДОСТАВЛЕНЫ;Документы ПБ;Контрольный звонок данные;Документы ПБ;ДАННЫЕ ПРЕДОСТАВЛЕНЫ;Документы ПБ;ДАННЫЕ ПРЕДОСТАВЛЕНЫ;Документы ПБ;ДАННЫЕ ПРЕДОСТАВЛЕНЫ;Документы ПБ;ДАННЫЕ ПРЕДОСТАВЛЕНЫ;Документы ПБ;ДАННЫЕ ПРЕДОСТАВЛЕНЫ;Документы ПБ;ДАННЫЕ ПРЕДОСТАВЛЕНЫ;Документы ПБ;ДАННЫЕ ПРЕДОСТАВЛЕНЫ;Документы ПБ;ДАННЫЕ ПРЕДОСТАВЛЕНЫ;Документы ПБ;ДАННЫЕ ПРЕДОСТАВЛЕНЫ;Документы ПБ;ДАННЫЕ ПРЕДОСТАВЛЕНЫ;Документы ПБ;ДАННЫЕ ПРЕДОСТАВЛЕНЫ;Документы ПБ;Контрольный звонок КП получено;Документы ПБ;ДАННЫЕ ПРЕДОСТАВЛЕНЫ;Документы ПБ;ДАННЫЕ ПРЕДОСТАВЛЕНЫ;Документы ПБ;ДАННЫЕ ПРЕДОСТАВЛЕНЫ;Документы ПБ;ДАННЫЕ ПРЕДОСТАВЛЕНЫ;Документы ПБ;ДАННЫЕ ПРЕДОСТАВЛЕНЫ;Документы ПБ;ДАННЫЕ ПРЕДОСТАВЛЕНЫ;Документы ПБ;ДАННЫЕ ПРЕДОСТАВЛЕНЫ;Документы ПБ;ДАННЫЕ ПРЕДОСТАВЛЕНЫ;Документы ПБ;ДАННЫЕ ПРЕДОСТАВЛЕНЫ;Документы ПБ;ДАННЫЕ ПРЕДОСТАВЛЕНЫ;Документы ПБ;ДАННЫЕ ПРЕДОСТАВЛЕНЫ;Документы ПБ;ДАННЫЕ ПРЕДОСТАВЛЕНЫ;Документы ПБ;ДАННЫЕ ПРЕДОСТАВЛЕНЫ;;;Документы ПБ;ДАННЫЕ ПРЕДОСТАВЛЕНЫ;;;Документы ПБ;ДАННЫЕ ПРЕДОСТАВЛЕНЫ;;;Документы ПБ;ДАННЫЕ ПРЕДОСТАВЛЕНЫ;Документы ПБ;ДАННЫЕ ПРЕДОСТАВЛЕНЫ;Документы ПБ;ДАННЫЕ ПРЕДОСТАВЛЕНЫ;;;Документы ПБ;ДАННЫЕ ПРЕДОСТАВЛЕНЫ;;;Документы ПБ;ДАННЫЕ ПРЕДОСТАВЛЕНЫ;Лиды обработка;Недозвон;Документы ПБ;ДАННЫЕ ПРЕДОСТАВЛЕНЫ;Документы ПБ;Контрольный звонок данные;Документы ПБ;ДАННЫЕ ПРЕДОСТАВЛЕНЫ;Документы ПБ;ДАННЫЕ ПРЕДОСТАВЛЕНЫ
37746305;https://alladin116.amocrm.ru/leads/detail/37746305;Коол Центр;;29.04.2026;Лиды обработка;Недозвон;Другое;ОБРАБОТАНО КОММУТАТОРОМ;Другое;ОБРАБОТАНО КОММУТАТОРОМ;Лиды обработка;Недозвон;Другое;ОБРАБОТАНО КОММУТАТОРОМ;Другое;ОБРАБОТАНО КОММУТАТОРОМ;Другое;ОБРАБОТАНО КОММУТАТОРОМ;Планы эвакуации;Контрольный звонок данные;Другое;ОБРАБОТАНО КОММУТАТОРОМ;Планы эвакуации;Контрольный звонок данные;Другое;ОБРАБОТАНО КОММУТАТОРОМ;Планы эвакуации;Контрольный звонок данные;Другое;ОБРАБОТАНО КОММУТАТОРОМ;Планы эвакуации;Контрольный звонок данные;Другое;ОБРАБОТАНО КОММУТАТОРОМ;Планы эвакуации;Контрольный звонок данные;Другое;ОБРАБОТАНО КОММУТАТОРОМ;Другое;ОБРАБОТАНО КОММУТАТОРОМ;Другое;ОБРАБОТАНО КОММУТАТОРОМ;Другое;ОБРАБОТАНО КОММУТАТОРОМ;Другое;ОБРАБОТАНО КОММУТАТОРОМ;Другое;ОБРАБОТАНО КОММУТАТОРОМ;Другое;ОБРАБОТАНО КОММУТАТОРОМ;Другое;ОБРАБОТАНО КОММУТАТОРОМ;Другое;ОБРАБОТАНО КОММУТАТОРОМ;Другое;ОБРАБОТАНО КОММУТАТОРОМ;Другое;ОБРАБОТАНО КОММУТАТОРОМ;Другое;ОБРАБОТАНО КОММУТАТОРОМ;Другое;ОБРАБОТАНО КОММУТАТОРОМ;;;Другое;ОБРАБОТАНО КОММУТАТОРОМ;;;Другое;ОБРАБОТАНО КОММУТАТОРОМ;;;Другое;ОБРАБОТАНО КОММУТАТОРОМ;Другое;ОБРАБОТАНО КОММУТАТОРОМ;Другое;ОБРАБОТАНО КОММУТАТОРОМ;;;Другое;ОБРАБОТАНО КОММУТАТОРОМ;;;Другое;ОБРАБОТАНО КОММУТАТОРОМ;Лиды обработка;Недозвон;Другое;ОБРАБОТАНО КОММУТАТОРОМ;Лиды обработка;Недозвон;Другое;ОБРАБОТАНО КОММУТАТОРОМ;Другое;ОБРАБОТАНО КОММУТАТОРОМ
37746311;https://alladin116.amocrm.ru/leads/detail/37746311;Коол Центр;Закрыто и не реализовано;29.04.2026;Расчет рисков;Контрольный звонок данные;Расчет рисков;Контрольный звонок данные;Расчет рисков;Закрыто и не реализовано;Расчет рисков;Контрольный звонок данные;;;Расчет рисков;Контрольный звонок данные;Расчет рисков;Контрольный звонок данные;;;Расчет рисков;Контрольный звонок данные;;;Расчет рисков;Контрольный звонок данные;;;Расчет рисков;Контрольный звонок данные;;;Расчет рисков;Контрольный звонок данные;Расчет рисков;Контрольный звонок данные;Расчет рисков;Контрольный звонок данные;Расчет рисков;Контрольный звонок данные;Расчет рисков;Контрольный звонок данные;Расчет рисков;Контрольный звонок данные;Расчет рисков;Контрольный звонок данные;Расчет рисков;Контрольный звонок данные;Расчет рисков;Контрольный звонок данные;Расчет рисков;Контрольный звонок данные;Расчет рисков;Контрольный звонок данные;Расчет рисков;Контрольный звонок данные;Расчет рисков;Контрольный звонок данные;Расчет рисков;Контрольный звонок данные;Расчет рисков;Контрольный звонок данные;;;Расчет рисков;Контрольный звонок данные;;;Расчет рисков;Контрольный звонок данные;;;Расчет рисков;Контрольный звонок данные;Расчет рисков;Контрольный звонок данные;Расчет рисков;Контрольный звонок данные;;;Расчет рисков;Контрольный звонок данные;;;Расчет рисков;Контрольный звонок данные;Другое;ОБРАБОТАНО КОММУТАТОРОМ;Расчет рисков;Контрольный звонок данные;Расчет рисков;Запросили данные;Расчет рисков;Контрольный звонок данные;Расчет рисков;Контрольный звонок данные
37746315;https://alladin116.amocrm.ru/leads/detail/37746315;Коол Центр;Закрыто и не реализовано;29.04.2026;Другое;ОБРАБОТАНО КОММУТАТОРОМ;;;;;Другое;ОБРАБОТАНО КОММУТАТОРОМ;;;Другое;ОБРАБОТАНО КОММУТАТОРОМ;Другое;Закрыто и не реализовано;;;;;;;;;;;;;;;;;;;;;;;;;;;;;;;;;;;;;;;;;;;;;;;;;;;;;;;;;;;;;;;;;;;;;Другое;ОБРАБОТАНО КОММУТАТОРОМ;;;Другое;ОБРАБОТАНО КОММУТАТОРОМ;;;;
37746461;https://alladin116.amocrm.ru/leads/detail/37746461;;;30.04.2026;СТУ;ОБРАБОТАНО Коммутатором;СТУ;ОБРАБОТАНО Коммутатором;СТУ;ОБРАБОТАНО Коммутатором;СТУ;ОБРАБОТАНО Коммутатором;СТУ;ОБРАБОТАНО Коммутатором;СТУ;ОБРАБОТАНО Коммутатором;СТУ;ОБРАБОТАНО Коммутатором;СТУ;ОБРАБОТАНО Коммутатором;СТУ;ОБРАБОТАНО Коммутатором;СТУ;ОБРАБОТАНО Коммутатором;СТУ;ОБРАБОТАНО Коммутатором;СТУ;ОБРАБОТАНО Коммутатором;СТУ;ОБРАБОТАНО Коммутатором;СТУ;ОБРАБОТАНО Коммутатором;СТУ;ОБРАБОТАНО Коммутатором;СТУ;ОБРАБОТАНО Коммутатором;СТУ;ОБРАБОТАНО Коммутатором;СТУ;ОБРАБОТАНО Коммутатором;СТУ;ОБРАБОТАНО Коммутатором;СТУ;ОБРАБОТАНО Коммутатором;СТУ;ОБРАБОТАНО Коммутатором;СТУ;ОБРАБОТАНО Коммутатором;СТУ;ОБРАБОТАНО Коммутатором;СТУ;ОБРАБОТАНО Коммутатором;СТУ;ОБРАБОТАНО Коммутатором;СТУ;ОБРАБОТАНО Коммутатором;СТУ;ОБРАБОТАНО Коммутатором;СТУ;ОБРАБОТАНО Коммутатором;СТУ;ОБРАБОТАНО Коммутатором;;;СТУ;ОБРАБОТАНО Коммутатором;;;СТУ;ОБРАБОТАНО Коммутатором;;;СТУ;ОБРАБОТАНО Коммутатором;СТУ;ОБРАБОТАНО Коммутатором;СТУ;ОБРАБОТАНО Коммутатором;;;СТУ;ОБРАБОТАНО Коммутатором;;;СТУ;ОБРАБОТАНО Коммутатором;;;СТУ;ОБРАБОТАНО Коммутатором;СТУ;ОБРАБОТАНО Коммутатором;СТУ;ОБРАБОТАНО Коммутатором;СТУ;ОБРАБОТАНО Коммутатором
37746463;https://alladin116.amocrm.ru/leads/detail/37746463;;Закрыто и не реализовано;30.04.2026;Лиды обработка;Недозвон;;;;;Лиды обработка;Недозвон;;;Лиды обработка;Недозвон;Лиды обработка;Недозвон;;;Лиды обработка;Недозвон;;;Лиды обработка;Недозвон;;;Лиды обработка;Недозвон;;;Лиды обработка;Недозвон;Лиды обработка;Недозвон;Лиды обработка;Недозвон;Другое;ОБРАБОТАНО КОММУТАТОРОМ;Другое;ОБРАБОТАНО КОММУТАТОРОМ;Другое;ОБРАБОТАНО КОММУТАТОРОМ;Другое;ОБРАБОТАНО КОММУТАТОРОМ;Другое;ОБРАБОТАНО КОММУТАТОРОМ;Другое;ОБРАБОТАНО КОММУТАТОРОМ;Другое;ОБРАБОТАНО КОММУТАТОРОМ;Другое;ОБРАБОТАНО КОММУТАТОРОМ;Другое;ОБРАБОТАНО КОММУТАТОРОМ;Другое;ОБРАБОТАНО КОММУТАТОРОМ;Другое;ОБРАБОТАНО КОММУТАТОРОМ;Другое;ОБРАБОТАНО КОММУТАТОРОМ;;;Другое;ОБРАБОТАНО КОММУТАТОРОМ;;;Другое;ОБРАБОТАНО КОММУТАТОРОМ;;;Другое;ОБРАБОТАНО КОММУТАТОРОМ;Другое;ОБРАБОТАНО КОММУТАТОРОМ;Другое;ОБРАБОТАНО КОММУТАТОРОМ;;;Другое;Закрыто и не реализовано;;;;;;;;;Лиды обработка;Недозвон;;;;
37746471;https://alladin116.amocrm.ru/leads/detail/37746471;;Закрыто и не реализовано;30.04.2026;Другое;ОБРАБОТАНО КОММУТАТОРОМ;;;;;Другое;ОБРАБОТАНО КОММУТАТОРОМ;;;Другое;Закрыто и не реализовано;;;;;;;;;;;;;;;;;;;;;;;;;;;;;;;;;;;;;;;;;;;;;;;;;;;;;;;;;;;;;;;;;;;;;;;;;;;Другое;ОБРАБОТАНО КОММУТАТОРОМ;;;;
37746485;https://alladin116.amocrm.ru/leads/detail/37746485;;Закрыто и не реализовано;30.04.2026;;;;;;;;;;;;;;;;;;;;;;;;;;;;;;;;;;;;;;;;;;;;;;;;;;;;;;;;;;;;;;;;;;;;;;;;;;;;;;;;;;;;;;;Другое;Закрыто и не реализовано;;;;
37746515;https://alladin116.amocrm.ru/leads/detail/37746515;;Закрыто и не реализовано;30.04.2026;Другое;ОБРАБОТАНО КОММУТАТОРОМ;;;;;Другое;ОБРАБОТАНО КОММУТАТОРОМ;;;Другое;ОБРАБОТАНО КОММУТАТОРОМ;Другое;ОБРАБОТАНО КОММУТАТОРОМ;;;Другое;ОБРАБОТАНО КОММУТАТОРОМ;;;Другое;ОБРАБОТАНО КОММУТАТОРОМ;;;Другое;ОБРАБОТАНО КОММУТАТОРОМ;;;Другое;ОБРАБОТАНО КОММУТАТОРОМ;Другое;ОБРАБОТАНО КОММУТАТОРОМ;Другое;ОБРАБОТАНО КОММУТАТОРОМ;Другое;ОБРАБОТАНО КОММУТАТОРОМ;Другое;ОБРАБОТАНО КОММУТАТОРОМ;Другое;ОБРАБОТАНО КОММУТАТОРОМ;Другое;ОБРАБОТАНО КОММУТАТОРОМ;Другое;ОБРАБОТАНО КОММУТАТОРОМ;Другое;ОБРАБОТАНО КОММУТАТОРОМ;Другое;ОБРАБОТАНО КОММУТАТОРОМ;Другое;ОБРАБОТАНО КОММУТАТОРОМ;Другое;ОБРАБОТАНО КОММУТАТОРОМ;Другое;ОБРАБОТАНО КОММУТАТОРОМ;Другое;Закрыто и не реализовано;;;;;;;;;;;;;;;;;;;;;;;;;;;;;;;Другое;ОБРАБОТАНО КОММУТАТОРОМ;;;;
37746519;https://alladin116.amocrm.ru/leads/detail/37746519;;Закрыто и не реализовано;30.04.2026;Лиды обработка;Скорозвон;;;;;Лиды обработка;Скорозвон;;;Лиды обработка;Скорозвон;Другое;ОБРАБОТАНО КОММУТАТОРОМ;;;Другое;ОБРАБОТАНО КОММУТАТОРОМ;;;Другое;ОБРАБОТАНО КОММУТАТОРОМ;;;Другое;ОБРАБОТАНО КОММУТАТОРОМ;;;Другое;ОБРАБОТАНО КОММУТАТОРОМ;Другое;ОБРАБОТАНО КОММУТАТОРОМ;Другое;ОБРАБОТАНО КОММУТАТОРОМ;Другое;ОБРАБОТАНО КОММУТАТОРОМ;Другое;ОБРАБОТАНО КОММУТАТОРОМ;Другое;ОБРАБОТАНО КОММУТАТОРОМ;Другое;ОБРАБОТАНО КОММУТАТОРОМ;Другое;ОБРАБОТАНО КОММУТАТОРОМ;Другое;ОБРАБОТАНО КОММУТАТОРОМ;Другое;ОБРАБОТАНО КОММУТАТОРОМ;Другое;ОБРАБОТАНО КОММУТАТОРОМ;Другое;ОБРАБОТАНО КОММУТАТОРОМ;Другое;ОБРАБОТАНО КОММУТАТОРОМ;Другое;Закрыто и не реализовано;;;;;;;;;;;;;;;;;;;;;;;;;;;;;;;Лиды обработка;Скорозвон;;;;
37746521;https://alladin116.amocrm.ru/leads/detail/37746521;;Закрыто и не реализовано;30.04.2026;АПС;ОБРАБОТАНО КОММУТАТОРОМ;;;;;АПС;ОБРАБОТАНО КОММУТАТОРОМ;;;АПС;ОБРАБОТАНО КОММУТАТОРОМ;АПС;Закрыто и не реализовано;;;;;;;;;;;;;;;;;;;;;;;;;;;;;;;;;;;;;;;;;;;;;;;;;;;;;;;;;;;;;;;;;;;;;;;;;АПС;ОБРАБОТАНО КОММУТАТОРОМ;;;;
37746525;https://alladin116.amocrm.ru/leads/detail/37746525;;Закрыто и не реализовано;30.04.2026;Лиды обработка;Недозвон;;;;;Лиды обработка;Недозвон;;;Лиды обработка;Недозвон;Другое;Закрыто и не реализовано;;;;;;;;;;;;;;;;;;;;;;;;;;;;;;;;;;;;;;;;;;;;;;;;;;;;;;;;;;;;;;;;;;;;;;;;;Лиды обработка;Недозвон;;;;
37746529;https://alladin116.amocrm.ru/leads/detail/37746529;;Закрыто и не реализовано;30.04.2026;;;;;;;;;;;;;;;;;;;;;;;;;;;;;;;;;;;;;;;;;;;;;;;;;;;;;;;;;;;;;;;;;;;;;;;;;;;;;;;;;;;;;;;Другое;Закрыто и не реализовано;;;;
37746551;https://alladin116.amocrm.ru/leads/detail/37746551;;Закрыто и не реализовано;30.04.2026;;;;;;;;;;;;;;;;;;;;;;;;;;;;;;;;;;;;;;;;;;;;;;;;;;;;;;;;;;;;;;;;;;;;;;;;;;;;;;;;;;;;;;;Лиды обработка;Закрыто и не реализовано;;;;
37746553;https://alladin116.amocrm.ru/leads/detail/37746553;;Закрыто и не реализовано;30.04.2026;Другое;ОБРАБОТАНО КОММУТАТОРОМ;;;;;Другое;ОБРАБОТАНО КОММУТАТОРОМ;;;Другое;Закрыто и не реализовано;;;;;;;;;;;;;;;;;;;;;;;;;;;;;;;;;;;;;;;;;;;;;;;;;;;;;;;;;;;;;;;;;;;;;;;;;;;Другое;ОБРАБОТАНО КОММУТАТОРОМ;;;;
37746575;https://alladin116.amocrm.ru/leads/detail/37746575;;Закрыто и не реализовано;30.04.2026;Другое;ОБРАБОТАНО КОММУТАТОРОМ;;;;;Другое;ОБРАБОТАНО КОММУТАТОРОМ;;;Другое;Закрыто и не реализовано;;;;;;;;;;;;;;;;;;;;;;;;;;;;;;;;;;;;;;;;;;;;;;;;;;;;;;;;;;;;;;;;;;;;;;;;;;;Другое;ОБРАБОТАНО КОММУТАТОРОМ;;;;
37747517;https://alladin116.amocrm.ru/leads/detail/37747517;;Закрыто и не реализовано;04.05.2026;;;;;;;;;;;Другое;Закрыто и не реализовано;;;;;;;;;;;;;;;;;;;;;;;;;;;;;;;;;;;;;;;;;;;;;;;;;;;;;;;;;;;;;;;;;;;;;;;;;;;;;;;;
37747521;https://alladin116.amocrm.ru/leads/detail/37747521;;Закрыто и не реализовано;04.05.2026;;;;;;;;;;;Лиды обработка;Недозвон;Лиды обработка;Закрыто и не реализовано;;;;;;;;;;;;;;;;;;;;;;;;;;;;;;;;;;;;;;;;;;;;;;;;;;;;;;;;;;;;;;;;;;;;;;;;;;;;;;
37747527;https://alladin116.amocrm.ru/leads/detail/37747527;;Закрыто и не реализовано;04.05.2026;;;;;;;;;;;Другое;ОБРАБОТАНО КОММУТАТОРОМ;Другое;Закрыто и не реализовано;;;;;;;;;;;;;;;;;;;;;;;;;;;;;;;;;;;;;;;;;;;;;;;;;;;;;;;;;;;;;;;;;;;;;;;;;;;;;;
37747539;https://alladin116.amocrm.ru/leads/detail/37747539;;Закрыто и не реализовано;04.05.2026;;;;;;;;;;;Документы ПБ;ОБРАБОТАНО КОММУТАТОРОМ;Документы ПБ;ОБРАБОТАНО КОММУТАТОРОМ;;;Документы ПБ;ОБРАБОТАНО КОММУТАТОРОМ;;;Документы ПБ;Закрыто и не реализовано;;;;;;;;;;;;;;;;;;;;;;;;;;;;;;;;;;;;;;;;;;;;;;;;;;;;;;;;;;;;;;;;;;;;;;
37747559;https://alladin116.amocrm.ru/leads/detail/37747559;;Закрыто и не реализовано;04.05.2026;;;;;;;;;;;Другое;Закрыто и не реализовано;;;;;;;;;;;;;;;;;;;;;;;;;;;;;;;;;;;;;;;;;;;;;;;;;;;;;;;;;;;;;;;;;;;;;;;;;;;;;;;;
37747563;https://alladin116.amocrm.ru/leads/detail/37747563;;Закрыто и не реализовано;04.05.2026;;;;;;;;;;;Лиды обработка;Закрыто и не реализовано;;;;;;;;;;;;;;;;;;;;;;;;;;;;;;;;;;;;;;;;;;;;;;;;;;;;;;;;;;;;;;;;;;;;;;;;;;;;;;;;
37747569;https://alladin116.amocrm.ru/leads/detail/37747569;;;04.05.2026;;;СТУ;ОБРАБОТАНО Коммутатором;СТУ;ОБРАБОТАНО Коммутатором;;;СТУ;ОБРАБОТАНО Коммутатором;СТУ;ОБРАБОТАНО Коммутатором;СТУ;ОБРАБОТАНО Коммутатором;СТУ;ОБРАБОТАНО Коммутатором;СТУ;ОБРАБОТАНО Коммутатором;СТУ;ОБРАБОТАНО Коммутатором;СТУ;ОБРАБОТАНО Коммутатором;СТУ;ОБРАБОТАНО Коммутатором;СТУ;ОБРАБОТАНО Коммутатором;СТУ;ОБРАБОТАНО Коммутатором;СТУ;ОБРАБОТАНО Коммутатором;СТУ;ОБРАБОТАНО Коммутатором;СТУ;ОБРАБОТАНО Коммутатором;СТУ;ОБРАБОТАНО Коммутатором;СТУ;ОБРАБОТАНО Коммутатором;СТУ;ОБРАБОТАНО Коммутатором;СТУ;ОБРАБОТАНО Коммутатором;СТУ;ОБРАБОТАНО Коммутатором;СТУ;ОБРАБОТАНО Коммутатором;СТУ;ОБРАБОТАНО Коммутатором;СТУ;ОБРАБОТАНО Коммутатором;СТУ;ОБРАБОТАНО Коммутатором;СТУ;ОБРАБОТАНО Коммутатором;СТУ;ОБРАБОТАНО Коммутатором;СТУ;ОБРАБОТАНО Коммутатором;;;СТУ;ОБРАБОТАНО Коммутатором;;;СТУ;ОБРАБОТАНО Коммутатором;;;СТУ;ОБРАБОТАНО Коммутатором;СТУ;ОБРАБОТАНО Коммутатором;СТУ;ОБРАБОТАНО Коммутатором;;;СТУ;ОБРАБОТАНО Коммутатором;;;СТУ;ОБРАБОТАНО Коммутатором;;;СТУ;ОБРАБОТАНО Коммутатором;;;СТУ;ОБРАБОТАНО Коммутатором;СТУ;ОБРАБОТАНО Коммутатором
37747573;https://alladin116.amocrm.ru/leads/detail/37747573;;;04.05.2026;;;Другое;Контрольный звонок данные;Другое;Контрольный звонок данные;;;Другое;Контрольный звонок данные;Другое;Запросили данные;Другое;Контрольный звонок данные;Другое;Контрольный звонок данные;Другое;Контрольный звонок данные;Другое;Контрольный звонок данные;Другое;Контрольный звонок данные;Другое;Контрольный звонок данные;Другое;Контрольный звонок данные;Другое;Контрольный звонок данные;Другое;Контрольный звонок данные;Другое;Контрольный звонок данные;Другое;Контрольный звонок данные;Другое;Контрольный звонок данные;Другое;Контрольный звонок данные;Другое;Контрольный звонок данные;Другое;Контрольный звонок данные;Другое;Контрольный звонок данные;Другое;Контрольный звонок данные;Другое;Контрольный звонок данные;Другое;Контрольный звонок данные;Другое;Контрольный звонок данные;Другое;Контрольный звонок данные;Другое;Контрольный звонок данные;Другое;Контрольный звонок данные;;;Другое;Контрольный звонок данные;;;Другое;Контрольный звонок данные;;;Другое;Контрольный звонок данные;Другое;Контрольный звонок данные;Другое;Контрольный звонок данные;;;Другое;Контрольный звонок данные;;;Другое;Контрольный звонок данные;;;Другое;Контрольный звонок данные;;;Другое;Контрольный звонок данные;Другое;Контрольный звонок данные
37747587;https://alladin116.amocrm.ru/leads/detail/37747587;;;04.05.2026;;;Другое;ОБРАБОТАНО КОММУТАТОРОМ;Другое;ОБРАБОТАНО КОММУТАТОРОМ;;;Другое;ОБРАБОТАНО КОММУТАТОРОМ;Другое;ОБРАБОТАНО КОММУТАТОРОМ;Другое;ОБРАБОТАНО КОММУТАТОРОМ;Другое;ОБРАБОТАНО КОММУТАТОРОМ;Другое;ОБРАБОТАНО КОММУТАТОРОМ;Другое;ОБРАБОТАНО КОММУТАТОРОМ;Другое;ОБРАБОТАНО КОММУТАТОРОМ;Другое;ОБРАБОТАНО КОММУТАТОРОМ;Другое;ОБРАБОТАНО КОММУТАТОРОМ;Другое;ОБРАБОТАНО КОММУТАТОРОМ;Другое;ОБРАБОТАНО КОММУТАТОРОМ;Другое;ОБРАБОТАНО КОММУТАТОРОМ;Другое;ОБРАБОТАНО КОММУТАТОРОМ;Другое;ОБРАБОТАНО КОММУТАТОРОМ;Другое;ОБРАБОТАНО КОММУТАТОРОМ;Другое;ОБРАБОТАНО КОММУТАТОРОМ;Другое;ОБРАБОТАНО КОММУТАТОРОМ;Другое;ОБРАБОТАНО КОММУТАТОРОМ;Другое;ОБРАБОТАНО КОММУТАТОРОМ;Другое;ОБРАБОТАНО КОММУТАТОРОМ;Другое;ОБРАБОТАНО КОММУТАТОРОМ;Другое;ОБРАБОТАНО КОММУТАТОРОМ;Другое;ОБРАБОТАНО КОММУТАТОРОМ;Другое;ОБРАБОТАНО КОММУТАТОРОМ;Другое;ОБРАБОТАНО КОММУТАТОРОМ;;;Другое;ОБРАБОТАНО КОММУТАТОРОМ;;;Другое;ОБРАБОТАНО КОММУТАТОРОМ;;;Другое;ОБРАБОТАНО КОММУТАТОРОМ;Другое;ОБРАБОТАНО КОММУТАТОРОМ;Другое;ОБРАБОТАНО КОММУТАТОРОМ;;;Другое;ОБРАБОТАНО КОММУТАТОРОМ;;;Другое;ОБРАБОТАНО КОММУТАТОРОМ;;;Другое;ОБРАБОТАНО КОММУТАТОРОМ;;;Другое;ОБРАБОТАНО КОММУТАТОРОМ;Другое;ОБРАБОТАНО КОММУТАТОРОМ
37747591;https://alladin116.amocrm.ru/leads/detail/37747591;;Успешно реализовано;04.05.2026;;;Планы эвакуации;Успешно реализовано;Планы эвакуации;Успешно реализовано;;;Планы эвакуации;Успешно реализовано;Планы эвакуации;Контрольный звонок Д\С получен;Планы эвакуации;согласование макета;Планы эвакуации;Успешно реализовано;Планы эвакуации;согласование макета;Планы эвакуации;Успешно реализовано;Планы эвакуации;Сдано в производство;Планы эвакуации;Успешно реализовано;Планы эвакуации;Сдано в производство;Планы эвакуации;Успешно реализовано;Планы эвакуации;Сдано в производство;Планы эвакуации;Успешно реализовано;Планы эвакуации;Сдано в производство;Планы эвакуации;Сдано в производство;Планы эвакуации;Сдано в производство;Планы эвакуации;подготовка документов к отгрузке;Планы эвакуации;подготовка документов к отгрузке;Планы эвакуации;Успешно реализовано;;;;;;;;;;;;;;;;;;;;;;;;;;;Планы эвакуации;Успешно реализовано;Планы эвакуации;Успешно реализовано;;;Планы эвакуации;Успешно реализовано;;;Планы эвакуации;Успешно реализовано;;;Планы эвакуации;Успешно реализовано;;;Планы эвакуации;Успешно реализовано;Планы эвакуации;Успешно реализовано
37747597;https://alladin116.amocrm.ru/leads/detail/37747597;;;04.05.2026;;;4. ОГЗ Долгосрочные;12+ месяцев;4. ОГЗ Долгосрочные;12+ месяцев;;;4. ОГЗ Долгосрочные;12+ месяцев;АПС;Запросили данные;АПС;Контрольный звонок данные;4. ОГЗ Долгосрочные;12+ месяцев;АПС;Контрольный звонок данные;4. ОГЗ Долгосрочные;12+ месяцев;АПС;Контрольный звонок данные;4. ОГЗ Долгосрочные;12+ месяцев;АПС;Контрольный звонок данные;4. ОГЗ Долгосрочные;12+ месяцев;АПС;Контрольный звонок данные;4. ОГЗ Долгосрочные;12+ месяцев;АПС;Контрольный звонок данные;АПС;Контрольный звонок данные;АПС;Контрольный звонок данные;АПС;Контрольный звонок данные;АПС;Контрольный звонок данные;АПС;Контрольный звонок данные;АПС;Контрольный звонок данные;АПС;Контрольный звонок данные;АПС;Контрольный звонок данные;АПС;Контрольный звонок данные;3. ОГЗ Упрощенное;Получены материалы по проекту (в тч Договор);3. ОГЗ Упрощенное;Получены материалы по проекту (в тч Договор);3. ОГЗ Упрощенное;Получены материалы по проекту (в тч Договор);;;4. ОГЗ Долгосрочные;12+ месяцев;;;4. ОГЗ Долгосрочные;12+ месяцев;;;4. ОГЗ Долгосрочные;12+ месяцев;4. ОГЗ Долгосрочные;12+ месяцев;4. ОГЗ Долгосрочные;12+ месяцев;;;4. ОГЗ Долгосрочные;12+ месяцев;;;4. ОГЗ Долгосрочные;12+ месяцев;;;4. ОГЗ Долгосрочные;12+ месяцев;;;4. ОГЗ Долгосрочные;12+ месяцев;4. ОГЗ Долгосрочные;12+ месяцев
37747603;https://alladin116.amocrm.ru/leads/detail/37747603;;Закрыто и не реализовано;04.05.2026;;;;;;;;;;;Другое;ОБРАБОТАНО КОММУТАТОРОМ;Другое;ОБРАБОТАНО КОММУТАТОРОМ;;;Другое;ОБРАБОТАНО КОММУТАТОРОМ;;;Другое;ОБРАБОТАНО КОММУТАТОРОМ;;;Другое;ОБРАБОТАНО КОММУТАТОРОМ;;;Другое;ОБРАБОТАНО КОММУТАТОРОМ;Другое;ОБРАБОТАНО КОММУТАТОРОМ;Другое;ОБРАБОТАНО КОММУТАТОРОМ;Другое;ОБРАБОТАНО КОММУТАТОРОМ;Другое;ОБРАБОТАНО КОММУТАТОРОМ;Другое;Закрыто и не реализовано;;;;;;;;;;;;;;;;;;;;;;;;;;;;;;;;;;;;;;;;;;;;;;;;;;;;
37747605;https://alladin116.amocrm.ru/leads/detail/37747605;;Закрыто и не реализовано;04.05.2026;;;;;;;;;;;Планы эвакуации;Закрыто и не реализовано;;;;;;;;;;;;;;;;;;;;;;;;;;;;;;;;;;;;;;;;;;;;;;;;;;;;;;;;;;;;;;;;;;;;;;;;;;;;;;;;
37747613;https://alladin116.amocrm.ru/leads/detail/37747613;;Закрыто и не реализовано;04.05.2026;;;;;;;;;;;Лиды обработка;Недозвон;Другое;Закрыто и не реализовано;;;;;;;;;;;;;;;;;;;;;;;;;;;;;;;;;;;;;;;;;;;;;;;;;;;;;;;;;;;;;;;;;;;;;;;;;;;;;;
37747619;https://alladin116.amocrm.ru/leads/detail/37747619;;;04.05.2026;;;Другое;ОБРАБОТАНО КОММУТАТОРОМ;Другое;ОБРАБОТАНО КОММУТАТОРОМ;;;Другое;ОБРАБОТАНО КОММУТАТОРОМ;Другое;ОБРАБОТАНО КОММУТАТОРОМ;Другое;ОБРАБОТАНО КОММУТАТОРОМ;Другое;ОБРАБОТАНО КОММУТАТОРОМ;Другое;ОБРАБОТАНО КОММУТАТОРОМ;Другое;ОБРАБОТАНО КОММУТАТОРОМ;Другое;ОБРАБОТАНО КОММУТАТОРОМ;Другое;ОБРАБОТАНО КОММУТАТОРОМ;Другое;ОБРАБОТАНО КОММУТАТОРОМ;Другое;ОБРАБОТАНО КОММУТАТОРОМ;Другое;ОБРАБОТАНО КОММУТАТОРОМ;Другое;ОБРАБОТАНО КОММУТАТОРОМ;Другое;ОБРАБОТАНО КОММУТАТОРОМ;Другое;ОБРАБОТАНО КОММУТАТОРОМ;Другое;ОБРАБОТАНО КОММУТАТОРОМ;Другое;ОБРАБОТАНО КОММУТАТОРОМ;Другое;ОБРАБОТАНО КОММУТАТОРОМ;Другое;ОБРАБОТАНО КОММУТАТОРОМ;Другое;ОБРАБОТАНО КОММУТАТОРОМ;Другое;ОБРАБОТАНО КОММУТАТОРОМ;Другое;ОБРАБОТАНО КОММУТАТОРОМ;Другое;ОБРАБОТАНО КОММУТАТОРОМ;Другое;ОБРАБОТАНО КОММУТАТОРОМ;Другое;ОБРАБОТАНО КОММУТАТОРОМ;Другое;ОБРАБОТАНО КОММУТАТОРОМ;;;Другое;ОБРАБОТАНО КОММУТАТОРОМ;;;Другое;ОБРАБОТАНО КОММУТАТОРОМ;;;Другое;ОБРАБОТАНО КОММУТАТОРОМ;Другое;ОБРАБОТАНО КОММУТАТОРОМ;Другое;ОБРАБОТАНО КОММУТАТОРОМ;;;Другое;ОБРАБОТАНО КОММУТАТОРОМ;;;Другое;ОБРАБОТАНО КОММУТАТОРОМ;;;Другое;ОБРАБОТАНО КОММУТАТОРОМ;;;Другое;ОБРАБОТАНО КОММУТАТОРОМ;Другое;ОБРАБОТАНО КОММУТАТОРОМ
37747623;https://alladin116.amocrm.ru/leads/detail/37747623;;Закрыто и не реализовано;04.05.2026;;;;;;;;;;;Лиды обработка;Недозвон;Лиды обработка;Закрыто и не реализовано;;;;;;;;;;;;;;;;;;;;;;;;;;;;;;;;;;;;;;;;;;;;;;;;;;;;;;;;;;;;;;;;;;;;;;;;;;;;;;
37747627;https://alladin116.amocrm.ru/leads/detail/37747627;;Закрыто и не реализовано;04.05.2026;;;;;;;;;;;Другое;Закрыто и не реализовано;;;;;;;;;;;;;;;;;;;;;;;;;;;;;;;;;;;;;;;;;;;;;;;;;;;;;;;;;;;;;;;;;;;;;;;;;;;;;;;;
37747665;https://alladin116.amocrm.ru/leads/detail/37747665;;;04.05.2026;;;Документы ПБ;Контрольный звонок КП;Документы ПБ;Контрольный звонок КП;;;Документы ПБ;Контрольный звонок КП;Документы ПБ;ОБРАБОТАНО КОММУТАТОРОМ;Документы ПБ;ОБРАБОТАНО КОММУТАТОРОМ;Документы ПБ;Контрольный звонок КП;Документы ПБ;ОБРАБОТАНО КОММУТАТОРОМ;Документы ПБ;Контрольный звонок КП;Документы ПБ;Кп отправлено;Документы ПБ;Контрольный звонок КП;Документы ПБ;Контрольный звонок КП;Документы ПБ;Контрольный звонок КП;Документы ПБ;Контрольный звонок КП;Документы ПБ;Контрольный звонок КП;Документы ПБ;Контрольный звонок КП;Документы ПБ;Контрольный звонок КП;Документы ПБ;Контрольный звонок КП;Документы ПБ;Контрольный звонок КП;Документы ПБ;Контрольный звонок КП;Документы ПБ;Контрольный звонок КП;Документы ПБ;Контрольный звонок КП;Документы ПБ;Контрольный звонок КП;Документы ПБ;Контрольный звонок КП;Документы ПБ;Контрольный звонок КП;Документы ПБ;Контрольный звонок КП;Документы ПБ;Контрольный звонок КП;Документы ПБ;Контрольный звонок КП;;;Документы ПБ;Контрольный звонок КП;;;Документы ПБ;Контрольный звонок КП;;;Документы ПБ;Контрольный звонок КП;Документы ПБ;Контрольный звонок КП;Документы ПБ;Контрольный звонок КП;;;Документы ПБ;Контрольный звонок КП;;;Документы ПБ;Контрольный звонок КП;;;Документы ПБ;Контрольный звонок КП;;;Документы ПБ;Контрольный звонок КП;Документы ПБ;Контрольный звонок КП
37747667;https://alladin116.amocrm.ru/leads/detail/37747667;;Закрыто и не реализовано;04.05.2026;;;;;;;;;;;Другое;ОБРАБОТАНО КОММУТАТОРОМ;Другое;ОБРАБОТАНО КОММУТАТОРОМ;;;Другое;ОБРАБОТАНО КОММУТАТОРОМ;;;Другое;ОБРАБОТАНО КОММУТАТОРОМ;;;Другое;ОБРАБОТАНО КОММУТАТОРОМ;;;Другое;ОБРАБОТАНО КОММУТАТОРОМ;Другое;ОБРАБОТАНО КОММУТАТОРОМ;Другое;ОБРАБОТАНО КОММУТАТОРОМ;Другое;Закрыто и не реализовано;;;;;;;;;;;;;;;;;;;;;;;;;;;;;;;;;;;;;;;;;;;;;;;;;;;;;;;;
37747669;https://alladin116.amocrm.ru/leads/detail/37747669;;Закрыто и не реализовано;04.05.2026;;;;;;;;;;;Другое;ОБРАБОТАНО КОММУТАТОРОМ;Документы ПБ;Запросили данные;;;Документы ПБ;Контрольный звонок данные;;;Документы ПБ;Контрольный звонок данные;;;Документы ПБ;Контрольный звонок данные;;;Документы ПБ;Контрольный звонок данные;Документы ПБ;Контрольный звонок данные;Документы ПБ;Контрольный звонок данные;Документы ПБ;Контрольный звонок данные;Документы ПБ;Контрольный звонок данные;Документы ПБ;Контрольный звонок данные;Документы ПБ;Контрольный звонок данные;Документы ПБ;Контрольный звонок данные;Документы ПБ;Контрольный звонок данные;Документы ПБ;Контрольный звонок данные;Документы ПБ;Контрольный звонок данные;Документы ПБ;Контрольный звонок данные;Документы ПБ;Закрыто и не реализовано;;;;;;;;;;;;;;;;;;;;;;;;;;;;;;;;;;;;;;
37747673;https://alladin116.amocrm.ru/leads/detail/37747673;;Закрыто и не реализовано;04.05.2026;;;;;;;;;;;Другое;ОБРАБОТАНО КОММУТАТОРОМ;Другое;ОБРАБОТАНО КОММУТАТОРОМ;;;Другое;ОБРАБОТАНО КОММУТАТОРОМ;;;Другое;ОБРАБОТАНО КОММУТАТОРОМ;;;Другое;ОБРАБОТАНО КОММУТАТОРОМ;;;Другое;ОБРАБОТАНО КОММУТАТОРОМ;Другое;ОБРАБОТАНО КОММУТАТОРОМ;Другое;ОБРАБОТАНО КОММУТАТОРОМ;Другое;ОБРАБОТАНО КОММУТАТОРОМ;Другое;ОБРАБОТАНО КОММУТАТОРОМ;Другое;Закрыто и не реализовано;;;;;;;;;;;;;;;;;;;;;;;;;;;;;;;;;;;;;;;;;;;;;;;;;;;;
37747689;https://alladin116.amocrm.ru/leads/detail/37747689;;Закрыто и не реализовано;04.05.2026;;;;;;;;;;;Другое;ОБРАБОТАНО КОММУТАТОРОМ;Другое;Закрыто и не реализовано;;;;;;;;;;;;;;;;;;;;;;;;;;;;;;;;;;;;;;;;;;;;;;;;;;;;;;;;;;;;;;;;;;;;;;;;;;;;;;
37747761;https://alladin116.amocrm.ru/leads/detail/37747761;;Закрыто и не реализовано;04.05.2026;;;;;;;;;;;Другое;Закрыто и не реализовано;;;;;;;;;;;;;;;;;;;;;;;;;;;;;;;;;;;;;;;;;;;;;;;;;;;;;;;;;;;;;;;;;;;;;;;;;;;;;;;;
37747775;https://alladin116.amocrm.ru/leads/detail/37747775;;Закрыто и не реализовано;04.05.2026;;;;;;;;;;;Другое;Закрыто и не реализовано;;;;;;;;;;;;;;;;;;;;;;;;;;;;;;;;;;;;;;;;;;;;;;;;;;;;;;;;;;;;;;;;;;;;;;;;;;;;;;;;
37747785;https://alladin116.amocrm.ru/leads/detail/37747785;;Закрыто и не реализовано;04.05.2026;;;;;;;;;;;СТУ;Запросили данные;СТУ;Контрольный звонок данные;;;СТУ;КП получено;;;СТУ;Контрольный звонок КП получено;;;СТУ;Контрольный звонок КП получено;;;СТУ;Контрольный звонок КП получено;СТУ;Контрольный звонок КП получено;СТУ;Контрольный звонок КП получено;СТУ;Контрольный звонок КП получено;СТУ;Контрольный звонок КП получено;СТУ;Контрольный звонок КП получено;СТУ;Контрольный звонок КП получено;СТУ;Контрольный звонок КП получено;СТУ;Контрольный звонок КП получено;СТУ;Контрольный звонок КП получено;СТУ;Контрольный звонок КП получено;СТУ;Контрольный звонок КП получено;СТУ;Контрольный звонок КП получено;СТУ;Контрольный звонок КП получено;СТУ;Контрольный звонок КП получено;;;СТУ;Контрольный звонок КП получено;;;СТУ;Контрольный звонок КП получено;;;СТУ;Контрольный звонок КП получено;СТУ;Закрыто и не реализовано;;;;;;;;;;;;;;;;;;;;
37747793;https://alladin116.amocrm.ru/leads/detail/37747793;;Закрыто и не реализовано;04.05.2026;;;;;;;;;;;Другое;ОБРАБОТАНО КОММУТАТОРОМ;Другое;Закрыто и не реализовано;;;;;;;;;;;;;;;;;;;;;;;;;;;;;;;;;;;;;;;;;;;;;;;;;;;;;;;;;;;;;;;;;;;;;;;;;;;;;;
37747797;https://alladin116.amocrm.ru/leads/detail/37747797;;;04.05.2026;;;Документы ПБ;Контрольный звонок КП получено;Документы ПБ;Контрольный звонок КП получено;;;Документы ПБ;Контрольный звонок КП получено;Документы ПБ;Запросили данные;Документы ПБ;Контрольный звонок данные;Документы ПБ;Контрольный звонок КП получено;Документы ПБ;Кп отправлено;Документы ПБ;Контрольный звонок КП получено;Документы ПБ;Кп отправлено;Документы ПБ;Контрольный звонок КП получено;Документы ПБ;Контрольный звонок КП;Документы ПБ;Контрольный звонок КП получено;Документы ПБ;Контрольный звонок КП;Документы ПБ;Контрольный звонок КП получено;Документы ПБ;Контрольный звонок КП;Документы ПБ;Контрольный звонок КП;Документы ПБ;Контрольный звонок КП;Документы ПБ;Контрольный звонок КП получено;Документы ПБ;Контрольный звонок КП получено;Документы ПБ;Контрольный звонок КП получено;Документы ПБ;Контрольный звонок КП получено;Документы ПБ;Контрольный звонок КП получено;Документы ПБ;Контрольный звонок КП получено;Документы ПБ;Контрольный звонок КП получено;Документы ПБ;Контрольный звонок КП получено;Документы ПБ;Контрольный звонок КП получено;Документы ПБ;Контрольный звонок КП получено;;;Документы ПБ;Контрольный звонок КП получено;;;Документы ПБ;Контрольный звонок КП получено;;;Документы ПБ;Контрольный звонок КП получено;Документы ПБ;Контрольный звонок КП получено;Документы ПБ;Контрольный звонок КП получено;;;Документы ПБ;Контрольный звонок КП получено;;;Документы ПБ;Контрольный звонок КП получено;;;Документы ПБ;Контрольный звонок КП получено;;;Документы ПБ;Контрольный звонок КП получено;Документы ПБ;Контрольный звонок КП получено
37747809;https://alladin116.amocrm.ru/leads/detail/37747809;;Закрыто и не реализовано;04.05.2026;;;;;;;;;;;Другое;ОБРАБОТАНО КОММУТАТОРОМ;Другое;Закрыто и не реализовано;;;;;;;;;;;;;;;;;;;;;;;;;;;;;;;;;;;;;;;;;;;;;;;;;;;;;;;;;;;;;;;;;;;;;;;;;;;;;;
37747997;https://alladin116.amocrm.ru/leads/detail/37747997;;;05.05.2026;;;АПС;ДАННЫЕ ПРЕДОСТАВЛЕНЫ;АПС;ДАННЫЕ ПРЕДОСТАВЛЕНЫ;;;АПС;ДАННЫЕ ПРЕДОСТАВЛЕНЫ;;;АПС;Контрольный звонок данные;АПС;ДАННЫЕ ПРЕДОСТАВЛЕНЫ;АПС;Контрольный звонок данные;АПС;ДАННЫЕ ПРЕДОСТАВЛЕНЫ;АПС;Контрольный звонок данные;АПС;ДАННЫЕ ПРЕДОСТАВЛЕНЫ;АПС;Контрольный звонок данные;АПС;ДАННЫЕ ПРЕДОСТАВЛЕНЫ;АПС;Контрольный звонок данные;АПС;ДАННЫЕ ПРЕДОСТАВЛЕНЫ;АПС;Контрольный звонок данные;АПС;Контрольный звонок данные;АПС;Контрольный звонок данные;АПС;Контрольный звонок данные;АПС;Контрольный звонок данные;АПС;Контрольный звонок данные;АПС;Контрольный звонок данные;АПС;Контрольный звонок данные;АПС;Контрольный звонок данные;АПС;Контрольный звонок данные;АПС;Контрольный звонок данные;АПС;Контрольный звонок данные;АПС;Контрольный звонок данные;;;АПС;Контрольный звонок данные;;;АПС;Контрольный звонок данные;;;АПС;Контрольный звонок данные;АПС;ДАННЫЕ ПРЕДОСТАВЛЕНЫ;АПС;ДАННЫЕ ПРЕДОСТАВЛЕНЫ;;;АПС;ДАННЫЕ ПРЕДОСТАВЛЕНЫ;;;АПС;ДАННЫЕ ПРЕДОСТАВЛЕНЫ;;;АПС;ДАННЫЕ ПРЕДОСТАВЛЕНЫ;;;АПС;ДАННЫЕ ПРЕДОСТАВЛЕНЫ;АПС;ДАННЫЕ ПРЕДОСТАВЛЕНЫ
37748015;https://alladin116.amocrm.ru/leads/detail/37748015;;Закрыто и не реализовано;05.05.2026;;;;;;;;;;;;;Лиды обработка;Недозвон;;;Лиды обработка;Недозвон;;;Лиды обработка;Недозвон;;;Лиды обработка;Недозвон;;;Лиды обработка;Недозвон;Лиды обработка;Недозвон;Лиды обработка;Недозвон;Лиды обработка;Недозвон;Лиды обработка;Недозвон;Лиды обработка;Закрыто и не реализовано;;;;;;;;;;;;;;;;;;;;;;;;;;;;;;;;;;;;;;;;;;;;;;;;;;;;
37748035;https://alladin116.amocrm.ru/leads/detail/37748035;;Закрыто и не реализовано;05.05.2026;;;;;;;;;;;;;Другое;ОБРАБОТАНО КОММУТАТОРОМ;;;Другое;ОБРАБОТАНО КОММУТАТОРОМ;;;Другое;ОБРАБОТАНО КОММУТАТОРОМ;;;Другое;ОБРАБОТАНО КОММУТАТОРОМ;;;Другое;ОБРАБОТАНО КОММУТАТОРОМ;Другое;ОБРАБОТАНО КОММУТАТОРОМ;Другое;ОБРАБОТАНО КОММУТАТОРОМ;Лиды обработка;Недозвон;Лиды обработка;Недозвон;Лиды обработка;Недозвон;Лиды обработка;Недозвон;Лиды обработка;Закрыто и не реализовано;;;;;;;;;;;;;;;;;;;;;;;;;;;;;;;;;;;;;;;;;;;;;;;;
37748037;https://alladin116.amocrm.ru/leads/detail/37748037;;;05.05.2026;;;СТУ;Контрольный звонок КП договоренности;СТУ;Контрольный звонок КП договоренности;;;СТУ;Контрольный звонок КП договоренности;;;СТУ;Контрольный звонок КП договоренности;СТУ;Контрольный звонок КП договоренности;СТУ;Контрольный звонок КП договоренности;СТУ;Контрольный звонок КП договоренности;СТУ;Контрольный звонок КП договоренности;СТУ;Контрольный звонок КП договоренности;СТУ;Контрольный звонок КП договоренности;СТУ;Контрольный звонок КП договоренности;СТУ;Контрольный звонок КП договоренности;СТУ;Контрольный звонок КП договоренности;СТУ;Контрольный звонок КП договоренности;СТУ;Контрольный звонок КП договоренности;СТУ;Контрольный звонок КП договоренности;СТУ;Контрольный звонок КП договоренности;СТУ;Контрольный звонок КП договоренности;СТУ;Контрольный звонок КП договоренности;СТУ;Контрольный звонок КП договоренности;СТУ;Контрольный звонок КП договоренности;СТУ;Контрольный звонок КП договоренности;СТУ;Контрольный звонок КП договоренности;СТУ;Контрольный звонок КП договоренности;СТУ;Контрольный звонок КП договоренности;СТУ;Контрольный звонок КП договоренности;;;СТУ;Контрольный звонок КП договоренности;;;СТУ;Контрольный звонок КП договоренности;;;СТУ;Контрольный звонок КП договоренности;СТУ;Контрольный звонок КП договоренности;СТУ;Контрольный звонок КП договоренности;;;СТУ;Контрольный звонок КП договоренности;;;СТУ;Контрольный звонок КП договоренности;;;СТУ;Контрольный звонок КП договоренности;;;СТУ;Контрольный звонок КП договоренности;СТУ;Контрольный звонок КП договоренности
37748115;https://alladin116.amocrm.ru/leads/detail/37748115;;Закрыто и не реализовано;05.05.2026;;;;;;;;;;;;;Планы эвакуации;ОБРАБОТАНО КОММУТАТОРОМ;;;Планы эвакуации;ОБРАБОТАНО КОММУТАТОРОМ;;;Планы эвакуации;ОБРАБОТАНО КОММУТАТОРОМ;;;Планы эвакуации;ОБРАБОТАНО КОММУТАТОРОМ;;;Планы эвакуации;ОБРАБОТАНО КОММУТАТОРОМ;Планы эвакуации;ОБРАБОТАНО КОММУТАТОРОМ;Планы эвакуации;ОБРАБОТАНО КОММУТАТОРОМ;Планы эвакуации;ОБРАБОТАНО КОММУТАТОРОМ;Планы эвакуации;ОБРАБОТАНО КОММУТАТОРОМ;Планы эвакуации;ОБРАБОТАНО КОММУТАТОРОМ;Планы эвакуации;ОБРАБОТАНО КОММУТАТОРОМ;Планы эвакуации;ОБРАБОТАНО КОММУТАТОРОМ;Планы эвакуации;ОБРАБОТАНО КОММУТАТОРОМ;Планы эвакуации;ОБРАБОТАНО КОММУТАТОРОМ;Планы эвакуации;ОБРАБОТАНО КОММУТАТОРОМ;Планы эвакуации;ОБРАБОТАНО КОММУТАТОРОМ;;;Планы эвакуации;ОБРАБОТАНО КОММУТАТОРОМ;Планы эвакуации;ОБРАБОТАНО КОММУТАТОРОМ;;;Планы эвакуации;Закрыто и не реализовано;;;;;;;;;;;;;;;;;;;;;;;;;;;;;;
37748135;https://alladin116.amocrm.ru/leads/detail/37748135;;Закрыто и не реализовано;05.05.2026;;;;;;;;;;;;;Планы эвакуации;Закрыто и не реализовано;;;;;;;;;;;;;;;;;;;;;;;;;;;;;;;;;;;;;;;;;;;;;;;;;;;;;;;;;;;;;;;;;;;;;;;;;;;;;;
37748147;https://alladin116.amocrm.ru/leads/detail/37748147;;Закрыто и не реализовано;05.05.2026;;;;;;;;;;;;;Документы ПБ;ОБРАБОТАНО КОММУТАТОРОМ;;;Документы ПБ;ОБРАБОТАНО КОММУТАТОРОМ;;;Документы ПБ;ОБРАБОТАНО КОММУТАТОРОМ;;;Документы ПБ;ОБРАБОТАНО КОММУТАТОРОМ;;;Документы ПБ;ОБРАБОТАНО КОММУТАТОРОМ;Документы ПБ;ОБРАБОТАНО КОММУТАТОРОМ;Документы ПБ;ОБРАБОТАНО КОММУТАТОРОМ;Документы ПБ;ОБРАБОТАНО КОММУТАТОРОМ;Документы ПБ;ОБРАБОТАНО КОММУТАТОРОМ;Документы ПБ;ОБРАБОТАНО КОММУТАТОРОМ;Документы ПБ;ОБРАБОТАНО КОММУТАТОРОМ;Документы ПБ;ОБРАБОТАНО КОММУТАТОРОМ;Документы ПБ;ОБРАБОТАНО КОММУТАТОРОМ;Документы ПБ;ОБРАБОТАНО КОММУТАТОРОМ;Документы ПБ;ОБРАБОТАНО КОММУТАТОРОМ;Документы ПБ;ОБРАБОТАНО КОММУТАТОРОМ;Документы ПБ;ОБРАБОТАНО КОММУТАТОРОМ;Документы ПБ;Закрыто и не реализовано;;;;;;;;;;;;;;;;;;;;;;;;;;;;;;;;;;;;
37748163;https://alladin116.amocrm.ru/leads/detail/37748163;;;05.05.2026;;;Расчет рисков;Контрольный звонок КП договоренности;Расчет рисков;Контрольный звонок КП договоренности;;;Расчет рисков;Контрольный звонок КП договоренности;;;Расчет рисков;Контрольный звонок КП;Расчет рисков;Контрольный звонок КП договоренности;Расчет рисков;Контрольный звонок КП договоренности;Расчет рисков;Контрольный звонок КП договоренности;Расчет рисков;Контрольный звонок КП договоренности;Расчет рисков;Контрольный звонок КП договоренности;Расчет рисков;Контрольный звонок КП договоренности;Расчет рисков;Контрольный звонок КП договоренности;Расчет рисков;Контрольный звонок КП договоренности;Расчет рисков;Контрольный звонок КП договоренности;Расчет рисков;Контрольный звонок КП договоренности;Расчет рисков;Контрольный звонок КП договоренности;Расчет рисков;Контрольный звонок КП договоренности;Расчет рисков;Контрольный звонок КП договоренности;Расчет рисков;Контрольный звонок КП договоренности;Расчет рисков;Контрольный звонок КП договоренности;Расчет рисков;Контрольный звонок КП договоренности;Расчет рисков;Контрольный звонок КП договоренности;Расчет рисков;Контрольный звонок КП договоренности;Расчет рисков;Контрольный звонок КП договоренности;Расчет рисков;Контрольный звонок КП договоренности;Расчет рисков;Контрольный звонок КП договоренности;Расчет рисков;Контрольный звонок КП договоренности;;;Расчет рисков;Контрольный звонок КП договоренности;;;Расчет рисков;Контрольный звонок КП договоренности;;;Расчет рисков;Контрольный звонок КП договоренности;Расчет рисков;Контрольный звонок КП договоренности;Расчет рисков;Контрольный звонок КП договоренности;;;Расчет рисков;Контрольный звонок КП договоренности;;;Расчет рисков;Контрольный звонок КП договоренности;;;Расчет рисков;Контрольный звонок КП договоренности;;;Расчет рисков;Контрольный звонок КП договоренности;Расчет рисков;Контрольный звонок КП договоренности
37748173;https://alladin116.amocrm.ru/leads/detail/37748173;;Закрыто и не реализовано;05.05.2026;;;;;;;;;;;;;Другое;ОБРАБОТАНО КОММУТАТОРОМ;;;Другое;Запросили данные;;;Другое;Закрыто и не реализовано;;;;;;;;;;;;;;;;;;;;;;;;;;;;;;;;;;;;;;;;;;;;;;;;;;;;;;;;;;;;;;;;;;;;;;
37748181;https://alladin116.amocrm.ru/leads/detail/37748181;;Закрыто и не реализовано;05.05.2026;;;;;;;;;;;;;Лиды обработка;Закрыто и не реализовано;;;;;;;;;;;;;;;;;;;;;;;;;;;;;;;;;;;;;;;;;;;;;;;;;;;;;;;;;;;;;;;;;;;;;;;;;;;;;;
37748195;https://alladin116.amocrm.ru/leads/detail/37748195;;Закрыто и не реализовано;05.05.2026;;;;;;;;;;;;;АПС;ОБРАБОТАНО КОММУТАТОРОМ;;;АПС;ОБРАБОТАНО КОММУТАТОРОМ;;;АПС;ОБРАБОТАНО КОММУТАТОРОМ;;;АПС;ОБРАБОТАНО КОММУТАТОРОМ;;;АПС;ОБРАБОТАНО КОММУТАТОРОМ;АПС;ОБРАБОТАНО КОММУТАТОРОМ;АПС;ОБРАБОТАНО КОММУТАТОРОМ;АПС;ОБРАБОТАНО КОММУТАТОРОМ;АПС;ОБРАБОТАНО КОММУТАТОРОМ;АПС;ОБРАБОТАНО КОММУТАТОРОМ;АПС;ОБРАБОТАНО КОММУТАТОРОМ;АПС;ОБРАБОТАНО КОММУТАТОРОМ;АПС;ОБРАБОТАНО КОММУТАТОРОМ;АПС;ОБРАБОТАНО КОММУТАТОРОМ;АПС;ОБРАБОТАНО КОММУТАТОРОМ;АПС;ОБРАБОТАНО КОММУТАТОРОМ;АПС;Закрыто и не реализовано;;;;;;;;;;;;;;;;;;;;;;;;;;;;;;;;;;;;;;
37748217;https://alladin116.amocrm.ru/leads/detail/37748217;;;05.05.2026;;;АПС;Контрольный звонок Д\С;АПС;ОПЛАТА 100%;;;АПС;ОПЛАТА 100%;;;АПС;ДАННЫЕ ПРЕДОСТАВЛЕНЫ;АПС;ОПЛАТА 100%;АПС;ДАННЫЕ ПРЕДОСТАВЛЕНЫ;АПС;ОПЛАТА 100%;АПС;ДАННЫЕ ПРЕДОСТАВЛЕНЫ;АПС;ОПЛАТА 100%;АПС;ДАННЫЕ ПРЕДОСТАВЛЕНЫ;АПС;ОПЛАТА 100%;АПС;ДАННЫЕ ПРЕДОСТАВЛЕНЫ;АПС;ОПЛАТА 100%;АПС;ДАННЫЕ ПРЕДОСТАВЛЕНЫ;АПС;ДАННЫЕ ПРЕДОСТАВЛЕНЫ;АПС;ДАННЫЕ ПРЕДОСТАВЛЕНЫ;АПС;ДАННЫЕ ПРЕДОСТАВЛЕНЫ;АПС;ДАННЫЕ ПРЕДОСТАВЛЕНЫ;АПС;ДАННЫЕ ПРЕДОСТАВЛЕНЫ;АПС;ДАННЫЕ ПРЕДОСТАВЛЕНЫ;АПС;ДАННЫЕ ПРЕДОСТАВЛЕНЫ;АПС;ДАННЫЕ ПРЕДОСТАВЛЕНЫ;АПС;ДАННЫЕ ПРЕДОСТАВЛЕНЫ;АПС;Договор/счет отправлен;АПС;Контрольный звонок Д\С;АПС;Контрольный звонок Д\С;;;АПС;Контрольный звонок Д\С;;;АПС;Контрольный звонок Д\С;;;АПС;Контрольный звонок Д\С;АПС;Контрольный звонок Д\С;АПС;Контрольный звонок Д\С;;;АПС;Контрольный звонок Д\С;;;АПС;Контрольный звонок Д\С;;;АПС;Контрольный звонок Д\С;;;АПС;Контрольный звонок Д\С;АПС;Контрольный звонок Д\С
37748391;https://alladin116.amocrm.ru/leads/detail/37748391;;Закрыто и не реализовано;06.05.2026;;;Документы ПБ;ОБРАБОТАНО КОММУТАТОРОМ;Документы ПБ;Закрыто и не реализовано;;;;;;;;;;;Документы ПБ;ОБРАБОТАНО КОММУТАТОРОМ;;;Документы ПБ;ОБРАБОТАНО КОММУТАТОРОМ;;;Документы ПБ;ОБРАБОТАНО КОММУТАТОРОМ;;;Документы ПБ;ОБРАБОТАНО КОММУТАТОРОМ;Документы ПБ;ОБРАБОТАНО КОММУТАТОРОМ;Документы ПБ;ОБРАБОТАНО КОММУТАТОРОМ;Документы ПБ;ОБРАБОТАНО КОММУТАТОРОМ;Документы ПБ;ОБРАБОТАНО КОММУТАТОРОМ;Документы ПБ;ОБРАБОТАНО КОММУТАТОРОМ;Документы ПБ;ОБРАБОТАНО КОММУТАТОРОМ;Документы ПБ;ОБРАБОТАНО КОММУТАТОРОМ;Документы ПБ;ОБРАБОТАНО КОММУТАТОРОМ;Документы ПБ;ОБРАБОТАНО КОММУТАТОРОМ;Документы ПБ;ОБРАБОТАНО КОММУТАТОРОМ;Документы ПБ;ОБРАБОТАНО КОММУТАТОРОМ;Документы ПБ;ОБРАБОТАНО КОММУТАТОРОМ;Документы ПБ;ОБРАБОТАНО КОММУТАТОРОМ;Документы ПБ;ОБРАБОТАНО КОММУТАТОРОМ;;;Документы ПБ;ОБРАБОТАНО КОММУТАТОРОМ;;;Документы ПБ;ОБРАБОТАНО КОММУТАТОРОМ;;;Документы ПБ;ОБРАБОТАНО КОММУТАТОРОМ;Документы ПБ;ОБРАБОТАНО КОММУТАТОРОМ;Документы ПБ;ОБРАБОТАНО КОММУТАТОРОМ;;;Документы ПБ;ОБРАБОТАНО КОММУТАТОРОМ;;;Документы ПБ;ОБРАБОТАНО КОММУТАТОРОМ;;;Документы ПБ;ОБРАБОТАНО КОММУТАТОРОМ;;;Документы ПБ;ОБРАБОТАНО КОММУТАТОРОМ;Документы ПБ;ОБРАБОТАНО КОММУТАТОРОМ
37748401;https://alladin116.amocrm.ru/leads/detail/37748401;;Закрыто и не реализовано;06.05.2026;;;;;;;;;;;;;;;;;Документы ПБ;ДАННЫЕ ПРЕДОСТАВЛЕНЫ;;;Документы ПБ;ДАННЫЕ ПРЕДОСТАВЛЕНЫ;;;Абонентка (первичная продажа);Запросили данные;;;Абонентка (первичная продажа);Запросили данные;Абонентка (первичная продажа);Запросили данные;Абонентка (первичная продажа);Запросили данные;Абонентка (первичная продажа);Запросили данные;Абонентка (первичная продажа);Запросили данные;Абонентка (первичная продажа);Запросили данные;Абонентка (первичная продажа);Запросили данные;Абонентка (первичная продажа);Закрыто и не реализовано;;;;;;;;;;;;;;;;;;;;;;;;;;;;;;;;;;;;;;;;;;;;;;;;
37748403;https://alladin116.amocrm.ru/leads/detail/37748403;;Закрыто и не реализовано;06.05.2026;;;;;;;;;;;;;;;;;Другое;ОБРАБОТАНО КОММУТАТОРОМ;;;Другое;ОБРАБОТАНО КОММУТАТОРОМ;;;Другое;ОБРАБОТАНО КОММУТАТОРОМ;;;Другое;ОБРАБОТАНО КОММУТАТОРОМ;Другое;ОБРАБОТАНО КОММУТАТОРОМ;Другое;ОБРАБОТАНО КОММУТАТОРОМ;Другое;ОБРАБОТАНО КОММУТАТОРОМ;Другое;ОБРАБОТАНО КОММУТАТОРОМ;Другое;ОБРАБОТАНО КОММУТАТОРОМ;Другое;ОБРАБОТАНО КОММУТАТОРОМ;Другое;ОБРАБОТАНО КОММУТАТОРОМ;Другое;ОБРАБОТАНО КОММУТАТОРОМ;Другое;ОБРАБОТАНО КОММУТАТОРОМ;Другое;ОБРАБОТАНО КОММУТАТОРОМ;Другое;ОБРАБОТАНО КОММУТАТОРОМ;Другое;ОБРАБОТАНО КОММУТАТОРОМ;Другое;ОБРАБОТАНО КОММУТАТОРОМ;Другое;ОБРАБОТАНО КОММУТАТОРОМ;;;Другое;ОБРАБОТАНО КОММУТАТОРОМ;;;Другое;ОБРАБОТАНО КОММУТАТОРОМ;;;Другое;ОБРАБОТАНО КОММУТАТОРОМ;Другое;ОБРАБОТАНО КОММУТАТОРОМ;Другое;ОБРАБОТАНО КОММУТАТОРОМ;;;Другое;ОБРАБОТАНО КОММУТАТОРОМ;;;Другое;Закрыто и не реализовано;;;;;;;;;;
37748423;https://alladin116.amocrm.ru/leads/detail/37748423;;Закрыто и не реализовано;06.05.2026;;;;;;;;;;;;;;;;;Другое;Закрыто и не реализовано;;;;;;;;;;;;;;;;;;;;;;;;;;;;;;;;;;;;;;;;;;;;;;;;;;;;;;;;;;;;;;;;;;;;;;;;;;
37748425;https://alladin116.amocrm.ru/leads/detail/37748425;;Закрыто и не реализовано;06.05.2026;;;;;;;;;;;;;;;;;Другое;ОБРАБОТАНО КОММУТАТОРОМ;;;Другое;ОБРАБОТАНО КОММУТАТОРОМ;;;Другое;ОБРАБОТАНО КОММУТАТОРОМ;;;Другое;ОБРАБОТАНО КОММУТАТОРОМ;Другое;ОБРАБОТАНО КОММУТАТОРОМ;Другое;ОБРАБОТАНО КОММУТАТОРОМ;Другое;ОБРАБОТАНО КОММУТАТОРОМ;Другое;ОБРАБОТАНО КОММУТАТОРОМ;Другое;ОБРАБОТАНО КОММУТАТОРОМ;Другое;ОБРАБОТАНО КОММУТАТОРОМ;Другое;ОБРАБОТАНО КОММУТАТОРОМ;Другое;ОБРАБОТАНО КОММУТАТОРОМ;Другое;ОБРАБОТАНО КОММУТАТОРОМ;Другое;ОБРАБОТАНО КОММУТАТОРОМ;Другое;ОБРАБОТАНО КОММУТАТОРОМ;Другое;Закрыто и не реализовано;;;;;;;;;;;;;;;;;;;;;;;;;;;;;;;;;;;;;;
37748437;https://alladin116.amocrm.ru/leads/detail/37748437;;;06.05.2026;;;СТУ;Контрольный звонок данные;СТУ;Контрольный звонок данные;;;СТУ;Контрольный звонок данные;;;;;СТУ;Контрольный звонок данные;Лиды обработка;Недозвон;СТУ;Контрольный звонок данные;Лиды обработка;Недозвон;СТУ;Контрольный звонок данные;Лиды обработка;Недозвон;СТУ;Контрольный звонок данные;Лиды обработка;Недозвон;СТУ;Контрольный звонок данные;Лиды обработка;Недозвон;Лиды обработка;Недозвон;Лиды обработка;Недозвон;Лиды обработка;Недозвон;Лиды обработка;Недозвон;Лиды обработка;Недозвон;Лиды обработка;Недозвон;Лиды обработка;Недозвон;Лиды обработка;Недозвон;Лиды обработка;Недозвон;Лиды обработка;Недозвон;Лиды обработка;Недозвон;Лиды обработка;Недозвон;;;Лиды обработка;Недозвон;;;Лиды обработка;Недозвон;;;Лиды обработка;Недозвон;Лиды обработка;Недозвон;Лиды обработка;Недозвон;;;СТУ;Запросили данные;;;СТУ;Контрольный звонок данные;;;СТУ;Контрольный звонок данные;;;СТУ;Контрольный звонок данные;СТУ;Контрольный звонок данные
37748447;https://alladin116.amocrm.ru/leads/detail/37748447;;;06.05.2026;;;АПС;ОБРАБОТАНО КОММУТАТОРОМ;АПС;ОБРАБОТАНО КОММУТАТОРОМ;;;АПС;ОБРАБОТАНО КОММУТАТОРОМ;;;;;АПС;ОБРАБОТАНО КОММУТАТОРОМ;АПС;ОБРАБОТАНО КОММУТАТОРОМ;АПС;ОБРАБОТАНО КОММУТАТОРОМ;АПС;ОБРАБОТАНО КОММУТАТОРОМ;АПС;ОБРАБОТАНО КОММУТАТОРОМ;АПС;ОБРАБОТАНО КОММУТАТОРОМ;АПС;ОБРАБОТАНО КОММУТАТОРОМ;АПС;ОБРАБОТАНО КОММУТАТОРОМ;АПС;ОБРАБОТАНО КОММУТАТОРОМ;АПС;ОБРАБОТАНО КОММУТАТОРОМ;АПС;ОБРАБОТАНО КОММУТАТОРОМ;АПС;ОБРАБОТАНО КОММУТАТОРОМ;АПС;ОБРАБОТАНО КОММУТАТОРОМ;АПС;ОБРАБОТАНО КОММУТАТОРОМ;АПС;ОБРАБОТАНО КОММУТАТОРОМ;АПС;ОБРАБОТАНО КОММУТАТОРОМ;АПС;ОБРАБОТАНО КОММУТАТОРОМ;АПС;ОБРАБОТАНО КОММУТАТОРОМ;АПС;ОБРАБОТАНО КОММУТАТОРОМ;АПС;ОБРАБОТАНО КОММУТАТОРОМ;АПС;ОБРАБОТАНО КОММУТАТОРОМ;АПС;ОБРАБОТАНО КОММУТАТОРОМ;;;АПС;ОБРАБОТАНО КОММУТАТОРОМ;;;АПС;ОБРАБОТАНО КОММУТАТОРОМ;;;АПС;ОБРАБОТАНО КОММУТАТОРОМ;АПС;ОБРАБОТАНО КОММУТАТОРОМ;АПС;ОБРАБОТАНО КОММУТАТОРОМ;;;АПС;ОБРАБОТАНО КОММУТАТОРОМ;;;АПС;ОБРАБОТАНО КОММУТАТОРОМ;;;АПС;ОБРАБОТАНО КОММУТАТОРОМ;;;АПС;ОБРАБОТАНО КОММУТАТОРОМ;АПС;ОБРАБОТАНО КОММУТАТОРОМ
37748453;https://alladin116.amocrm.ru/leads/detail/37748453;;Закрыто и не реализовано;06.05.2026;;;;;;;;;;;;;;;;;Лиды обработка;Закрыто и не реализовано;;;;;;;;;;;;;;;;;;;;;;;;;;;;;;;;;;;;;;;;;;;;;;;;;;;;;;;;;;;;;;;;;;;;;;;;;;
37748455;https://alladin116.amocrm.ru/leads/detail/37748455;;Закрыто и не реализовано;06.05.2026;;;;;;;;;;;;;;;;;Планы эвакуации;Закрыто и не реализовано;;;;;;;;;;;;;;;;;;;;;;;;;;;;;;;;;;;;;;;;;;;;;;;;;;;;;;;;;;;;;;;;;;;;;;;;;;
37748461;https://alladin116.amocrm.ru/leads/detail/37748461;;Закрыто и не реализовано;06.05.2026;;;;;;;;;;;;;;;;;АПС;ОБРАБОТАНО КОММУТАТОРОМ;;;АПС;ОБРАБОТАНО КОММУТАТОРОМ;;;АПС;ОБРАБОТАНО КОММУТАТОРОМ;;;АПС;ОБРАБОТАНО КОММУТАТОРОМ;АПС;ОБРАБОТАНО КОММУТАТОРОМ;АПС;ОБРАБОТАНО КОММУТАТОРОМ;АПС;ОБРАБОТАНО КОММУТАТОРОМ;АПС;ОБРАБОТАНО КОММУТАТОРОМ;АПС;ОБРАБОТАНО КОММУТАТОРОМ;АПС;ОБРАБОТАНО КОММУТАТОРОМ;АПС;ОБРАБОТАНО КОММУТАТОРОМ;АПС;ОБРАБОТАНО КОММУТАТОРОМ;АПС;ОБРАБОТАНО КОММУТАТОРОМ;АПС;ОБРАБОТАНО КОММУТАТОРОМ;АПС;ОБРАБОТАНО КОММУТАТОРОМ;АПС;ОБРАБОТАНО КОММУТАТОРОМ;АПС;ОБРАБОТАНО КОММУТАТОРОМ;АПС;Закрыто и не реализовано;;;;;;;;;;;;;;;;;;;;;;;;;;;;;;;;;;
37748465;https://alladin116.amocrm.ru/leads/detail/37748465;;Закрыто и не реализовано;06.05.2026;;;СТУ;ОБРАБОТАНО Коммутатором;СТУ;Закрыто и не реализовано;;;;;;;;;;;Расчет рисков;Обработано коммутатором;;;СТУ;ОБРАБОТАНО Коммутатором;;;СТУ;ОБРАБОТАНО Коммутатором;;;СТУ;ОБРАБОТАНО Коммутатором;СТУ;ОБРАБОТАНО Коммутатором;СТУ;ОБРАБОТАНО Коммутатором;СТУ;ОБРАБОТАНО Коммутатором;СТУ;ОБРАБОТАНО Коммутатором;СТУ;ОБРАБОТАНО Коммутатором;СТУ;ОБРАБОТАНО Коммутатором;СТУ;ОБРАБОТАНО Коммутатором;СТУ;ОБРАБОТАНО Коммутатором;СТУ;ОБРАБОТАНО Коммутатором;СТУ;ОБРАБОТАНО Коммутатором;СТУ;ОБРАБОТАНО Коммутатором;СТУ;ОБРАБОТАНО Коммутатором;СТУ;ОБРАБОТАНО Коммутатором;СТУ;ОБРАБОТАНО Коммутатором;;;СТУ;ОБРАБОТАНО Коммутатором;;;СТУ;ОБРАБОТАНО Коммутатором;;;СТУ;ОБРАБОТАНО Коммутатором;СТУ;ОБРАБОТАНО Коммутатором;СТУ;ОБРАБОТАНО Коммутатором;;;СТУ;ОБРАБОТАНО Коммутатором;;;СТУ;ОБРАБОТАНО Коммутатором;;;СТУ;ОБРАБОТАНО Коммутатором;;;СТУ;ОБРАБОТАНО Коммутатором;СТУ;ОБРАБОТАНО Коммутатором
37748483;https://alladin116.amocrm.ru/leads/detail/37748483;;Закрыто и не реализовано;06.05.2026;;;;;;;;;;;;;;;;;Другое;ОБРАБОТАНО КОММУТАТОРОМ;;;Другое;ОБРАБОТАНО КОММУТАТОРОМ;;;Другое;ОБРАБОТАНО КОММУТАТОРОМ;;;Другое;ОБРАБОТАНО КОММУТАТОРОМ;Другое;ОБРАБОТАНО КОММУТАТОРОМ;Другое;ОБРАБОТАНО КОММУТАТОРОМ;Другое;ОБРАБОТАНО КОММУТАТОРОМ;Другое;ОБРАБОТАНО КОММУТАТОРОМ;Другое;ОБРАБОТАНО КОММУТАТОРОМ;Другое;ОБРАБОТАНО КОММУТАТОРОМ;Другое;ОБРАБОТАНО КОММУТАТОРОМ;Другое;ОБРАБОТАНО КОММУТАТОРОМ;Другое;ОБРАБОТАНО КОММУТАТОРОМ;Другое;ОБРАБОТАНО КОММУТАТОРОМ;Другое;ОБРАБОТАНО КОММУТАТОРОМ;Другое;ОБРАБОТАНО КОММУТАТОРОМ;Другое;ОБРАБОТАНО КОММУТАТОРОМ;Другое;ОБРАБОТАНО КОММУТАТОРОМ;;;Другое;ОБРАБОТАНО КОММУТАТОРОМ;;;Другое;ОБРАБОТАНО КОММУТАТОРОМ;;;Другое;ОБРАБОТАНО КОММУТАТОРОМ;Другое;ОБРАБОТАНО КОММУТАТОРОМ;Другое;ОБРАБОТАНО КОММУТАТОРОМ;;;Другое;Закрыто и не реализовано;;;;;;;;;;;;;;
37748507;https://alladin116.amocrm.ru/leads/detail/37748507;;Закрыто и не реализовано;06.05.2026;;;;;;;;;;;;;;;;;Другое;Закрыто и не реализовано;;;;;;;;;;;;;;;;;;;;;;;;;;;;;;;;;;;;;;;;;;;;;;;;;;;;;;;;;;;;;;;;;;;;;;;;;;
37748513;https://alladin116.amocrm.ru/leads/detail/37748513;;;06.05.2026;;;Другое;Оплата 100%;Другое;Оплата 100%;;;Другое;Оплата 100%;;;;;Другое;Оплата 100%;Лиды обработка;Скорозвон;Другое;Оплата 100%;Лиды обработка;Скорозвон;Другое;Оплата 100%;Лиды обработка;Скорозвон;Другое;Оплата 100%;Лиды обработка;Скорозвон;Другое;УПД отправлено;Лиды обработка;Скорозвон;Лиды обработка;Скорозвон;Лиды обработка;Скорозвон;Другое;Контрольный звонок Д\С получен;Другое;Контрольный звонок Д\С получен;Другое;Контрольный звонок Д\С получен;Другое;Контрольный звонок Д\С получен;Другое;Контрольный звонок Д\С получен;Другое;Контрольный звонок Д\С получен;Другое;Контрольный звонок Д\С получен;Другое;Контрольный звонок Д\С получен;Другое;Контрольный звонок Д\С получен;Другое;Оплата 100%;;;Другое;Оплата 100%;;;Другое;Оплата 100%;;;Другое;Оплата 100%;Другое;Оплата 100%;Другое;Оплата 100%;;;Другое;Оплата 100%;;;Другое;Оплата 100%;;;Другое;Оплата 100%;;;Другое;Оплата 100%;Другое;Оплата 100%
37748519;https://alladin116.amocrm.ru/leads/detail/37748519;;Закрыто и не реализовано;06.05.2026;;;;;;;;;;;;;;;;;Лиды обработка;Закрыто и не реализовано;;;;;;;;;;;;;;;;;;;;;;;;;;;;;;;;;;;;;;;;;;;;;;;;;;;;;;;;;;;;;;;;;;;;;;;;;;
37748539;https://alladin116.amocrm.ru/leads/detail/37748539;;;06.05.2026;;;СТУ;ОБРАБОТАНО Коммутатором;СТУ;ОБРАБОТАНО Коммутатором;;;СТУ;ОБРАБОТАНО Коммутатором;;;;;СТУ;ОБРАБОТАНО Коммутатором;СТУ;ОБРАБОТАНО Коммутатором;СТУ;ОБРАБОТАНО Коммутатором;СТУ;ОБРАБОТАНО Коммутатором;СТУ;ОБРАБОТАНО Коммутатором;СТУ;ОБРАБОТАНО Коммутатором;СТУ;ОБРАБОТАНО Коммутатором;СТУ;ОБРАБОТАНО Коммутатором;СТУ;ОБРАБОТАНО Коммутатором;СТУ;ОБРАБОТАНО Коммутатором;СТУ;ОБРАБОТАНО Коммутатором;СТУ;ОБРАБОТАНО Коммутатором;СТУ;ОБРАБОТАНО Коммутатором;СТУ;ОБРАБОТАНО Коммутатором;СТУ;ОБРАБОТАНО Коммутатором;СТУ;ОБРАБОТАНО Коммутатором;СТУ;ОБРАБОТАНО Коммутатором;СТУ;ОБРАБОТАНО Коммутатором;СТУ;ОБРАБОТАНО Коммутатором;СТУ;ОБРАБОТАНО Коммутатором;СТУ;ОБРАБОТАНО Коммутатором;СТУ;ОБРАБОТАНО Коммутатором;;;СТУ;ОБРАБОТАНО Коммутатором;;;СТУ;ОБРАБОТАНО Коммутатором;;;СТУ;ОБРАБОТАНО Коммутатором;СТУ;ОБРАБОТАНО Коммутатором;СТУ;ОБРАБОТАНО Коммутатором;;;СТУ;ОБРАБОТАНО Коммутатором;;;СТУ;ОБРАБОТАНО Коммутатором;;;СТУ;ОБРАБОТАНО Коммутатором;;;СТУ;ОБРАБОТАНО Коммутатором;СТУ;ОБРАБОТАНО Коммутатором
37748549;https://alladin116.amocrm.ru/leads/detail/37748549;;Закрыто и не реализовано;06.05.2026;;;;;;;;;;;;;;;;;Другое;ОБРАБОТАНО КОММУТАТОРОМ;;;Другое;ОБРАБОТАНО КОММУТАТОРОМ;;;Лиды обработка;Недозвон;;;Лиды обработка;Недозвон;Лиды обработка;Недозвон;Лиды обработка;Недозвон;Лиды обработка;Недозвон;Лиды обработка;Недозвон;Лиды обработка;Недозвон;Лиды обработка;Недозвон;Лиды обработка;Недозвон;Лиды обработка;Недозвон;Лиды обработка;Недозвон;Лиды обработка;Недозвон;Лиды обработка;Недозвон;Лиды обработка;Закрыто и не реализовано;;;;;;;;;;;;;;;;;;;;;;;;;;;;;;;;;;;;;;
37748577;https://alladin116.amocrm.ru/leads/detail/37748577;;Закрыто и не реализовано;06.05.2026;;;;;;;;;;;;;;;;;Другое;ОБРАБОТАНО КОММУТАТОРОМ;;;Другое;ОБРАБОТАНО КОММУТАТОРОМ;;;Другое;ОБРАБОТАНО КОММУТАТОРОМ;;;Другое;ОБРАБОТАНО КОММУТАТОРОМ;Другое;ОБРАБОТАНО КОММУТАТОРОМ;Другое;ОБРАБОТАНО КОММУТАТОРОМ;Другое;ОБРАБОТАНО КОММУТАТОРОМ;Другое;ОБРАБОТАНО КОММУТАТОРОМ;Другое;Закрыто и не реализовано;;;;;;;;;;;;;;;;;;;;;;;;;;;;;;;;;;;;;;;;;;;;;;;;;;;;
37748579;https://alladin116.amocrm.ru/leads/detail/37748579;;Закрыто и не реализовано;06.05.2026;;;;;;;;;;;;;;;;;СТУ;Запросили данные;;;СТУ;Контрольный звонок данные;;;СТУ;Контрольный звонок данные;;;СТУ;Контрольный звонок данные;СТУ;Контрольный звонок данные;СТУ;Контрольный звонок данные;СТУ;Контрольный звонок данные;СТУ;Контрольный звонок данные;СТУ;Контрольный звонок данные;СТУ;Контрольный звонок данные;СТУ;Закрыто и не реализовано;;;;;;;;;;;;;;;;;;;;;;;;;;;;;;;;;;;;;;;;;;;;;;;;
37748587;https://alladin116.amocrm.ru/leads/detail/37748587;;Закрыто и не реализовано;06.05.2026;;;;;;;;;;;;;;;;;Другое;ОБРАБОТАНО КОММУТАТОРОМ;;;Другое;ОБРАБОТАНО КОММУТАТОРОМ;;;Другое;ОБРАБОТАНО КОММУТАТОРОМ;;;Другое;ОБРАБОТАНО КОММУТАТОРОМ;Другое;ОБРАБОТАНО КОММУТАТОРОМ;Другое;ОБРАБОТАНО КОММУТАТОРОМ;Другое;ОБРАБОТАНО КОММУТАТОРОМ;Другое;ОБРАБОТАНО КОММУТАТОРОМ;Другое;ОБРАБОТАНО КОММУТАТОРОМ;Другое;ОБРАБОТАНО КОММУТАТОРОМ;Другое;ОБРАБОТАНО КОММУТАТОРОМ;Другое;ОБРАБОТАНО КОММУТАТОРОМ;Другое;ОБРАБОТАНО КОММУТАТОРОМ;Другое;ОБРАБОТАНО КОММУТАТОРОМ;Другое;ОБРАБОТАНО КОММУТАТОРОМ;Другое;ОБРАБОТАНО КОММУТАТОРОМ;Документы ПБ;Закрыто и не реализовано;;;;;;;;;;;;;;;;;;;;;;;;;;;;;;;;;;;;
37748593;https://alladin116.amocrm.ru/leads/detail/37748593;;Закрыто и не реализовано;06.05.2026;;;;;;;;;;;;;;;;;Другое;ОБРАБОТАНО КОММУТАТОРОМ;;;Другое;ОБРАБОТАНО КОММУТАТОРОМ;;;Другое;ОБРАБОТАНО КОММУТАТОРОМ;;;Другое;ОБРАБОТАНО КОММУТАТОРОМ;Другое;ОБРАБОТАНО КОММУТАТОРОМ;Другое;ОБРАБОТАНО КОММУТАТОРОМ;Другое;Закрыто и не реализовано;;;;;;;;;;;;;;;;;;;;;;;;;;;;;;;;;;;;;;;;;;;;;;;;;;;;;;;;
37748595;https://alladin116.amocrm.ru/leads/detail/37748595;;;06.05.2026;;;Планы эвакуации;Контрольный звонок данные;Планы эвакуации;Контрольный звонок данные;;;Планы эвакуации;Контрольный звонок данные;;;;;Планы эвакуации;Контрольный звонок данные;Другое;ОБРАБОТАНО КОММУТАТОРОМ;Планы эвакуации;Контрольный звонок данные;Другое;ОБРАБОТАНО КОММУТАТОРОМ;Планы эвакуации;Контрольный звонок данные;Планы эвакуации;Контрольный звонок данные;Планы эвакуации;Контрольный звонок данные;Планы эвакуации;Контрольный звонок данные;Планы эвакуации;Контрольный звонок данные;Планы эвакуации;Контрольный звонок данные;Планы эвакуации;Контрольный звонок данные;Планы эвакуации;Контрольный звонок данные;Планы эвакуации;Контрольный звонок данные;Планы эвакуации;Контрольный звонок данные;Планы эвакуации;Контрольный звонок данные;Планы эвакуации;Контрольный звонок данные;Планы эвакуации;Контрольный звонок данные;Планы эвакуации;Контрольный звонок данные;Планы эвакуации;Контрольный звонок данные;Планы эвакуации;Контрольный звонок данные;Планы эвакуации;Контрольный звонок данные;Планы эвакуации;Контрольный звонок данные;;;Планы эвакуации;Контрольный звонок данные;;;Планы эвакуации;Контрольный звонок данные;;;Планы эвакуации;Контрольный звонок данные;Планы эвакуации;Контрольный звонок данные;Планы эвакуации;Контрольный звонок данные;;;Планы эвакуации;Контрольный звонок данные;;;Планы эвакуации;Контрольный звонок данные;;;Планы эвакуации;Контрольный звонок данные;;;Планы эвакуации;Контрольный звонок данные;Планы эвакуации;Контрольный звонок данные
37748597;https://alladin116.amocrm.ru/leads/detail/37748597;;;06.05.2026;;;Другое;ОБРАБОТАНО КОММУТАТОРОМ;Другое;ОБРАБОТАНО КОММУТАТОРОМ;;;Другое;ОБРАБОТАНО КОММУТАТОРОМ;;;;;Другое;ОБРАБОТАНО КОММУТАТОРОМ;Другое;ОБРАБОТАНО КОММУТАТОРОМ;Другое;ОБРАБОТАНО КОММУТАТОРОМ;Другое;ОБРАБОТАНО КОММУТАТОРОМ;Другое;ОБРАБОТАНО КОММУТАТОРОМ;Другое;ОБРАБОТАНО КОММУТАТОРОМ;Другое;ОБРАБОТАНО КОММУТАТОРОМ;Другое;ОБРАБОТАНО КОММУТАТОРОМ;Другое;ОБРАБОТАНО КОММУТАТОРОМ;Другое;ОБРАБОТАНО КОММУТАТОРОМ;Другое;ОБРАБОТАНО КОММУТАТОРОМ;Другое;ОБРАБОТАНО КОММУТАТОРОМ;Другое;ОБРАБОТАНО КОММУТАТОРОМ;Другое;ОБРАБОТАНО КОММУТАТОРОМ;Другое;ОБРАБОТАНО КОММУТАТОРОМ;Другое;ОБРАБОТАНО КОММУТАТОРОМ;Другое;ОБРАБОТАНО КОММУТАТОРОМ;Другое;ОБРАБОТАНО КОММУТАТОРОМ;Другое;ОБРАБОТАНО КОММУТАТОРОМ;Другое;ОБРАБОТАНО КОММУТАТОРОМ;Другое;ОБРАБОТАНО КОММУТАТОРОМ;Другое;ОБРАБОТАНО КОММУТАТОРОМ;;;Другое;ОБРАБОТАНО КОММУТАТОРОМ;;;Другое;ОБРАБОТАНО КОММУТАТОРОМ;;;Другое;ОБРАБОТАНО КОММУТАТОРОМ;Другое;ОБРАБОТАНО КОММУТАТОРОМ;Другое;ОБРАБОТАНО КОММУТАТОРОМ;;;Другое;ОБРАБОТАНО КОММУТАТОРОМ;;;Другое;ОБРАБОТАНО КОММУТАТОРОМ;;;Другое;ОБРАБОТАНО КОММУТАТОРОМ;;;Другое;ОБРАБОТАНО КОММУТАТОРОМ;Другое;ОБРАБОТАНО КОММУТАТОРОМ
37748609;https://alladin116.amocrm.ru/leads/detail/37748609;;Закрыто и не реализовано;06.05.2026;;;;;;;;;;;;;;;;;Другое;ОБРАБОТАНО КОММУТАТОРОМ;;;Другое;Закрыто и не реализовано;;;;;;;;;;;;;;;;;;;;;;;;;;;;;;;;;;;;;;;;;;;;;;;;;;;;;;;;;;;;;;;;;;;;;;
37748617;https://alladin116.amocrm.ru/leads/detail/37748617;;Закрыто и не реализовано;06.05.2026;;;;;;;;;;;;;;;;;Лиды обработка;Закрыто и не реализовано;;;;;;;;;;;;;;;;;;;;;;;;;;;;;;;;;;;;;;;;;;;;;;;;;;;;;;;;;;;;;;;;;;;;;;;;;;
37748651;https://alladin116.amocrm.ru/leads/detail/37748651;;Закрыто и не реализовано;06.05.2026;;;;;;;;;;;;;;;;;АПС;Закрыто и не реализовано;;;;;;;;;;;;;;;;;;;;;;;;;;;;;;;;;;;;;;;;;;;;;;;;;;;;;;;;;;;;;;;;;;;;;;;;;;
37748853;https://alladin116.amocrm.ru/leads/detail/37748853;;Закрыто и не реализовано;07.05.2026;;;Планы эвакуации;Контрольный звонок Д\С получен;Планы эвакуации;Контрольный звонок Д\С получен;;;Планы эвакуации;Контрольный звонок Д\С получен;;;;;Планы эвакуации;Контрольный звонок Д\С получен;;;Планы эвакуации;Контрольный звонок Д\С получен;Планы эвакуации;Договор/счет отправлен;Планы эвакуации;Контрольный звонок Д\С получен;Планы эвакуации;Контрольный звонок Д\С;Планы эвакуации;Контрольный звонок Д\С получен;Планы эвакуации;Контрольный звонок Д\С;Планы эвакуации;Закрыто и не реализовано;Планы эвакуации;Контрольный звонок Д\С;Планы эвакуации;Контрольный звонок Д\С;Планы эвакуации;Контрольный звонок Д\С;Планы эвакуации;Контрольный звонок Д\С;Планы эвакуации;Контрольный звонок Д\С;Планы эвакуации;Контрольный звонок Д\С;Планы эвакуации;Контрольный звонок Д\С;Планы эвакуации;Контрольный звонок Д\С;Планы эвакуации;Контрольный звонок Д\С;Планы эвакуации;Контрольный звонок Д\С;Планы эвакуации;Контрольный звонок Д\С;Планы эвакуации;Договор/счет получен;Планы эвакуации;Контрольный звонок Д\С получен;;;Планы эвакуации;Контрольный звонок Д\С получен;;;Планы эвакуации;Контрольный звонок Д\С получен;;;Планы эвакуации;Контрольный звонок Д\С получен;Планы эвакуации;Контрольный звонок Д\С получен;Планы эвакуации;Контрольный звонок Д\С получен;;;Планы эвакуации;Контрольный звонок Д\С получен;;;Планы эвакуации;Контрольный звонок Д\С получен;;;Планы эвакуации;Контрольный звонок Д\С получен;;;Планы эвакуации;Контрольный звонок Д\С получен;Планы эвакуации;Контрольный звонок Д\С получен
37748869;https://alladin116.amocrm.ru/leads/detail/37748869;;Закрыто и не реализовано;07.05.2026;;;;;;;;;;;;;;;;;;;;;Лиды обработка;Закрыто и не реализовано;;;;;;;;;;;;;;;;;;;;;;;;;;;;;;;;;;;;;;;;;;;;;;;;;;;;;;;;;;;;;;;;;;;;;;
37748887;https://alladin116.amocrm.ru/leads/detail/37748887;;Закрыто и не реализовано;07.05.2026;;;;;;;;;;;;;;;;;;;;;Другое;Запросили данные;;;Другое;Контрольный звонок данные;;;Другое;Контрольный звонок данные;Другое;Контрольный звонок данные;Другое;Контрольный звонок данные;Другое;Контрольный звонок данные;Другое;Контрольный звонок данные;Другое;Контрольный звонок данные;Другое;Закрыто и не реализовано;;;;;;;;;;;;;;;;;;;;;;;;;;;;;;;;;;;;;;;;;;;;;;;;;;
37748899;https://alladin116.amocrm.ru/leads/detail/37748899;;Закрыто и не реализовано;07.05.2026;;;;;;;;;;;;;;;;;;;;;Другое;ОБРАБОТАНО КОММУТАТОРОМ;;;Другое;ОБРАБОТАНО КОММУТАТОРОМ;;;Другое;ОБРАБОТАНО КОММУТАТОРОМ;Другое;ОБРАБОТАНО КОММУТАТОРОМ;Другое;ОБРАБОТАНО КОММУТАТОРОМ;Документы ПБ;ДАННЫЕ ПРЕДОСТАВЛЕНЫ;Документы ПБ;ДАННЫЕ ПРЕДОСТАВЛЕНЫ;Документы ПБ;ДАННЫЕ ПРЕДОСТАВЛЕНЫ;Документы ПБ;ДАННЫЕ ПРЕДОСТАВЛЕНЫ;Документы ПБ;ДАННЫЕ ПРЕДОСТАВЛЕНЫ;Документы ПБ;ДАННЫЕ ПРЕДОСТАВЛЕНЫ;Документы ПБ;ДАННЫЕ ПРЕДОСТАВЛЕНЫ;Документы ПБ;ДАННЫЕ ПРЕДОСТАВЛЕНЫ;Документы ПБ;ДАННЫЕ ПРЕДОСТАВЛЕНЫ;Документы ПБ;ДАННЫЕ ПРЕДОСТАВЛЕНЫ;Документы ПБ;ДАННЫЕ ПРЕДОСТАВЛЕНЫ;Документы ПБ;Закрыто и не реализовано;;;;;;;;;;;;;;;;;;;;;;;;;;;;;;;;;;
37748901;https://alladin116.amocrm.ru/leads/detail/37748901;;Закрыто и не реализовано;07.05.2026;;;;;;;;;;;;;;;;;;;;;Другое;ОБРАБОТАНО КОММУТАТОРОМ;;;Другое;ОБРАБОТАНО КОММУТАТОРОМ;;;Другое;ОБРАБОТАНО КОММУТАТОРОМ;Другое;ОБРАБОТАНО КОММУТАТОРОМ;Другое;ОБРАБОТАНО КОММУТАТОРОМ;Другое;ОБРАБОТАНО КОММУТАТОРОМ;Другое;ОБРАБОТАНО КОММУТАТОРОМ;Другое;ОБРАБОТАНО КОММУТАТОРОМ;Другое;ОБРАБОТАНО КОММУТАТОРОМ;Другое;ОБРАБОТАНО КОММУТАТОРОМ;Другое;ОБРАБОТАНО КОММУТАТОРОМ;Другое;ОБРАБОТАНО КОММУТАТОРОМ;Другое;Закрыто и не реализовано;;;;;;;;;;;;;;;;;;;;;;;;;;;;;;;;;;;;;;;;;;
37748905;https://alladin116.amocrm.ru/leads/detail/37748905;;Закрыто и не реализовано;07.05.2026;;;;;;;;;;;;;;;;;;;;;Лиды обработка;Скорозвон;;;Планы эвакуации;Контрольный звонок данные;;;Планы эвакуации;Контрольный звонок данные;Планы эвакуации;Контрольный звонок данные;Планы эвакуации;Контрольный звонок данные;Планы эвакуации;Контрольный звонок данные;Планы эвакуации;Контрольный звонок данные;Планы эвакуации;Контрольный звонок данные;Планы эвакуации;Контрольный звонок данные;Планы эвакуации;Контрольный звонок данные;Планы эвакуации;Контрольный звонок данные;Планы эвакуации;Контрольный звонок данные;Планы эвакуации;Закрыто и не реализовано;;;;;;;;;;;;;;;;;;;;;;;;;;;;;;;;;;;;;;;;;;
37748915;https://alladin116.amocrm.ru/leads/detail/37748915;;Закрыто и не реализовано;07.05.2026;;;;;;;;;;;;;;;;;;;;;СТУ;Закрыто и не реализовано;;;;;;;;;;;;;;;;;;;;;;;;;;;;;;;;;;;;;;;;;;;;;;;;;;;;;;;;;;;;;;;;;;;;;;
37748939;https://alladin116.amocrm.ru/leads/detail/37748939;;Закрыто и не реализовано;07.05.2026;;;АПС;Контрольный звонок данные;АПС;Закрыто и не реализовано;;;;;;;;;;;;;;;АПС;Запросили данные;;;АПС;Контрольный звонок данные;;;АПС;Контрольный звонок данные;АПС;Контрольный звонок данные;АПС;Контрольный звонок данные;АПС;Контрольный звонок данные;АПС;Контрольный звонок данные;АПС;Контрольный звонок данные;АПС;Контрольный звонок данные;АПС;Контрольный звонок данные;АПС;Контрольный звонок данные;АПС;Контрольный звонок данные;АПС;Контрольный звонок данные;АПС;Контрольный звонок данные;АПС;Контрольный звонок данные;АПС;Контрольный звонок данные;АПС;Контрольный звонок данные;;;АПС;Контрольный звонок данные;;;АПС;Контрольный звонок данные;;;АПС;Контрольный звонок данные;АПС;Контрольный звонок данные;АПС;Контрольный звонок данные;;;АПС;Контрольный звонок данные;;;АПС;Контрольный звонок данные;;;АПС;Контрольный звонок данные;;;АПС;Контрольный звонок данные;АПС;Контрольный звонок данные
37748955;https://alladin116.amocrm.ru/leads/detail/37748955;;;07.05.2026;;;СТУ;ОБРАБОТАНО Коммутатором;СТУ;ОБРАБОТАНО Коммутатором;;;СТУ;ОБРАБОТАНО Коммутатором;;;;;СТУ;ОБРАБОТАНО Коммутатором;;;СТУ;ОБРАБОТАНО Коммутатором;СТУ;ОБРАБОТАНО Коммутатором;СТУ;ОБРАБОТАНО Коммутатором;СТУ;ОБРАБОТАНО Коммутатором;СТУ;ОБРАБОТАНО Коммутатором;СТУ;ОБРАБОТАНО Коммутатором;СТУ;ОБРАБОТАНО Коммутатором;СТУ;ОБРАБОТАНО Коммутатором;СТУ;ОБРАБОТАНО Коммутатором;СТУ;ОБРАБОТАНО Коммутатором;СТУ;ОБРАБОТАНО Коммутатором;СТУ;ОБРАБОТАНО Коммутатором;СТУ;ОБРАБОТАНО Коммутатором;СТУ;ОБРАБОТАНО Коммутатором;СТУ;ОБРАБОТАНО Коммутатором;СТУ;ОБРАБОТАНО Коммутатором;СТУ;ОБРАБОТАНО Коммутатором;СТУ;ОБРАБОТАНО Коммутатором;СТУ;ОБРАБОТАНО Коммутатором;СТУ;ОБРАБОТАНО Коммутатором;;;СТУ;ОБРАБОТАНО Коммутатором;;;СТУ;ОБРАБОТАНО Коммутатором;;;СТУ;ОБРАБОТАНО Коммутатором;СТУ;ОБРАБОТАНО Коммутатором;СТУ;ОБРАБОТАНО Коммутатором;;;СТУ;ОБРАБОТАНО Коммутатором;;;СТУ;ОБРАБОТАНО Коммутатором;;;СТУ;ОБРАБОТАНО Коммутатором;;;СТУ;ОБРАБОТАНО Коммутатором;СТУ;ОБРАБОТАНО Коммутатором
37748959;https://alladin116.amocrm.ru/leads/detail/37748959;;;07.05.2026;;;Другое;ОБРАБОТАНО КОММУТАТОРОМ;Другое;ОБРАБОТАНО КОММУТАТОРОМ;;;Другое;ОБРАБОТАНО КОММУТАТОРОМ;;;;;Другое;ОБРАБОТАНО КОММУТАТОРОМ;;;Другое;ОБРАБОТАНО КОММУТАТОРОМ;Другое;ОБРАБОТАНО КОММУТАТОРОМ;Другое;ОБРАБОТАНО КОММУТАТОРОМ;Другое;ОБРАБОТАНО КОММУТАТОРОМ;Другое;ОБРАБОТАНО КОММУТАТОРОМ;Другое;ОБРАБОТАНО КОММУТАТОРОМ;Другое;ОБРАБОТАНО КОММУТАТОРОМ;Другое;ОБРАБОТАНО КОММУТАТОРОМ;Другое;ОБРАБОТАНО КОММУТАТОРОМ;Другое;ОБРАБОТАНО КОММУТАТОРОМ;Другое;ОБРАБОТАНО КОММУТАТОРОМ;Другое;ОБРАБОТАНО КОММУТАТОРОМ;Другое;ОБРАБОТАНО КОММУТАТОРОМ;Другое;ОБРАБОТАНО КОММУТАТОРОМ;Другое;ОБРАБОТАНО КОММУТАТОРОМ;Другое;ОБРАБОТАНО КОММУТАТОРОМ;Другое;ОБРАБОТАНО КОММУТАТОРОМ;Другое;ОБРАБОТАНО КОММУТАТОРОМ;Другое;ОБРАБОТАНО КОММУТАТОРОМ;Другое;ОБРАБОТАНО КОММУТАТОРОМ;;;Другое;ОБРАБОТАНО КОММУТАТОРОМ;;;Другое;ОБРАБОТАНО КОММУТАТОРОМ;;;Другое;ОБРАБОТАНО КОММУТАТОРОМ;Другое;ОБРАБОТАНО КОММУТАТОРОМ;Другое;ОБРАБОТАНО КОММУТАТОРОМ;;;Другое;ОБРАБОТАНО КОММУТАТОРОМ;;;Другое;ОБРАБОТАНО КОММУТАТОРОМ;;;Другое;ОБРАБОТАНО КОММУТАТОРОМ;;;Другое;ОБРАБОТАНО КОММУТАТОРОМ;Другое;ОБРАБОТАНО КОММУТАТОРОМ
37748971;https://alladin116.amocrm.ru/leads/detail/37748971;;;07.05.2026;;;Другое;ОБРАБОТАНО КОММУТАТОРОМ;Другое;ОБРАБОТАНО КОММУТАТОРОМ;;;Другое;ОБРАБОТАНО КОММУТАТОРОМ;;;;;Другое;ОБРАБОТАНО КОММУТАТОРОМ;;;Другое;ОБРАБОТАНО КОММУТАТОРОМ;Другое;ОБРАБОТАНО КОММУТАТОРОМ;Другое;ОБРАБОТАНО КОММУТАТОРОМ;Другое;ОБРАБОТАНО КОММУТАТОРОМ;Другое;ОБРАБОТАНО КОММУТАТОРОМ;Другое;ОБРАБОТАНО КОММУТАТОРОМ;Другое;ОБРАБОТАНО КОММУТАТОРОМ;Другое;ОБРАБОТАНО КОММУТАТОРОМ;Другое;ОБРАБОТАНО КОММУТАТОРОМ;Другое;ОБРАБОТАНО КОММУТАТОРОМ;Другое;ОБРАБОТАНО КОММУТАТОРОМ;Другое;ОБРАБОТАНО КОММУТАТОРОМ;Другое;ОБРАБОТАНО КОММУТАТОРОМ;Другое;ОБРАБОТАНО КОММУТАТОРОМ;Другое;ОБРАБОТАНО КОММУТАТОРОМ;Другое;ОБРАБОТАНО КОММУТАТОРОМ;Другое;ОБРАБОТАНО КОММУТАТОРОМ;Другое;ОБРАБОТАНО КОММУТАТОРОМ;Другое;ОБРАБОТАНО КОММУТАТОРОМ;Другое;ОБРАБОТАНО КОММУТАТОРОМ;;;Другое;ОБРАБОТАНО КОММУТАТОРОМ;;;Другое;ОБРАБОТАНО КОММУТАТОРОМ;;;Другое;ОБРАБОТАНО КОММУТАТОРОМ;Другое;ОБРАБОТАНО КОММУТАТОРОМ;Другое;ОБРАБОТАНО КОММУТАТОРОМ;;;Другое;ОБРАБОТАНО КОММУТАТОРОМ;;;Другое;ОБРАБОТАНО КОММУТАТОРОМ;;;Другое;ОБРАБОТАНО КОММУТАТОРОМ;;;Другое;ОБРАБОТАНО КОММУТАТОРОМ;Другое;ОБРАБОТАНО КОММУТАТОРОМ
37748973;https://alladin116.amocrm.ru/leads/detail/37748973;;Закрыто и не реализовано;07.05.2026;;;;;;;;;;;;;;;;;;;;;Лиды обработка;Недозвон;;;Лиды обработка;Недозвон;;;Лиды обработка;Недозвон;Лиды обработка;Недозвон;Лиды обработка;Недозвон;Лиды обработка;Недозвон;Лиды обработка;Недозвон;Лиды обработка;Недозвон;Лиды обработка;Недозвон;Лиды обработка;Недозвон;Лиды обработка;Недозвон;Лиды обработка;Недозвон;Лиды обработка;Недозвон;Лиды обработка;Недозвон;Лиды обработка;Закрыто и не реализовано;;;;;;;;;;;;;;;;;;;;;;;;;;;;;;;;;;;;;;
37748993;https://alladin116.amocrm.ru/leads/detail/37748993;;;07.05.2026;;;Другое;ОБРАБОТАНО КОММУТАТОРОМ;Другое;ОБРАБОТАНО КОММУТАТОРОМ;;;Другое;ОБРАБОТАНО КОММУТАТОРОМ;;;;;Другое;ОБРАБОТАНО КОММУТАТОРОМ;;;Другое;ОБРАБОТАНО КОММУТАТОРОМ;Другое;ОБРАБОТАНО КОММУТАТОРОМ;Другое;ОБРАБОТАНО КОММУТАТОРОМ;Другое;ОБРАБОТАНО КОММУТАТОРОМ;Другое;ОБРАБОТАНО КОММУТАТОРОМ;Другое;ОБРАБОТАНО КОММУТАТОРОМ;Другое;ОБРАБОТАНО КОММУТАТОРОМ;Другое;ОБРАБОТАНО КОММУТАТОРОМ;Другое;ОБРАБОТАНО КОММУТАТОРОМ;Другое;ОБРАБОТАНО КОММУТАТОРОМ;Другое;ОБРАБОТАНО КОММУТАТОРОМ;Другое;ОБРАБОТАНО КОММУТАТОРОМ;Другое;ОБРАБОТАНО КОММУТАТОРОМ;Другое;ОБРАБОТАНО КОММУТАТОРОМ;Другое;ОБРАБОТАНО КОММУТАТОРОМ;Другое;ОБРАБОТАНО КОММУТАТОРОМ;Другое;ОБРАБОТАНО КОММУТАТОРОМ;Другое;ОБРАБОТАНО КОММУТАТОРОМ;Другое;ОБРАБОТАНО КОММУТАТОРОМ;Другое;ОБРАБОТАНО КОММУТАТОРОМ;;;Другое;ОБРАБОТАНО КОММУТАТОРОМ;;;Другое;ОБРАБОТАНО КОММУТАТОРОМ;;;Другое;ОБРАБОТАНО КОММУТАТОРОМ;Другое;ОБРАБОТАНО КОММУТАТОРОМ;Другое;ОБРАБОТАНО КОММУТАТОРОМ;;;Другое;ОБРАБОТАНО КОММУТАТОРОМ;;;Другое;ОБРАБОТАНО КОММУТАТОРОМ;;;Другое;ОБРАБОТАНО КОММУТАТОРОМ;;;Другое;ОБРАБОТАНО КОММУТАТОРОМ;Другое;ОБРАБОТАНО КОММУТАТОРОМ
37749011;https://alladin116.amocrm.ru/leads/detail/37749011;;;07.05.2026;;;СТУ;ОБРАБОТАНО Коммутатором;СТУ;ОБРАБОТАНО Коммутатором;;;СТУ;ОБРАБОТАНО Коммутатором;;;;;СТУ;ОБРАБОТАНО Коммутатором;;;СТУ;ОБРАБОТАНО Коммутатором;Другое;ОБРАБОТАНО КОММУТАТОРОМ;СТУ;ОБРАБОТАНО Коммутатором;СТУ;ОБРАБОТАНО Коммутатором;СТУ;ОБРАБОТАНО Коммутатором;СТУ;ОБРАБОТАНО Коммутатором;СТУ;ОБРАБОТАНО Коммутатором;СТУ;ОБРАБОТАНО Коммутатором;СТУ;ОБРАБОТАНО Коммутатором;СТУ;ОБРАБОТАНО Коммутатором;СТУ;ОБРАБОТАНО Коммутатором;СТУ;ОБРАБОТАНО Коммутатором;СТУ;ОБРАБОТАНО Коммутатором;СТУ;ОБРАБОТАНО Коммутатором;СТУ;ОБРАБОТАНО Коммутатором;СТУ;ОБРАБОТАНО Коммутатором;СТУ;ОБРАБОТАНО Коммутатором;СТУ;ОБРАБОТАНО Коммутатором;СТУ;ОБРАБОТАНО Коммутатором;СТУ;ОБРАБОТАНО Коммутатором;;;СТУ;ОБРАБОТАНО Коммутатором;;;СТУ;ОБРАБОТАНО Коммутатором;;;СТУ;ОБРАБОТАНО Коммутатором;СТУ;ОБРАБОТАНО Коммутатором;СТУ;ОБРАБОТАНО Коммутатором;;;СТУ;ОБРАБОТАНО Коммутатором;;;СТУ;ОБРАБОТАНО Коммутатором;;;СТУ;ОБРАБОТАНО Коммутатором;;;СТУ;ОБРАБОТАНО Коммутатором;СТУ;ОБРАБОТАНО Коммутатором
37749035;https://alladin116.amocrm.ru/leads/detail/37749035;;Закрыто и не реализовано;07.05.2026;;;;;;;;;;;;;;;;;;;;;Другое;ОБРАБОТАНО КОММУТАТОРОМ;;;Другое;ОБРАБОТАНО КОММУТАТОРОМ;;;Другое;ОБРАБОТАНО КОММУТАТОРОМ;Другое;ОБРАБОТАНО КОММУТАТОРОМ;Другое;ОБРАБОТАНО КОММУТАТОРОМ;Другое;ОБРАБОТАНО КОММУТАТОРОМ;Другое;ОБРАБОТАНО КОММУТАТОРОМ;Другое;ОБРАБОТАНО КОММУТАТОРОМ;Другое;ОБРАБОТАНО КОММУТАТОРОМ;Другое;ОБРАБОТАНО КОММУТАТОРОМ;Другое;ОБРАБОТАНО КОММУТАТОРОМ;Другое;ОБРАБОТАНО КОММУТАТОРОМ;Другое;ОБРАБОТАНО КОММУТАТОРОМ;Другое;ОБРАБОТАНО КОММУТАТОРОМ;Другое;ОБРАБОТАНО КОММУТАТОРОМ;Другое;ОБРАБОТАНО КОММУТАТОРОМ;Другое;ОБРАБОТАНО КОММУТАТОРОМ;;;Другое;ОБРАБОТАНО КОММУТАТОРОМ;;;Другое;ОБРАБОТАНО КОММУТАТОРОМ;;;Другое;ОБРАБОТАНО КОММУТАТОРОМ;Другое;ОБРАБОТАНО КОММУТАТОРОМ;Другое;ОБРАБОТАНО КОММУТАТОРОМ;;;Другое;ОБРАБОТАНО КОММУТАТОРОМ;;;Другое;Закрыто и не реализовано;;;;;;;;;;
37749055;https://alladin116.amocrm.ru/leads/detail/37749055;;;07.05.2026;;;Другое;ДАННЫЕ ПРЕДОСТАВЛЕНЫ;Другое;ДАННЫЕ ПРЕДОСТАВЛЕНЫ;;;Другое;ДАННЫЕ ПРЕДОСТАВЛЕНЫ;;;;;Другое;ДАННЫЕ ПРЕДОСТАВЛЕНЫ;;;Другое;ДАННЫЕ ПРЕДОСТАВЛЕНЫ;Лиды обработка;Недозвон;Другое;ДАННЫЕ ПРЕДОСТАВЛЕНЫ;Другое;ДАННЫЕ ПРЕДОСТАВЛЕНЫ;Другое;ДАННЫЕ ПРЕДОСТАВЛЕНЫ;Другое;ДАННЫЕ ПРЕДОСТАВЛЕНЫ;Другое;ДАННЫЕ ПРЕДОСТАВЛЕНЫ;Другое;ДАННЫЕ ПРЕДОСТАВЛЕНЫ;Другое;ДАННЫЕ ПРЕДОСТАВЛЕНЫ;Другое;ДАННЫЕ ПРЕДОСТАВЛЕНЫ;Другое;ДАННЫЕ ПРЕДОСТАВЛЕНЫ;Другое;ДАННЫЕ ПРЕДОСТАВЛЕНЫ;Другое;ДАННЫЕ ПРЕДОСТАВЛЕНЫ;Другое;ДАННЫЕ ПРЕДОСТАВЛЕНЫ;Другое;ДАННЫЕ ПРЕДОСТАВЛЕНЫ;Другое;ДАННЫЕ ПРЕДОСТАВЛЕНЫ;Другое;ДАННЫЕ ПРЕДОСТАВЛЕНЫ;Другое;ДАННЫЕ ПРЕДОСТАВЛЕНЫ;Другое;ДАННЫЕ ПРЕДОСТАВЛЕНЫ;Другое;ДАННЫЕ ПРЕДОСТАВЛЕНЫ;;;Другое;ДАННЫЕ ПРЕДОСТАВЛЕНЫ;;;Другое;ДАННЫЕ ПРЕДОСТАВЛЕНЫ;;;Другое;ДАННЫЕ ПРЕДОСТАВЛЕНЫ;Другое;ДАННЫЕ ПРЕДОСТАВЛЕНЫ;Другое;ДАННЫЕ ПРЕДОСТАВЛЕНЫ;;;Другое;ДАННЫЕ ПРЕДОСТАВЛЕНЫ;;;Другое;ДАННЫЕ ПРЕДОСТАВЛЕНЫ;;;Другое;ДАННЫЕ ПРЕДОСТАВЛЕНЫ;;;Другое;ДАННЫЕ ПРЕДОСТАВЛЕНЫ;Другое;ДАННЫЕ ПРЕДОСТАВЛЕНЫ
37749073;https://alladin116.amocrm.ru/leads/detail/37749073;;;07.05.2026;;;АПС;ОБРАБОТАНО КОММУТАТОРОМ;АПС;ОБРАБОТАНО КОММУТАТОРОМ;;;АПС;ОБРАБОТАНО КОММУТАТОРОМ;;;;;АПС;ОБРАБОТАНО КОММУТАТОРОМ;;;АПС;ОБРАБОТАНО КОММУТАТОРОМ;АПС;ОБРАБОТАНО КОММУТАТОРОМ;АПС;ОБРАБОТАНО КОММУТАТОРОМ;АПС;ОБРАБОТАНО КОММУТАТОРОМ;АПС;ОБРАБОТАНО КОММУТАТОРОМ;АПС;ОБРАБОТАНО КОММУТАТОРОМ;АПС;ОБРАБОТАНО КОММУТАТОРОМ;АПС;ОБРАБОТАНО КОММУТАТОРОМ;АПС;ОБРАБОТАНО КОММУТАТОРОМ;АПС;ОБРАБОТАНО КОММУТАТОРОМ;АПС;ОБРАБОТАНО КОММУТАТОРОМ;АПС;ОБРАБОТАНО КОММУТАТОРОМ;АПС;ОБРАБОТАНО КОММУТАТОРОМ;АПС;ОБРАБОТАНО КОММУТАТОРОМ;АПС;ОБРАБОТАНО КОММУТАТОРОМ;АПС;ОБРАБОТАНО КОММУТАТОРОМ;АПС;ОБРАБОТАНО КОММУТАТОРОМ;АПС;ОБРАБОТАНО КОММУТАТОРОМ;АПС;ОБРАБОТАНО КОММУТАТОРОМ;АПС;ОБРАБОТАНО КОММУТАТОРОМ;;;АПС;ОБРАБОТАНО КОММУТАТОРОМ;;;АПС;ОБРАБОТАНО КОММУТАТОРОМ;;;АПС;ОБРАБОТАНО КОММУТАТОРОМ;АПС;ОБРАБОТАНО КОММУТАТОРОМ;АПС;ОБРАБОТАНО КОММУТАТОРОМ;;;АПС;ОБРАБОТАНО КОММУТАТОРОМ;;;АПС;ОБРАБОТАНО КОММУТАТОРОМ;;;АПС;ОБРАБОТАНО КОММУТАТОРОМ;;;АПС;ОБРАБОТАНО КОММУТАТОРОМ;АПС;ОБРАБОТАНО КОММУТАТОРОМ
37749097;https://alladin116.amocrm.ru/leads/detail/37749097;;Закрыто и не реализовано;07.05.2026;;;;;;;;;;;;;;;;;;;;;СТУ;ОБРАБОТАНО Коммутатором;;;СТУ;ОБРАБОТАНО Коммутатором;;;СТУ;ОБРАБОТАНО Коммутатором;СТУ;ОБРАБОТАНО Коммутатором;СТУ;ОБРАБОТАНО Коммутатором;СТУ;ОБРАБОТАНО Коммутатором;СТУ;ОБРАБОТАНО Коммутатором;СТУ;Закрыто и не реализовано;;;;;;;;;;;;;;;;;;;;;;;;;;;;;;;;;;;;;;;;;;;;;;;;;;;;
37749137;https://alladin116.amocrm.ru/leads/detail/37749137;;Закрыто и не реализовано;07.05.2026;;;;;;;;;;;;;;;;;;;;;Лиды обработка;Закрыто и не реализовано;;;;;;;;;;;;;;;;;;;;;;;;;;;;;;;;;;;;;;;;;;;;;;;;;;;;;;;;;;;;;;;;;;;;;;
37749145;https://alladin116.amocrm.ru/leads/detail/37749145;;;07.05.2026;;;Документы ПБ;Контрольный звонок КП;Документы ПБ;Контрольный звонок КП;;;Документы ПБ;Контрольный звонок КП;;;;;Документы ПБ;Контрольный звонок КП;;;Документы ПБ;Контрольный звонок КП;Другое;ОБРАБОТАНО КОММУТАТОРОМ;Документы ПБ;Контрольный звонок КП;Документы ПБ;Контрольный звонок КП;Документы ПБ;Контрольный звонок КП;Документы ПБ;Контрольный звонок КП;Документы ПБ;Контрольный звонок КП;Документы ПБ;Контрольный звонок КП;Документы ПБ;Контрольный звонок КП;Документы ПБ;Контрольный звонок КП;Документы ПБ;Контрольный звонок КП;Документы ПБ;Контрольный звонок КП;Документы ПБ;Контрольный звонок КП;Документы ПБ;Контрольный звонок КП;Документы ПБ;Контрольный звонок КП;Документы ПБ;Контрольный звонок КП;Документы ПБ;Контрольный звонок КП;Документы ПБ;Контрольный звонок КП;Документы ПБ;Контрольный звонок КП;Документы ПБ;Контрольный звонок КП;;;Документы ПБ;Контрольный звонок КП;;;Документы ПБ;Контрольный звонок КП;;;Документы ПБ;Контрольный звонок КП;Документы ПБ;Контрольный звонок КП;Документы ПБ;Контрольный звонок КП;;;Документы ПБ;Контрольный звонок КП;;;Документы ПБ;Контрольный звонок КП;;;Документы ПБ;Контрольный звонок КП;;;Документы ПБ;Контрольный звонок КП;Документы ПБ;Контрольный звонок КП
37749149;https://alladin116.amocrm.ru/leads/detail/37749149;;;07.05.2026;;;Другое;ОБРАБОТАНО КОММУТАТОРОМ;Другое;ОБРАБОТАНО КОММУТАТОРОМ;;;Другое;ОБРАБОТАНО КОММУТАТОРОМ;;;;;Другое;ОБРАБОТАНО КОММУТАТОРОМ;;;Другое;ОБРАБОТАНО КОММУТАТОРОМ;Другое;ОБРАБОТАНО КОММУТАТОРОМ;Другое;ОБРАБОТАНО КОММУТАТОРОМ;Другое;ОБРАБОТАНО КОММУТАТОРОМ;Другое;ОБРАБОТАНО КОММУТАТОРОМ;Другое;ОБРАБОТАНО КОММУТАТОРОМ;Другое;ОБРАБОТАНО КОММУТАТОРОМ;Другое;ОБРАБОТАНО КОММУТАТОРОМ;Другое;ОБРАБОТАНО КОММУТАТОРОМ;Другое;ОБРАБОТАНО КОММУТАТОРОМ;Другое;ОБРАБОТАНО КОММУТАТОРОМ;Другое;ОБРАБОТАНО КОММУТАТОРОМ;Другое;ОБРАБОТАНО КОММУТАТОРОМ;Другое;ОБРАБОТАНО КОММУТАТОРОМ;Другое;ОБРАБОТАНО КОММУТАТОРОМ;Другое;ОБРАБОТАНО КОММУТАТОРОМ;Другое;ОБРАБОТАНО КОММУТАТОРОМ;Другое;ОБРАБОТАНО КОММУТАТОРОМ;Другое;ОБРАБОТАНО КОММУТАТОРОМ;Другое;ОБРАБОТАНО КОММУТАТОРОМ;;;Другое;ОБРАБОТАНО КОММУТАТОРОМ;;;Другое;ОБРАБОТАНО КОММУТАТОРОМ;;;Другое;ОБРАБОТАНО КОММУТАТОРОМ;Другое;ОБРАБОТАНО КОММУТАТОРОМ;Другое;ОБРАБОТАНО КОММУТАТОРОМ;;;Другое;ОБРАБОТАНО КОММУТАТОРОМ;;;Другое;ОБРАБОТАНО КОММУТАТОРОМ;;;Другое;ОБРАБОТАНО КОММУТАТОРОМ;;;Другое;ОБРАБОТАНО КОММУТАТОРОМ;Другое;ОБРАБОТАНО КОММУТАТОРОМ
37749155;https://alladin116.amocrm.ru/leads/detail/37749155;;;07.05.2026;;;СТУ;ОБРАБОТАНО Коммутатором;СТУ;ОБРАБОТАНО Коммутатором;;;СТУ;ОБРАБОТАНО Коммутатором;;;;;СТУ;ОБРАБОТАНО Коммутатором;;;СТУ;ОБРАБОТАНО Коммутатором;Другое;ОБРАБОТАНО КОММУТАТОРОМ;СТУ;ОБРАБОТАНО Коммутатором;СТУ;ОБРАБОТАНО Коммутатором;СТУ;ОБРАБОТАНО Коммутатором;СТУ;ОБРАБОТАНО Коммутатором;СТУ;ОБРАБОТАНО Коммутатором;СТУ;ОБРАБОТАНО Коммутатором;СТУ;ОБРАБОТАНО Коммутатором;СТУ;ОБРАБОТАНО Коммутатором;СТУ;ОБРАБОТАНО Коммутатором;СТУ;ОБРАБОТАНО Коммутатором;СТУ;ОБРАБОТАНО Коммутатором;СТУ;ОБРАБОТАНО Коммутатором;СТУ;ОБРАБОТАНО Коммутатором;СТУ;ОБРАБОТАНО Коммутатором;СТУ;ОБРАБОТАНО Коммутатором;СТУ;ОБРАБОТАНО Коммутатором;СТУ;ОБРАБОТАНО Коммутатором;СТУ;ОБРАБОТАНО Коммутатором;;;СТУ;ОБРАБОТАНО Коммутатором;;;СТУ;ОБРАБОТАНО Коммутатором;;;СТУ;ОБРАБОТАНО Коммутатором;СТУ;ОБРАБОТАНО Коммутатором;СТУ;ОБРАБОТАНО Коммутатором;;;СТУ;ОБРАБОТАНО Коммутатором;;;СТУ;ОБРАБОТАНО Коммутатором;;;СТУ;ОБРАБОТАНО Коммутатором;;;СТУ;ОБРАБОТАНО Коммутатором;СТУ;ОБРАБОТАНО Коммутатором
37749161;https://alladin116.amocrm.ru/leads/detail/37749161;;Закрыто и не реализовано;07.05.2026;;;;;;;;;;;;;;;;;;;;;Лиды обработка;Закрыто и не реализовано;;;;;;;;;;;;;;;;;;;;;;;;;;;;;;;;;;;;;;;;;;;;;;;;;;;;;;;;;;;;;;;;;;;;;;
37749315;https://alladin116.amocrm.ru/leads/detail/37749315;;;08.05.2026;;;Документы ПБ;Оплата 100%;Документы ПБ;Оплата 100%;;;Документы ПБ;Оплата 100%;;;;;Документы ПБ;Оплата 100%;;;Документы ПБ;Оплата 100%;;;Документы ПБ;Оплата 100%;Документы ПБ;ДАННЫЕ ПРЕДОСТАВЛЕНЫ;Документы ПБ;Оплата 100%;Документы ПБ;ДАННЫЕ ПРЕДОСТАВЛЕНЫ;Документы ПБ;Оплата 100%;Документы ПБ;ДАННЫЕ ПРЕДОСТАВЛЕНЫ;Документы ПБ;ДАННЫЕ ПРЕДОСТАВЛЕНЫ;Документы ПБ;ДАННЫЕ ПРЕДОСТАВЛЕНЫ;Документы ПБ;ДАННЫЕ ПРЕДОСТАВЛЕНЫ;Документы ПБ;ДАННЫЕ ПРЕДОСТАВЛЕНЫ;Документы ПБ;ДАННЫЕ ПРЕДОСТАВЛЕНЫ;Документы ПБ;Оплата 100%;Документы ПБ;Оплата 100%;Документы ПБ;Оплата 100%;Документы ПБ;Оплата 100%;Документы ПБ;Оплата 100%;Документы ПБ;Оплата 100%;Документы ПБ;Оплата 100%;;;Документы ПБ;Оплата 100%;;;Документы ПБ;Оплата 100%;;;Документы ПБ;Оплата 100%;Документы ПБ;Оплата 100%;Документы ПБ;Оплата 100%;;;Документы ПБ;Оплата 100%;;;Документы ПБ;Оплата 100%;;;Документы ПБ;Оплата 100%;;;Документы ПБ;Оплата 100%;Документы ПБ;Оплата 100%
37749341;https://alladin116.amocrm.ru/leads/detail/37749341;;;08.05.2026;;;Другое;ОБРАБОТАНО КОММУТАТОРОМ;Другое;ОБРАБОТАНО КОММУТАТОРОМ;;;Другое;ОБРАБОТАНО КОММУТАТОРОМ;;;;;Другое;ОБРАБОТАНО КОММУТАТОРОМ;;;Другое;ОБРАБОТАНО КОММУТАТОРОМ;;;Другое;ОБРАБОТАНО КОММУТАТОРОМ;Другое;ОБРАБОТАНО КОММУТАТОРОМ;Другое;ОБРАБОТАНО КОММУТАТОРОМ;Другое;ОБРАБОТАНО КОММУТАТОРОМ;Другое;ОБРАБОТАНО КОММУТАТОРОМ;Другое;ОБРАБОТАНО КОММУТАТОРОМ;Другое;ОБРАБОТАНО КОММУТАТОРОМ;Другое;ОБРАБОТАНО КОММУТАТОРОМ;Другое;ОБРАБОТАНО КОММУТАТОРОМ;Другое;ОБРАБОТАНО КОММУТАТОРОМ;Другое;ОБРАБОТАНО КОММУТАТОРОМ;Другое;ОБРАБОТАНО КОММУТАТОРОМ;Другое;ОБРАБОТАНО КОММУТАТОРОМ;Другое;ОБРАБОТАНО КОММУТАТОРОМ;Другое;ОБРАБОТАНО КОММУТАТОРОМ;Другое;ОБРАБОТАНО КОММУТАТОРОМ;Другое;ОБРАБОТАНО КОММУТАТОРОМ;Другое;ОБРАБОТАНО КОММУТАТОРОМ;;;Другое;ОБРАБОТАНО КОММУТАТОРОМ;;;Другое;ОБРАБОТАНО КОММУТАТОРОМ;;;Другое;ОБРАБОТАНО КОММУТАТОРОМ;Другое;ОБРАБОТАНО КОММУТАТОРОМ;Другое;ОБРАБОТАНО КОММУТАТОРОМ;;;Другое;ОБРАБОТАНО КОММУТАТОРОМ;;;Другое;ОБРАБОТАНО КОММУТАТОРОМ;;;Другое;ОБРАБОТАНО КОММУТАТОРОМ;;;Другое;ОБРАБОТАНО КОММУТАТОРОМ;Другое;ОБРАБОТАНО КОММУТАТОРОМ
37749369;https://alladin116.amocrm.ru/leads/detail/37749369;;Закрыто и не реализовано;08.05.2026;;;;;;;;;;;;;;;;;;;;;;;;;Другое;Закрыто и не реализовано;;;;;;;;;;;;;;;;;;;;;;;;;;;;;;;;;;;;;;;;;;;;;;;;;;;;;;;;;;;;;;;;;;
37749377;https://alladin116.amocrm.ru/leads/detail/37749377;;Закрыто и не реализовано;08.05.2026;;;;;;;;;;;;;;;;;;;;;;;;;Другое;ОБРАБОТАНО КОММУТАТОРОМ;;;Другое;ОБРАБОТАНО КОММУТАТОРОМ;Другое;ОБРАБОТАНО КОММУТАТОРОМ;Другое;ОБРАБОТАНО КОММУТАТОРОМ;Другое;ОБРАБОТАНО КОММУТАТОРОМ;Другое;ОБРАБОТАНО КОММУТАТОРОМ;Другое;ОБРАБОТАНО КОММУТАТОРОМ;Другое;ОБРАБОТАНО КОММУТАТОРОМ;Другое;ОБРАБОТАНО КОММУТАТОРОМ;Другое;ОБРАБОТАНО КОММУТАТОРОМ;Другое;ОБРАБОТАНО КОММУТАТОРОМ;Другое;Закрыто и не реализовано;;;;;;;;;;;;;;;;;;;;;;;;;;;;;;;;;;;;;;;;;;
37749381;https://alladin116.amocrm.ru/leads/detail/37749381;;Закрыто и не реализовано;08.05.2026;;;;;;;;;;;;;;;;;;;;;;;;;Лиды обработка;Закрыто и не реализовано;;;;;;;;;;;;;;;;;;;;;;;;;;;;;;;;;;;;;;;;;;;;;;;;;;;;;;;;;;;;;;;;;;
37749383;https://alladin116.amocrm.ru/leads/detail/37749383;;Закрыто и не реализовано;08.05.2026;;;;;;;;;;;;;;;;;;;;;;;;;Лиды обработка;Закрыто и не реализовано;;;;;;;;;;;;;;;;;;;;;;;;;;;;;;;;;;;;;;;;;;;;;;;;;;;;;;;;;;;;;;;;;;
37749411;https://alladin116.amocrm.ru/leads/detail/37749411;;;08.05.2026;;;СТУ;ОБРАБОТАНО Коммутатором;СТУ;ОБРАБОТАНО Коммутатором;;;СТУ;ОБРАБОТАНО Коммутатором;;;;;СТУ;ОБРАБОТАНО Коммутатором;;;СТУ;ОБРАБОТАНО Коммутатором;;;СТУ;ОБРАБОТАНО Коммутатором;СТУ;ОБРАБОТАНО Коммутатором;СТУ;ОБРАБОТАНО Коммутатором;СТУ;ОБРАБОТАНО Коммутатором;СТУ;ОБРАБОТАНО Коммутатором;СТУ;ОБРАБОТАНО Коммутатором;СТУ;ОБРАБОТАНО Коммутатором;СТУ;ОБРАБОТАНО Коммутатором;СТУ;ОБРАБОТАНО Коммутатором;СТУ;ОБРАБОТАНО Коммутатором;СТУ;ОБРАБОТАНО Коммутатором;СТУ;ОБРАБОТАНО Коммутатором;СТУ;ОБРАБОТАНО Коммутатором;СТУ;ОБРАБОТАНО Коммутатором;СТУ;ОБРАБОТАНО Коммутатором;СТУ;ОБРАБОТАНО Коммутатором;СТУ;ОБРАБОТАНО Коммутатором;СТУ;ОБРАБОТАНО Коммутатором;;;СТУ;ОБРАБОТАНО Коммутатором;;;СТУ;ОБРАБОТАНО Коммутатором;;;СТУ;ОБРАБОТАНО Коммутатором;СТУ;ОБРАБОТАНО Коммутатором;СТУ;ОБРАБОТАНО Коммутатором;;;СТУ;ОБРАБОТАНО Коммутатором;;;СТУ;ОБРАБОТАНО Коммутатором;;;СТУ;ОБРАБОТАНО Коммутатором;;;СТУ;ОБРАБОТАНО Коммутатором;СТУ;ОБРАБОТАНО Коммутатором
37749415;https://alladin116.amocrm.ru/leads/detail/37749415;;Закрыто и не реализовано;08.05.2026;;;;;;;;;;;;;;;;;;;;;;;;;Другое;Закрыто и не реализовано;;;;;;;;;;;;;;;;;;;;;;;;;;;;;;;;;;;;;;;;;;;;;;;;;;;;;;;;;;;;;;;;;;
37749427;https://alladin116.amocrm.ru/leads/detail/37749427;;Закрыто и не реализовано;08.05.2026;;;;;;;;;;;;;;;;;;;;;;;;;Другое;ОБРАБОТАНО КОММУТАТОРОМ;;;Другое;ОБРАБОТАНО КОММУТАТОРОМ;Другое;ОБРАБОТАНО КОММУТАТОРОМ;Другое;ОБРАБОТАНО КОММУТАТОРОМ;Другое;ОБРАБОТАНО КОММУТАТОРОМ;Другое;ОБРАБОТАНО КОММУТАТОРОМ;Другое;Закрыто и не реализовано;;;;;;;;;;;;;;;;;;;;;;;;;;;;;;;;;;;;;;;;;;;;;;;;;;;;
37749453;https://alladin116.amocrm.ru/leads/detail/37749453;;;08.05.2026;;;СТУ;Контрольный звонок КП получено;СТУ;Контрольный звонок КП получено;;;СТУ;Контрольный звонок КП получено;;;;;СТУ;Контрольный звонок КП получено;;;СТУ;Контрольный звонок КП получено;;;СТУ;Контрольный звонок КП получено;Другое;ОБРАБОТАНО КОММУТАТОРОМ;СТУ;Контрольный звонок КП получено;Другое;ОБРАБОТАНО КОММУТАТОРОМ;СТУ;Контрольный звонок КП получено;Другое;ОБРАБОТАНО КОММУТАТОРОМ;Другое;ОБРАБОТАНО КОММУТАТОРОМ;Другое;ОБРАБОТАНО КОММУТАТОРОМ;Другое;ОБРАБОТАНО КОММУТАТОРОМ;Другое;ОБРАБОТАНО КОММУТАТОРОМ;Другое;ОБРАБОТАНО КОММУТАТОРОМ;Другое;ОБРАБОТАНО КОММУТАТОРОМ;Другое;ОБРАБОТАНО КОММУТАТОРОМ;Другое;ОБРАБОТАНО КОММУТАТОРОМ;Другое;ОБРАБОТАНО КОММУТАТОРОМ;Другое;ОБРАБОТАНО КОММУТАТОРОМ;Другое;ОБРАБОТАНО КОММУТАТОРОМ;Другое;ОБРАБОТАНО КОММУТАТОРОМ;;;Другое;ОБРАБОТАНО КОММУТАТОРОМ;;;Другое;ОБРАБОТАНО КОММУТАТОРОМ;;;Другое;ОБРАБОТАНО КОММУТАТОРОМ;Другое;ОБРАБОТАНО КОММУТАТОРОМ;СТУ;ДАННЫЕ ПРЕДОСТАВЛЕНЫ;;;СТУ;ДАННЫЕ ПРЕДОСТАВЛЕНЫ;;;СТУ;ДАННЫЕ ПРЕДОСТАВЛЕНЫ;;;СТУ;Контрольный звонок КП получено;;;СТУ;Контрольный звонок КП получено;СТУ;Контрольный звонок КП получено
37749475;https://alladin116.amocrm.ru/leads/detail/37749475;;;08.05.2026;;;СТУ;ОБРАБОТАНО Коммутатором;СТУ;ОБРАБОТАНО Коммутатором;;;СТУ;ОБРАБОТАНО Коммутатором;;;;;СТУ;ОБРАБОТАНО Коммутатором;;;СТУ;ОБРАБОТАНО Коммутатором;;;СТУ;ОБРАБОТАНО Коммутатором;Другое;ОБРАБОТАНО КОММУТАТОРОМ;СТУ;ОБРАБОТАНО Коммутатором;Другое;ОБРАБОТАНО КОММУТАТОРОМ;СТУ;ОБРАБОТАНО Коммутатором;Другое;ОБРАБОТАНО КОММУТАТОРОМ;СТУ;ОБРАБОТАНО Коммутатором;СТУ;ОБРАБОТАНО Коммутатором;СТУ;ОБРАБОТАНО Коммутатором;СТУ;ОБРАБОТАНО Коммутатором;СТУ;ОБРАБОТАНО Коммутатором;СТУ;ОБРАБОТАНО Коммутатором;СТУ;ОБРАБОТАНО Коммутатором;СТУ;ОБРАБОТАНО Коммутатором;СТУ;ОБРАБОТАНО Коммутатором;СТУ;ОБРАБОТАНО Коммутатором;СТУ;ОБРАБОТАНО Коммутатором;СТУ;ОБРАБОТАНО Коммутатором;;;СТУ;ОБРАБОТАНО Коммутатором;;;СТУ;ОБРАБОТАНО Коммутатором;;;СТУ;ОБРАБОТАНО Коммутатором;СТУ;ОБРАБОТАНО Коммутатором;СТУ;ОБРАБОТАНО Коммутатором;;;СТУ;ОБРАБОТАНО Коммутатором;;;СТУ;ОБРАБОТАНО Коммутатором;;;СТУ;ОБРАБОТАНО Коммутатором;;;СТУ;ОБРАБОТАНО Коммутатором;СТУ;ОБРАБОТАНО Коммутатором
37749507;https://alladin116.amocrm.ru/leads/detail/37749507;;Закрыто и не реализовано;08.05.2026;;;;;;;;;;;;;;;;;;;;;;;;;Другое;ОБРАБОТАНО КОММУТАТОРОМ;;;Другое;ОБРАБОТАНО КОММУТАТОРОМ;Другое;ОБРАБОТАНО КОММУТАТОРОМ;Другое;ОБРАБОТАНО КОММУТАТОРОМ;Другое;Закрыто и не реализовано;;;;;;;;;;;;;;;;;;;;;;;;;;;;;;;;;;;;;;;;;;;;;;;;;;;;;;;;
37749529;https://alladin116.amocrm.ru/leads/detail/37749529;;Закрыто и не реализовано;08.05.2026;;;;;;;;;;;;;;;;;;;;;;;;;Другое;ОБРАБОТАНО КОММУТАТОРОМ;;;Другое;ОБРАБОТАНО КОММУТАТОРОМ;Другое;ОБРАБОТАНО КОММУТАТОРОМ;Другое;ОБРАБОТАНО КОММУТАТОРОМ;Лиды обработка;Недозвон;Лиды обработка;Недозвон;Лиды обработка;Недозвон;Лиды обработка;Недозвон;Другое;ОБРАБОТАНО КОММУТАТОРОМ;Другое;ОБРАБОТАНО КОММУТАТОРОМ;Другое;ОБРАБОТАНО КОММУТАТОРОМ;Другое;ОБРАБОТАНО КОММУТАТОРОМ;Другое;ОБРАБОТАНО КОММУТАТОРОМ;Другое;Кп отправлено;Другое;Контрольный звонок КП;Другое;Контрольный звонок КП;;;Другое;Закрыто и не реализовано;;;;;;;;;;;;;;;;;;;;;;;;;;;;;;
37749533;https://alladin116.amocrm.ru/leads/detail/37749533;;Закрыто и не реализовано;08.05.2026;;;;;;;;;;;;;;;;;;;;;;;;;Другое;ОБРАБОТАНО КОММУТАТОРОМ;;;Другое;ОБРАБОТАНО КОММУТАТОРОМ;Другое;ОБРАБОТАНО КОММУТАТОРОМ;Другое;ОБРАБОТАНО КОММУТАТОРОМ;Другое;ОБРАБОТАНО КОММУТАТОРОМ;Другое;ОБРАБОТАНО КОММУТАТОРОМ;Другое;ОБРАБОТАНО КОММУТАТОРОМ;Другое;ОБРАБОТАНО КОММУТАТОРОМ;Другое;Закрыто и не реализовано;;;;;;;;;;;;;;;;;;;;;;;;;;;;;;;;;;;;;;;;;;;;;;;;
37749543;https://alladin116.amocrm.ru/leads/detail/37749543;;;08.05.2026;;;Другое;ОБРАБОТАНО КОММУТАТОРОМ;Другое;ОБРАБОТАНО КОММУТАТОРОМ;;;Другое;ОБРАБОТАНО КОММУТАТОРОМ;;;;;Другое;ОБРАБОТАНО КОММУТАТОРОМ;;;Другое;ОБРАБОТАНО КОММУТАТОРОМ;;;Другое;ОБРАБОТАНО КОММУТАТОРОМ;Другое;ОБРАБОТАНО КОММУТАТОРОМ;Другое;ОБРАБОТАНО КОММУТАТОРОМ;Другое;ОБРАБОТАНО КОММУТАТОРОМ;Другое;ОБРАБОТАНО КОММУТАТОРОМ;Другое;ОБРАБОТАНО КОММУТАТОРОМ;Другое;ОБРАБОТАНО КОММУТАТОРОМ;Другое;ОБРАБОТАНО КОММУТАТОРОМ;Другое;ОБРАБОТАНО КОММУТАТОРОМ;Другое;ОБРАБОТАНО КОММУТАТОРОМ;Другое;ОБРАБОТАНО КОММУТАТОРОМ;Другое;ОБРАБОТАНО КОММУТАТОРОМ;Другое;ОБРАБОТАНО КОММУТАТОРОМ;Другое;ОБРАБОТАНО КОММУТАТОРОМ;Другое;ОБРАБОТАНО КОММУТАТОРОМ;Другое;ОБРАБОТАНО КОММУТАТОРОМ;Другое;ОБРАБОТАНО КОММУТАТОРОМ;Другое;ОБРАБОТАНО КОММУТАТОРОМ;;;Другое;ОБРАБОТАНО КОММУТАТОРОМ;;;Другое;ОБРАБОТАНО КОММУТАТОРОМ;;;Другое;ОБРАБОТАНО КОММУТАТОРОМ;Другое;ОБРАБОТАНО КОММУТАТОРОМ;Другое;ОБРАБОТАНО КОММУТАТОРОМ;;;Другое;ОБРАБОТАНО КОММУТАТОРОМ;;;Другое;ОБРАБОТАНО КОММУТАТОРОМ;;;Другое;ОБРАБОТАНО КОММУТАТОРОМ;;;Другое;ОБРАБОТАНО КОММУТАТОРОМ;Другое;ОБРАБОТАНО КОММУТАТОРОМ
37749547;https://alladin116.amocrm.ru/leads/detail/37749547;;Закрыто и не реализовано;08.05.2026;;;;;;;;;;;;;;;;;;;;;;;;;Другое;ОБРАБОТАНО КОММУТАТОРОМ;;;Другое;ОБРАБОТАНО КОММУТАТОРОМ;Другое;ОБРАБОТАНО КОММУТАТОРОМ;Другое;ОБРАБОТАНО КОММУТАТОРОМ;Другое;ОБРАБОТАНО КОММУТАТОРОМ;Другое;ОБРАБОТАНО КОММУТАТОРОМ;Другое;ОБРАБОТАНО КОММУТАТОРОМ;Другое;ОБРАБОТАНО КОММУТАТОРОМ;Другое;Закрыто и не реализовано;;;;;;;;;;;;;;;;;;;;;;;;;;;;;;;;;;;;;;;;;;;;;;;;
37749555;https://alladin116.amocrm.ru/leads/detail/37749555;;Закрыто и не реализовано;08.05.2026;;;;;;;;;;;;;;;;;;;;;;;;;Лиды обработка;Недозвон;;;Лиды обработка;Недозвон;Лиды обработка;Недозвон;Лиды обработка;Недозвон;Лиды обработка;Закрыто и не реализовано;;;;;;;;;;;;;;;;;;;;;;;;;;;;;;;;;;;;;;;;;;;;;;;;;;;;;;;;
37749557;https://alladin116.amocrm.ru/leads/detail/37749557;;Закрыто и не реализовано;08.05.2026;;;;;;;;;;;;;;;;;;;;;;;;;Другое;ОБРАБОТАНО КОММУТАТОРОМ;;;Другое;ОБРАБОТАНО КОММУТАТОРОМ;Другое;ОБРАБОТАНО КОММУТАТОРОМ;Другое;ОБРАБОТАНО КОММУТАТОРОМ;Другое;Закрыто и не реализовано;;;;;;;;;;;;;;;;;;;;;;;;;;;;;;;;;;;;;;;;;;;;;;;;;;;;;;;;
37749561;https://alladin116.amocrm.ru/leads/detail/37749561;;Закрыто и не реализовано;08.05.2026;;;;;;;;;;;;;;;;;;;;;;;;;Другое;ОБРАБОТАНО КОММУТАТОРОМ;;;Другое;ОБРАБОТАНО КОММУТАТОРОМ;Другое;ОБРАБОТАНО КОММУТАТОРОМ;Другое;ОБРАБОТАНО КОММУТАТОРОМ;Лиды обработка;Недозвон;Лиды обработка;Недозвон;Лиды обработка;Недозвон;Лиды обработка;Недозвон;Лиды обработка;Недозвон;Лиды обработка;Недозвон;Лиды обработка;Недозвон;Лиды обработка;Недозвон;Лиды обработка;Недозвон;Лиды обработка;Закрыто и не реализовано;;;;;;;;;;;;;;;;;;;;;;;;;;;;;;;;;;;;;;
37749569;https://alladin116.amocrm.ru/leads/detail/37749569;;Закрыто и не реализовано;08.05.2026;;;;;;;;;;;;;;;;;;;;;;;;;Другое;ОБРАБОТАНО КОММУТАТОРОМ;;;Другое;ОБРАБОТАНО КОММУТАТОРОМ;Другое;ОБРАБОТАНО КОММУТАТОРОМ;Другое;ОБРАБОТАНО КОММУТАТОРОМ;Другое;Закрыто и не реализовано;;;;;;;;;;;;;;;;;;;;;;;;;;;;;;;;;;;;;;;;;;;;;;;;;;;;;;;;
37750587;https://alladin116.amocrm.ru/leads/detail/37750587;;Закрыто и не реализовано;12.05.2026;;;;;;;;;;;;;;;;;;;;;;;;;;;;;;;;;;;;;АПС;Закрыто и не реализовано;;;;;;;;;;;;;;;;;;;;;;;;;;;;;;;;;;;;;;;;;;;;;;;;;;;;;;
37750597;https://alladin116.amocrm.ru/leads/detail/37750597;;Закрыто и не реализовано;12.05.2026;;;;;;;;;;;;;;;;;;;;;;;;;;;;;;;;;;;;;Лиды обработка;Недозвон;Лиды обработка;Недозвон;Лиды обработка;Недозвон;Лиды обработка;Закрыто и не реализовано;;;;;;;;;;;;;;;;;;;;;;;;;;;;;;;;;;;;;;;;;;;;;;;;
37750619;https://alladin116.amocrm.ru/leads/detail/37750619;;Закрыто и не реализовано;12.05.2026;;;;;;;;;;;;;;;;;;;;;;;;;;;;;;;;;;;;;Другое;Закрыто и не реализовано;;;;;;;;;;;;;;;;;;;;;;;;;;;;;;;;;;;;;;;;;;;;;;;;;;;;;;
37750629;https://alladin116.amocrm.ru/leads/detail/37750629;;Закрыто и не реализовано;12.05.2026;;;;;;;;;;;;;;;;;;;;;;;;;;;;;;;;;;;;;Лиды обработка;Недозвон;Лиды обработка;Недозвон;Лиды обработка;Недозвон;Лиды обработка;Недозвон;Лиды обработка;Недозвон;Лиды обработка;Недозвон;Лиды обработка;Недозвон;Лиды обработка;Недозвон;Лиды обработка;Недозвон;Лиды обработка;Недозвон;Лиды обработка;Недозвон;;;Лиды обработка;Недозвон;;;Лиды обработка;Недозвон;;;Лиды обработка;Недозвон;Лиды обработка;Недозвон;Лиды обработка;Недозвон;;;Другое;ОБРАБОТАНО КОММУТАТОРОМ;;;Другое;Закрыто и не реализовано;;;;;;;;;;
37750631;https://alladin116.amocrm.ru/leads/detail/37750631;;Закрыто и не реализовано;12.05.2026;;;;;;;;;;;;;;;;;;;;;;;;;;;;;;;;;;;;;Другое;ОБРАБОТАНО КОММУТАТОРОМ;Другое;ОБРАБОТАНО КОММУТАТОРОМ;Другое;ОБРАБОТАНО КОММУТАТОРОМ;Другое;ОБРАБОТАНО КОММУТАТОРОМ;Другое;ОБРАБОТАНО КОММУТАТОРОМ;Другое;ОБРАБОТАНО КОММУТАТОРОМ;Другое;ОБРАБОТАНО КОММУТАТОРОМ;Другое;ОБРАБОТАНО КОММУТАТОРОМ;Другое;Закрыто и не реализовано;;;;;;;;;;;;;;;;;;;;;;;;;;;;;;;;;;;;;;
37750645;https://alladin116.amocrm.ru/leads/detail/37750645;;Успешно реализовано;12.05.2026;;;Планы эвакуации;УПД отправлено;Планы эвакуации;УПД отправлено;;;Планы эвакуации;УПД отправлено;;;;;Планы эвакуации;Успешно реализовано;;;Планы эвакуации;Успешно реализовано;;;Планы эвакуации;Успешно реализовано;;;Планы эвакуации;Успешно реализовано;;;Планы эвакуации;Успешно реализовано;;;;;Планы эвакуации;Контрольный звонок КП договоренности;Планы эвакуации;Контрольный звонок КП договоренности;Планы эвакуации;Контрольный звонок КП договоренности;Планы эвакуации;согласование макета;Планы эвакуации;согласование макета;Планы эвакуации;согласование макета;Планы эвакуации;Сдано в производство;Планы эвакуации;Сдано в производство;Планы эвакуации;Сдано в производство;Планы эвакуации;Сдано в производство;Планы эвакуации;Сдано в производство;;;Планы эвакуации;Сдано в производство;;;Планы эвакуации;Сдано в производство;;;Планы эвакуации;Сдано в производство;Планы эвакуации;Сдано в производство;Планы эвакуации;Сдано в производство;;;Планы эвакуации;УПД отправлено;;;Планы эвакуации;УПД отправлено;;;Планы эвакуации;УПД отправлено;;;Планы эвакуации;УПД отправлено;Планы эвакуации;УПД отправлено
37750661;https://alladin116.amocrm.ru/leads/detail/37750661;;;12.05.2026;;;СТУ;ОБРАБОТАНО Коммутатором;СТУ;ОБРАБОТАНО Коммутатором;;;СТУ;ОБРАБОТАНО Коммутатором;;;;;СТУ;ОБРАБОТАНО Коммутатором;;;СТУ;ОБРАБОТАНО Коммутатором;;;СТУ;ОБРАБОТАНО Коммутатором;;;СТУ;ОБРАБОТАНО Коммутатором;;;СТУ;ОБРАБОТАНО Коммутатором;;;;;СТУ;ОБРАБОТАНО Коммутатором;СТУ;ОБРАБОТАНО Коммутатором;СТУ;ОБРАБОТАНО Коммутатором;СТУ;ОБРАБОТАНО Коммутатором;СТУ;ОБРАБОТАНО Коммутатором;СТУ;ОБРАБОТАНО Коммутатором;СТУ;ОБРАБОТАНО Коммутатором;СТУ;ОБРАБОТАНО Коммутатором;СТУ;ОБРАБОТАНО Коммутатором;СТУ;ОБРАБОТАНО Коммутатором;СТУ;ОБРАБОТАНО Коммутатором;;;СТУ;ОБРАБОТАНО Коммутатором;;;СТУ;ОБРАБОТАНО Коммутатором;;;СТУ;ОБРАБОТАНО Коммутатором;СТУ;ОБРАБОТАНО Коммутатором;СТУ;ОБРАБОТАНО Коммутатором;;;СТУ;ОБРАБОТАНО Коммутатором;;;СТУ;ОБРАБОТАНО Коммутатором;;;СТУ;ОБРАБОТАНО Коммутатором;;;СТУ;ОБРАБОТАНО Коммутатором;СТУ;ОБРАБОТАНО Коммутатором
37750669;https://alladin116.amocrm.ru/leads/detail/37750669;;;12.05.2026;;;СТУ;ОБРАБОТАНО Коммутатором;СТУ;ОБРАБОТАНО Коммутатором;;;СТУ;ОБРАБОТАНО Коммутатором;;;;;СТУ;ОБРАБОТАНО Коммутатором;;;СТУ;ОБРАБОТАНО Коммутатором;;;СТУ;ОБРАБОТАНО Коммутатором;;;СТУ;ОБРАБОТАНО Коммутатором;;;СТУ;ОБРАБОТАНО Коммутатором;;;;;Другое;ОБРАБОТАНО КОММУТАТОРОМ;Другое;ОБРАБОТАНО КОММУТАТОРОМ;Другое;ОБРАБОТАНО КОММУТАТОРОМ;Лиды обработка;Недозвон;Лиды обработка;Недозвон;Лиды обработка;Недозвон;СТУ;ОБРАБОТАНО Коммутатором;СТУ;ОБРАБОТАНО Коммутатором;СТУ;ОБРАБОТАНО Коммутатором;СТУ;ОБРАБОТАНО Коммутатором;СТУ;ОБРАБОТАНО Коммутатором;;;СТУ;ОБРАБОТАНО Коммутатором;;;СТУ;ОБРАБОТАНО Коммутатором;;;СТУ;ОБРАБОТАНО Коммутатором;СТУ;ОБРАБОТАНО Коммутатором;СТУ;ОБРАБОТАНО Коммутатором;;;СТУ;ОБРАБОТАНО Коммутатором;;;СТУ;ОБРАБОТАНО Коммутатором;;;СТУ;ОБРАБОТАНО Коммутатором;;;СТУ;ОБРАБОТАНО Коммутатором;СТУ;ОБРАБОТАНО Коммутатором
37750671;https://alladin116.amocrm.ru/leads/detail/37750671;;Закрыто и не реализовано;12.05.2026;;;;;;;;;;;;;;;;;;;;;;;;;;;;;;;;;;;;;Другое;Закрыто и не реализовано;;;;;;;;;;;;;;;;;;;;;;;;;;;;;;;;;;;;;;;;;;;;;;;;;;;;;;
37750689;https://alladin116.amocrm.ru/leads/detail/37750689;;;12.05.2026;;;Декларации;Контрольный звонок данные;Декларации;Контрольный звонок данные;;;Декларации;Контрольный звонок данные;;;;;Декларации;Контрольный звонок данные;;;Декларации;Контрольный звонок данные;;;Декларации;Контрольный звонок данные;;;Декларации;Контрольный звонок данные;;;Декларации;Контрольный звонок данные;;;;;Декларации;Запросили данные;Декларации;Контрольный звонок данные;Декларации;Контрольный звонок данные;Декларации;Контрольный звонок данные;Декларации;Контрольный звонок данные;Декларации;Контрольный звонок данные;Декларации;Контрольный звонок данные;Декларации;Контрольный звонок данные;Декларации;Контрольный звонок данные;Декларации;Контрольный звонок данные;Декларации;Контрольный звонок данные;;;Декларации;Контрольный звонок данные;;;Декларации;Контрольный звонок данные;;;Декларации;Контрольный звонок данные;Декларации;Контрольный звонок данные;Декларации;Контрольный звонок данные;;;Декларации;Контрольный звонок данные;;;Декларации;Контрольный звонок данные;;;Декларации;Контрольный звонок данные;;;Декларации;Контрольный звонок данные;Декларации;Контрольный звонок данные
37750739;https://alladin116.amocrm.ru/leads/detail/37750739;;Закрыто и не реализовано;12.05.2026;;;;;;;;;;;;;;;;;;;;;;;;;;;;;;;;;;;;;Другое;Закрыто и не реализовано;;;;;;;;;;;;;;;;;;;;;;;;;;;;;;;;;;;;;;;;;;;;;;;;;;;;;;
37750747;https://alladin116.amocrm.ru/leads/detail/37750747;;Закрыто и не реализовано;12.05.2026;;;;;;;;;;;;;;;;;;;;;;;;;;;;;;;;;;;;;АПС;Закрыто и не реализовано;;;;;;;;;;;;;;;;;;;;;;;;;;;;;;;;;;;;;;;;;;;;;;;;;;;;;;
37750749;https://alladin116.amocrm.ru/leads/detail/37750749;;Закрыто и не реализовано;12.05.2026;;;;;;;;;;;;;;;;;;;;;;;;;;;;;;;;;;;;;Лиды обработка;Закрыто и не реализовано;;;;;;;;;;;;;;;;;;;;;;;;;;;;;;;;;;;;;;;;;;;;;;;;;;;;;;
37750751;https://alladin116.amocrm.ru/leads/detail/37750751;;Закрыто и не реализовано;12.05.2026;;;;;;;;;;;;;;;;;;;;;;;;;;;;;;;;;;;;;Лиды обработка;Недозвон;Другое;ОБРАБОТАНО КОММУТАТОРОМ;Другое;ОБРАБОТАНО КОММУТАТОРОМ;Другое;ОБРАБОТАНО КОММУТАТОРОМ;Другое;ОБРАБОТАНО КОММУТАТОРОМ;Другое;ОБРАБОТАНО КОММУТАТОРОМ;Другое;ОБРАБОТАНО КОММУТАТОРОМ;Другое;ОБРАБОТАНО КОММУТАТОРОМ;Другое;Закрыто и не реализовано;;;;;;;;;;;;;;;;;;;;;;;;;;;;;;;;;;;;;;
37750759;https://alladin116.amocrm.ru/leads/detail/37750759;;Закрыто и не реализовано;12.05.2026;;;;;;;;;;;;;;;;;;;;;;;;;;;;;;;;;;;;;Лиды обработка;Недозвон;Лиды обработка;Недозвон;Лиды обработка;Недозвон;Лиды обработка;Закрыто и не реализовано;;;;;;;;;;;;;;;;;;;;;;;;;;;;;;;;;;;;;;;;;;;;;;;;
37750767;https://alladin116.amocrm.ru/leads/detail/37750767;;Закрыто и не реализовано;12.05.2026;;;;;;;;;;;;;;;;;;;;;;;;;;;;;;;;;;;;;Лиды обработка;Закрыто и не реализовано;;;;;;;;;;;;;;;;;;;;;;;;;;;;;;;;;;;;;;;;;;;;;;;;;;;;;;
37750841;https://alladin116.amocrm.ru/leads/detail/37750841;;;12.05.2026;;;Планы эвакуации;Оплата 100%;Планы эвакуации;Оплата 100%;;;Планы эвакуации;Оплата 100%;;;;;Планы эвакуации;Оплата 100%;;;Планы эвакуации;Оплата 100%;;;Планы эвакуации;Оплата 100%;;;Планы эвакуации;Оплата 100%;;;Планы эвакуации;Оплата 100%;;;;;Планы эвакуации;ДАННЫЕ ПРЕДОСТАВЛЕНЫ;Планы эвакуации;ДАННЫЕ ПРЕДОСТАВЛЕНЫ;Планы эвакуации;ДАННЫЕ ПРЕДОСТАВЛЕНЫ;Планы эвакуации;ДАННЫЕ ПРЕДОСТАВЛЕНЫ;Планы эвакуации;Оплата 100%;Планы эвакуации;Оплата 100%;Планы эвакуации;Оплата 100%;Планы эвакуации;Оплата 100%;Планы эвакуации;Оплата 100%;Планы эвакуации;Оплата 100%;Планы эвакуации;Оплата 100%;;;Планы эвакуации;Оплата 100%;;;Планы эвакуации;Оплата 100%;;;Планы эвакуации;Оплата 100%;Планы эвакуации;Оплата 100%;Планы эвакуации;Оплата 100%;;;Планы эвакуации;Оплата 100%;;;Планы эвакуации;Оплата 100%;;;Планы эвакуации;Оплата 100%;;;Планы эвакуации;Оплата 100%;Планы эвакуации;Оплата 100%
37750849;https://alladin116.amocrm.ru/leads/detail/37750849;;Закрыто и не реализовано;12.05.2026;;;;;;;;;;;;;;;;;;;;;;;;;;;;;;;;;;;;;Другое;ОБРАБОТАНО КОММУТАТОРОМ;Другое;Закрыто и не реализовано;;;;;;;;;;;;;;;;;;;;;;;;;;;;;;;;;;;;;;;;;;;;;;;;;;;;
37751009;https://alladin116.amocrm.ru/leads/detail/37751009;;;13.05.2026;;;СТУ;Контрольный звонок КП;СТУ;Контрольный звонок КП;;;СТУ;Контрольный звонок КП;;;;;СТУ;Контрольный звонок КП;;;СТУ;Контрольный звонок КП;;;СТУ;Контрольный звонок КП;;;СТУ;Контрольный звонок КП;;;СТУ;Контрольный звонок КП;;;;;;;СТУ;Контрольный звонок КП;СТУ;Контрольный звонок КП;СТУ;Контрольный звонок КП;СТУ;Контрольный звонок КП;СТУ;Контрольный звонок КП;СТУ;Контрольный звонок КП;СТУ;Контрольный звонок КП;СТУ;Контрольный звонок КП;СТУ;Контрольный звонок КП;СТУ;Контрольный звонок КП;;;СТУ;Контрольный звонок КП;;;СТУ;Контрольный звонок КП;;;СТУ;Контрольный звонок КП;СТУ;Контрольный звонок КП;СТУ;Контрольный звонок КП;;;СТУ;Контрольный звонок КП;;;СТУ;Контрольный звонок КП;;;СТУ;Контрольный звонок КП;;;СТУ;Контрольный звонок КП;СТУ;Контрольный звонок КП
37751025;https://alladin116.amocrm.ru/leads/detail/37751025;;;13.05.2026;;;Другое;ОБРАБОТАНО КОММУТАТОРОМ;Другое;ОБРАБОТАНО КОММУТАТОРОМ;;;Другое;ОБРАБОТАНО КОММУТАТОРОМ;;;;;Другое;ОБРАБОТАНО КОММУТАТОРОМ;;;Другое;ОБРАБОТАНО КОММУТАТОРОМ;;;Другое;ОБРАБОТАНО КОММУТАТОРОМ;;;Другое;ОБРАБОТАНО КОММУТАТОРОМ;;;Другое;ОБРАБОТАНО КОММУТАТОРОМ;;;;;;;Другое;ОБРАБОТАНО КОММУТАТОРОМ;Другое;ОБРАБОТАНО КОММУТАТОРОМ;Другое;ОБРАБОТАНО КОММУТАТОРОМ;Другое;ОБРАБОТАНО КОММУТАТОРОМ;Другое;ОБРАБОТАНО КОММУТАТОРОМ;Другое;ОБРАБОТАНО КОММУТАТОРОМ;Другое;ОБРАБОТАНО КОММУТАТОРОМ;Другое;ОБРАБОТАНО КОММУТАТОРОМ;Другое;ОБРАБОТАНО КОММУТАТОРОМ;Другое;ОБРАБОТАНО КОММУТАТОРОМ;;;Другое;ОБРАБОТАНО КОММУТАТОРОМ;;;Другое;ОБРАБОТАНО КОММУТАТОРОМ;;;Другое;ОБРАБОТАНО КОММУТАТОРОМ;Другое;ОБРАБОТАНО КОММУТАТОРОМ;Другое;ОБРАБОТАНО КОММУТАТОРОМ;;;Другое;ОБРАБОТАНО КОММУТАТОРОМ;;;Другое;ОБРАБОТАНО КОММУТАТОРОМ;;;Другое;ОБРАБОТАНО КОММУТАТОРОМ;;;Другое;ОБРАБОТАНО КОММУТАТОРОМ;Другое;ОБРАБОТАНО КОММУТАТОРОМ
37751053;https://alladin116.amocrm.ru/leads/detail/37751053;;Закрыто и не реализовано;13.05.2026;;;Абонентка (первичная продажа);Запросили данные;Абонентка (первичная продажа);Запросили данные;;;Абонентка (первичная продажа);Запросили данные;;;;;Абонентка (первичная продажа);Закрыто и не реализовано;;;;;;;;;;;;;;;;;;;;;;;Абонентка (первичная продажа);Запросили данные;Абонентка (первичная продажа);Запросили данные;Абонентка (первичная продажа);Запросили данные;Абонентка (первичная продажа);Запросили данные;Абонентка (первичная продажа);Запросили данные;Абонентка (первичная продажа);Запросили данные;Абонентка (первичная продажа);Запросили данные;Абонентка (первичная продажа);Запросили данные;Абонентка (первичная продажа);Запросили данные;Абонентка (первичная продажа);Запросили данные;;;Абонентка (первичная продажа);Запросили данные;;;Абонентка (первичная продажа);Запросили данные;;;Абонентка (первичная продажа);Запросили данные;Абонентка (первичная продажа);Запросили данные;Абонентка (первичная продажа);Запросили данные;;;Абонентка (первичная продажа);Запросили данные;;;Абонентка (первичная продажа);Запросили данные;;;Абонентка (первичная продажа);Запросили данные;;;Абонентка (первичная продажа);Запросили данные;Абонентка (первичная продажа);Запросили данные
37751065;https://alladin116.amocrm.ru/leads/detail/37751065;;Закрыто и не реализовано;13.05.2026;;;;;;;;;;;;;;;;;;;;;;;;;;;;;;;;;;;;;;;Другое;Закрыто и не реализовано;;;;;;;;;;;;;;;;;;;;;;;;;;;;;;;;;;;;;;;;;;;;;;;;;;;;
37751089;https://alladin116.amocrm.ru/leads/detail/37751089;;Закрыто и не реализовано;13.05.2026;;;;;;;;;;;;;;;;;;;;;;;;;;;;;;;;;;;;;;;Другое;ОБРАБОТАНО КОММУТАТОРОМ;Другое;ОБРАБОТАНО КОММУТАТОРОМ;Другое;Закрыто и не реализовано;;;;;;;;;;;;;;;;;;;;;;;;;;;;;;;;;;;;;;;;;;;;;;;;
37751101;https://alladin116.amocrm.ru/leads/detail/37751101;;Закрыто и не реализовано;13.05.2026;;;;;;;;;;;;;;;;;;;;;;;;;;;;;;;;;;;;;;;Планы эвакуации;ДАННЫЕ ПРЕДОСТАВЛЕНЫ;Планы эвакуации;ДАННЫЕ ПРЕДОСТАВЛЕНЫ;Планы эвакуации;Контрольный звонок КП договоренности;Планы эвакуации;Контрольный звонок КП договоренности;Планы эвакуации;Контрольный звонок КП договоренности;Планы эвакуации;Контрольный звонок КП договоренности;Планы эвакуации;Контрольный звонок КП договоренности;Планы эвакуации;Контрольный звонок КП договоренности;Планы эвакуации;Закрыто и не реализовано;;;;;;;;;;;;;;;;;;;;;;;;;;;;;;;;;;;;
37751105;https://alladin116.amocrm.ru/leads/detail/37751105;;Закрыто и не реализовано;13.05.2026;;;;;;;;;;;;;;;;;;;;;;;;;;;;;;;;;;;;;;;Лиды обработка;Закрыто и не реализовано;;;;;;;;;;;;;;;;;;;;;;;;;;;;;;;;;;;;;;;;;;;;;;;;;;;;
37751107;https://alladin116.amocrm.ru/leads/detail/37751107;;Закрыто и не реализовано;13.05.2026;;;;;;;;;;;;;;;;;;;;;;;;;;;;;;;;;;;;;;;Лиды обработка;SEO ПОЖАРКА;Лиды обработка;Закрыто и не реализовано;;;;;;;;;;;;;;;;;;;;;;;;;;;;;;;;;;;;;;;;;;;;;;;;;;
37751127;https://alladin116.amocrm.ru/leads/detail/37751127;;Закрыто и не реализовано;13.05.2026;;;;;;;;;;;;;;;;;;;;;;;;;;;;;;;;;;;;;;;Другое;Закрыто и не реализовано;;;;;;;;;;;;;;;;;;;;;;;;;;;;;;;;;;;;;;;;;;;;;;;;;;;;
37751151;https://alladin116.amocrm.ru/leads/detail/37751151;;Закрыто и не реализовано;13.05.2026;;;;;;;;;;;;;;;;;;;;;;;;;;;;;;;;;;;;;;;СТУ;Закрыто и не реализовано;;;;;;;;;;;;;;;;;;;;;;;;;;;;;;;;;;;;;;;;;;;;;;;;;;;;
37751183;https://alladin116.amocrm.ru/leads/detail/37751183;;Закрыто и не реализовано;13.05.2026;;;;;;;;;;;;;;;;;;;;;;;;;;;;;;;;;;;;;;;Лиды обработка;Закрыто и не реализовано;;;;;;;;;;;;;;;;;;;;;;;;;;;;;;;;;;;;;;;;;;;;;;;;;;;;
37751195;https://alladin116.amocrm.ru/leads/detail/37751195;;Закрыто и не реализовано;13.05.2026;;;;;;;;;;;;;;;;;;;;;;;;;;;;;;;;;;;;;;;АПС;Запросили данные;АПС;Контрольный звонок данные;АПС;Контрольный звонок данные;АПС;Контрольный звонок данные;АПС;Контрольный звонок данные;АПС;Контрольный звонок данные;АПС;Контрольный звонок данные;АПС;Контрольный звонок данные;АПС;Закрыто и не реализовано;;;;;;;;;;;;;;;;;;;;;;;;;;;;;;;;;;;;
37751203;https://alladin116.amocrm.ru/leads/detail/37751203;;Закрыто и не реализовано;13.05.2026;;;;;;;;;;;;;;;;;;;;;;;;;;;;;;;;;;;;;;;Другое;Закрыто и не реализовано;;;;;;;;;;;;;;;;;;;;;;;;;;;;;;;;;;;;;;;;;;;;;;;;;;;;
37751241;https://alladin116.amocrm.ru/leads/detail/37751241;;Закрыто и не реализовано;13.05.2026;;;;;;;;;;;;;;;;;;;;;;;;;;;;;;;;;;;;;;;Лиды обработка;Закрыто и не реализовано;;;;;;;;;;;;;;;;;;;;;;;;;;;;;;;;;;;;;;;;;;;;;;;;;;;;
37751279;https://alladin116.amocrm.ru/leads/detail/37751279;;Закрыто и не реализовано;13.05.2026;;;Расчет рисков;Контрольный звонок данные;Расчет рисков;Закрыто и не реализовано;;;;;;;;;;;;;;;;;;;;;;;;;;;;;;;;;Расчет рисков;Запросили данные;Расчет рисков;Контрольный звонок данные;Расчет рисков;Контрольный звонок данные;Расчет рисков;Контрольный звонок данные;Расчет рисков;Контрольный звонок данные;Расчет рисков;Контрольный звонок данные;Расчет рисков;Контрольный звонок данные;Расчет рисков;Контрольный звонок данные;Расчет рисков;Контрольный звонок данные;Расчет рисков;Контрольный звонок данные;;;Расчет рисков;Контрольный звонок данные;;;Расчет рисков;Контрольный звонок данные;;;Расчет рисков;Контрольный звонок данные;Расчет рисков;Контрольный звонок данные;Расчет рисков;Контрольный звонок данные;;;Расчет рисков;Контрольный звонок данные;;;Расчет рисков;Контрольный звонок данные;;;Расчет рисков;Контрольный звонок данные;;;Расчет рисков;Контрольный звонок данные;Расчет рисков;Контрольный звонок данные
37751291;https://alladin116.amocrm.ru/leads/detail/37751291;;Закрыто и не реализовано;13.05.2026;;;;;;;;;;;;;;;;;;;;;;;;;;;;;;;;;;;;;;;Другое;ОБРАБОТАНО КОММУТАТОРОМ;Лиды обработка;Недозвон;Лиды обработка;Недозвон;Лиды обработка;Недозвон;Лиды обработка;Недозвон;АПС;Запросили данные;АПС;Запросили данные;АПС;Закрыто и не реализовано;;;;;;;;;;;;;;;;;;;;;;;;;;;;;;;;;;;;;;
37751461;https://alladin116.amocrm.ru/leads/detail/37751461;;Закрыто и не реализовано;14.05.2026;;;;;;;;;;;;;;;;;;;;;;;;;;;;;;;;;;;;;;;;;Другое;ОБРАБОТАНО КОММУТАТОРОМ;Лиды обработка;Недозвон;Лиды обработка;Недозвон;Лиды обработка;Недозвон;Лиды обработка;Недозвон;Лиды обработка;Недозвон;Лиды обработка;Недозвон;Другое;ОБРАБОТАНО КОММУТАТОРОМ;Другое;ОБРАБОТАНО КОММУТАТОРОМ;;;Другое;ОБРАБОТАНО КОММУТАТОРОМ;;;Другое;ОБРАБОТАНО КОММУТАТОРОМ;;;Другое;ОБРАБОТАНО КОММУТАТОРОМ;Другое;ОБРАБОТАНО КОММУТАТОРОМ;Другое;ОБРАБОТАНО КОММУТАТОРОМ;;;Другое;ОБРАБОТАНО КОММУТАТОРОМ;;;Другое;ОБРАБОТАНО КОММУТАТОРОМ;;;Другое;Закрыто и не реализовано;;;;;;
37751475;https://alladin116.amocrm.ru/leads/detail/37751475;;Закрыто и не реализовано;14.05.2026;;;;;;;;;;;;;;;;;;;;;;;;;;;;;;;;;;;;;;;;;Другое;ОБРАБОТАНО КОММУТАТОРОМ;Другое;Закрыто и не реализовано;;;;;;;;;;;;;;;;;;;;;;;;;;;;;;;;;;;;;;;;;;;;;;;;
37751487;https://alladin116.amocrm.ru/leads/detail/37751487;;Закрыто и не реализовано;14.05.2026;;;Абонентка (первичная продажа);Запросили данные;Абонентка (первичная продажа);Запросили данные;;;Абонентка (первичная продажа);Закрыто и не реализовано;;;;;;;;;;;;;;;;;;;;;;;;;;;;;;;Абонентка (первичная продажа);Запросили данные;Абонентка (первичная продажа);Запросили данные;Абонентка (первичная продажа);Запросили данные;Абонентка (первичная продажа);Запросили данные;Абонентка (первичная продажа);Запросили данные;Абонентка (первичная продажа);Запросили данные;Абонентка (первичная продажа);Запросили данные;Абонентка (первичная продажа);Запросили данные;Абонентка (первичная продажа);Запросили данные;;;Абонентка (первичная продажа);Запросили данные;;;Абонентка (первичная продажа);Запросили данные;;;Абонентка (первичная продажа);Запросили данные;Абонентка (первичная продажа);Запросили данные;Абонентка (первичная продажа);Запросили данные;;;Абонентка (первичная продажа);Запросили данные;;;Абонентка (первичная продажа);Запросили данные;;;Абонентка (первичная продажа);Запросили данные;;;Абонентка (первичная продажа);Запросили данные;Абонентка (первичная продажа);Запросили данные
37751515;https://alladin116.amocrm.ru/leads/detail/37751515;;Закрыто и не реализовано;14.05.2026;;;;;;;;;;;;;;;;;;;;;;;;;;;;;;;;;;;;;;;;;Другое;Закрыто и не реализовано;;;;;;;;;;;;;;;;;;;;;;;;;;;;;;;;;;;;;;;;;;;;;;;;;;
37751521;https://alladin116.amocrm.ru/leads/detail/37751521;;Закрыто и не реализовано;14.05.2026;;;;;;;;;;;;;;;;;;;;;;;;;;;;;;;;;;;;;;;;;Другое;ОБРАБОТАНО КОММУТАТОРОМ;Другое;Закрыто и не реализовано;;;;;;;;;;;;;;;;;;;;;;;;;;;;;;;;;;;;;;;;;;;;;;;;
37751541;https://alladin116.amocrm.ru/leads/detail/37751541;;Закрыто и не реализовано;14.05.2026;;;;;;;;;;;;;;;;;;;;;;;;;;;;;;;;;;;;;;;;;СТУ;Закрыто и не реализовано;;;;;;;;;;;;;;;;;;;;;;;;;;;;;;;;;;;;;;;;;;;;;;;;;;
37751587;https://alladin116.amocrm.ru/leads/detail/37751587;;;14.05.2026;;;Планы эвакуации;Отдано в разработку;Планы эвакуации;Отдано в разработку;;;Планы эвакуации;Отдано в разработку;;;;;Планы эвакуации;Отдано в разработку;;;Планы эвакуации;согласование макета;;;Планы эвакуации;согласование макета;;;Планы эвакуации;согласование макета;;;Планы эвакуации;согласование макета;;;;;;;;;Планы эвакуации;Контрольный звонок КП договоренности;Планы эвакуации;Контрольный звонок КП договоренности;Планы эвакуации;Контрольный звонок КП договоренности;Планы эвакуации;Контрольный звонок КП договоренности;Планы эвакуации;Контрольный звонок Д\С;Планы эвакуации;Контрольный звонок Д\С;Планы эвакуации;Контрольный звонок Д\С;Планы эвакуации;Контрольный звонок Д\С;Планы эвакуации;Контрольный звонок Д\С;;;Планы эвакуации;Контрольный звонок Д\С;;;Планы эвакуации;Контрольный звонок Д\С;;;Планы эвакуации;Контрольный звонок Д\С;Планы эвакуации;Контрольный звонок Д\С;Планы эвакуации;Контрольный звонок Д\С;;;Планы эвакуации;Контрольный звонок Д\С получен;;;Планы эвакуации;Контрольный звонок Д\С получен;;;Планы эвакуации;Отдано в разработку;;;Планы эвакуации;Отдано в разработку;Планы эвакуации;Отдано в разработку
37751615;https://alladin116.amocrm.ru/leads/detail/37751615;;Закрыто и не реализовано;14.05.2026;;;;;;;;;;;;;;;;;;;;;;;;;;;;;;;;;;;;;;;;;Другое;ОБРАБОТАНО КОММУТАТОРОМ;Другое;Закрыто и не реализовано;;;;;;;;;;;;;;;;;;;;;;;;;;;;;;;;;;;;;;;;;;;;;;;;
37751635;https://alladin116.amocrm.ru/leads/detail/37751635;;Закрыто и не реализовано;14.05.2026;;;;;;;;;;;;;;;;;;;;;;;;;;;;;;;;;;;;;;;;;Другое;ОБРАБОТАНО КОММУТАТОРОМ;Другое;ОБРАБОТАНО КОММУТАТОРОМ;Другое;ОБРАБОТАНО КОММУТАТОРОМ;Другое;ОБРАБОТАНО КОММУТАТОРОМ;Другое;ОБРАБОТАНО КОММУТАТОРОМ;Другое;ОБРАБОТАНО КОММУТАТОРОМ;АПС;Контрольный звонок КП;АПС;Контрольный звонок КП;АПС;Закрыто и не реализовано;;;;;;;;;;;;;;;;;;;;;;;;;;;;;;;;;;
37751643;https://alladin116.amocrm.ru/leads/detail/37751643;;;14.05.2026;;;Абонентка (первичная продажа);Кп отправлено;Абонентка (первичная продажа);Кп отправлено;;;Абонентка (первичная продажа);Кп отправлено;;;;;Абонентка (первичная продажа);Кп отправлено;;;Абонентка (первичная продажа);Кп отправлено;;;Абонентка (первичная продажа);Кп отправлено;;;Абонентка (первичная продажа);Кп отправлено;;;Абонентка (первичная продажа);Кп отправлено;;;;;;;;;АПС;Запросили данные;АПС;Контрольный звонок данные;АПС;Контрольный звонок данные;АПС;Контрольный звонок данные;АПС;Контрольный звонок данные;АПС;Контрольный звонок данные;Абонентка (первичная продажа);Кп отправлено;Абонентка (первичная продажа);Кп отправлено;Абонентка (первичная продажа);Кп отправлено;;;Абонентка (первичная продажа);Кп отправлено;;;Абонентка (первичная продажа);Кп отправлено;;;Абонентка (первичная продажа);Кп отправлено;Абонентка (первичная продажа);Кп отправлено;Абонентка (первичная продажа);Кп отправлено;;;Абонентка (первичная продажа);Кп отправлено;;;Абонентка (первичная продажа);Кп отправлено;;;Абонентка (первичная продажа);Кп отправлено;;;Абонентка (первичная продажа);Кп отправлено;Абонентка (первичная продажа);Кп отправлено
37751697;https://alladin116.amocrm.ru/leads/detail/37751697;;;14.05.2026;;;Документы ПБ;Контрольный звонок данные;Документы ПБ;Контрольный звонок данные;;;Документы ПБ;Контрольный звонок данные;;;;;Документы ПБ;Контрольный звонок данные;;;Документы ПБ;Контрольный звонок данные;;;Документы ПБ;Контрольный звонок данные;;;Документы ПБ;Контрольный звонок данные;;;Документы ПБ;Контрольный звонок данные;;;;;;;;;Документы ПБ;Запросили данные;Документы ПБ;Контрольный звонок данные;Документы ПБ;Контрольный звонок данные;Документы ПБ;Контрольный звонок данные;Документы ПБ;Контрольный звонок данные;Документы ПБ;Контрольный звонок данные;Документы ПБ;Контрольный звонок данные;Документы ПБ;Контрольный звонок данные;Документы ПБ;Контрольный звонок данные;;;Документы ПБ;Контрольный звонок данные;;;Документы ПБ;Контрольный звонок данные;;;Документы ПБ;Контрольный звонок данные;Документы ПБ;Контрольный звонок данные;Документы ПБ;Контрольный звонок данные;;;Документы ПБ;Контрольный звонок данные;;;Документы ПБ;Контрольный звонок данные;;;Документы ПБ;Контрольный звонок данные;;;Документы ПБ;Контрольный звонок данные;Документы ПБ;Контрольный звонок данные
37751701;https://alladin116.amocrm.ru/leads/detail/37751701;;Закрыто и не реализовано;14.05.2026;;;;;;;;;;;;;;;;;;;;;;;;;;;;;;;;;;;;;;;;;Другое;ОБРАБОТАНО КОММУТАТОРОМ;Другое;Закрыто и не реализовано;;;;;;;;;;;;;;;;;;;;;;;;;;;;;;;;;;;;;;;;;;;;;;;;
37751715;https://alladin116.amocrm.ru/leads/detail/37751715;;Закрыто и не реализовано;14.05.2026;;;;;;;;;;;;;;;;;;;;;;;;;;;;;;;;;;;;;;;;;Другое;ОБРАБОТАНО КОММУТАТОРОМ;Лиды обработка;Недозвон;Лиды обработка;Недозвон;Лиды обработка;Недозвон;Другое;Закрыто и не реализовано;;;;;;;;;;;;;;;;;;;;;;;;;;;;;;;;;;;;;;;;;;
37751721;https://alladin116.amocrm.ru/leads/detail/37751721;;Закрыто и не реализовано;14.05.2026;;;;;;;;;;;;;;;;;;;;;;;;;;;;;;;;;;;;;;;;;Другое;ОБРАБОТАНО КОММУТАТОРОМ;Другое;Закрыто и не реализовано;;;;;;;;;;;;;;;;;;;;;;;;;;;;;;;;;;;;;;;;;;;;;;;;
37751723;https://alladin116.amocrm.ru/leads/detail/37751723;;Закрыто и не реализовано;14.05.2026;;;;;;;;;;;;;;;;;;;;;;;;;;;;;;;;;;;;;;;;;Лиды обработка;Закрыто и не реализовано;;;;;;;;;;;;;;;;;;;;;;;;;;;;;;;;;;;;;;;;;;;;;;;;;;
37751727;https://alladin116.amocrm.ru/leads/detail/37751727;;Закрыто и не реализовано;14.05.2026;;;;;;;;;;;;;;;;;;;;;;;;;;;;;;;;;;;;;;;;;Другое;ОБРАБОТАНО КОММУТАТОРОМ;Другое;Закрыто и не реализовано;;;;;;;;;;;;;;;;;;;;;;;;;;;;;;;;;;;;;;;;;;;;;;;;
37751733;https://alladin116.amocrm.ru/leads/detail/37751733;;Закрыто и не реализовано;14.05.2026;;;;;;;;;;;;;;;;;;;;;;;;;;;;;;;;;;;;;;;;;Другое;ОБРАБОТАНО КОММУТАТОРОМ;Другое;ОБРАБОТАНО КОММУТАТОРОМ;Другое;ОБРАБОТАНО КОММУТАТОРОМ;Другое;ОБРАБОТАНО КОММУТАТОРОМ;Другое;ОБРАБОТАНО КОММУТАТОРОМ;Другое;ОБРАБОТАНО КОММУТАТОРОМ;Другое;Закрыто и не реализовано;;;;;;;;;;;;;;;;;;;;;;;;;;;;;;;;;;;;;;
37751747;https://alladin116.amocrm.ru/leads/detail/37751747;;Закрыто и не реализовано;14.05.2026;;;;;;;;;;;;;;;;;;;;;;;;;;;;;;;;;;;;;;;;;Другое;ОБРАБОТАНО КОММУТАТОРОМ;Лиды обработка;Недозвон;Лиды обработка;Недозвон;Лиды обработка;Недозвон;Лиды обработка;Недозвон;Лиды обработка;Недозвон;Лиды обработка;Недозвон;Лиды обработка;Недозвон;Лиды обработка;Недозвон;;;Лиды обработка;Закрыто и не реализовано;;;;;;;;;;;;;;;;;;;;;;;;;;;;;;
37751921;https://alladin116.amocrm.ru/leads/detail/37751921;;;15.05.2026;;;Другое;ОБРАБОТАНО КОММУТАТОРОМ;Другое;ОБРАБОТАНО КОММУТАТОРОМ;;;Другое;ОБРАБОТАНО КОММУТАТОРОМ;;;;;Другое;ОБРАБОТАНО КОММУТАТОРОМ;;;Другое;ОБРАБОТАНО КОММУТАТОРОМ;;;Другое;ОБРАБОТАНО КОММУТАТОРОМ;;;Другое;ОБРАБОТАНО КОММУТАТОРОМ;;;Другое;ОБРАБОТАНО КОММУТАТОРОМ;;;;;;;;;;;Другое;ОБРАБОТАНО КОММУТАТОРОМ;Другое;ОБРАБОТАНО КОММУТАТОРОМ;Другое;ОБРАБОТАНО КОММУТАТОРОМ;Другое;ОБРАБОТАНО КОММУТАТОРОМ;Другое;ОБРАБОТАНО КОММУТАТОРОМ;Другое;ОБРАБОТАНО КОММУТАТОРОМ;Другое;ОБРАБОТАНО КОММУТАТОРОМ;Другое;ОБРАБОТАНО КОММУТАТОРОМ;;;Другое;ОБРАБОТАНО КОММУТАТОРОМ;;;Другое;ОБРАБОТАНО КОММУТАТОРОМ;;;Другое;ОБРАБОТАНО КОММУТАТОРОМ;Другое;ОБРАБОТАНО КОММУТАТОРОМ;Другое;ОБРАБОТАНО КОММУТАТОРОМ;;;Другое;ОБРАБОТАНО КОММУТАТОРОМ;;;Другое;ОБРАБОТАНО КОММУТАТОРОМ;;;Другое;ОБРАБОТАНО КОММУТАТОРОМ;;;Другое;ОБРАБОТАНО КОММУТАТОРОМ;Другое;ОБРАБОТАНО КОММУТАТОРОМ
37751931;https://alladin116.amocrm.ru/leads/detail/37751931;;;15.05.2026;;;СТУ;ОБРАБОТАНО Коммутатором;СТУ;ОБРАБОТАНО Коммутатором;;;СТУ;ОБРАБОТАНО Коммутатором;;;;;СТУ;ОБРАБОТАНО Коммутатором;;;СТУ;ОБРАБОТАНО Коммутатором;;;СТУ;ОБРАБОТАНО Коммутатором;;;СТУ;ОБРАБОТАНО Коммутатором;;;СТУ;ОБРАБОТАНО Коммутатором;;;;;;;;;;;Другое;ОБРАБОТАНО КОММУТАТОРОМ;Другое;ОБРАБОТАНО КОММУТАТОРОМ;Другое;ОБРАБОТАНО КОММУТАТОРОМ;СТУ;ОБРАБОТАНО Коммутатором;СТУ;ОБРАБОТАНО Коммутатором;СТУ;ОБРАБОТАНО Коммутатором;СТУ;ОБРАБОТАНО Коммутатором;СТУ;ОБРАБОТАНО Коммутатором;;;СТУ;ОБРАБОТАНО Коммутатором;;;СТУ;ОБРАБОТАНО Коммутатором;;;СТУ;ОБРАБОТАНО Коммутатором;СТУ;ОБРАБОТАНО Коммутатором;СТУ;ОБРАБОТАНО Коммутатором;;;СТУ;ОБРАБОТАНО Коммутатором;;;СТУ;ОБРАБОТАНО Коммутатором;;;СТУ;ОБРАБОТАНО Коммутатором;;;СТУ;ОБРАБОТАНО Коммутатором;СТУ;ОБРАБОТАНО Коммутатором
37751937;https://alladin116.amocrm.ru/leads/detail/37751937;;Закрыто и не реализовано;15.05.2026;;;;;;;;;;;;;;;;;;;;;;;;;;;;;;;;;;;;;;;;;;;Абонентка (первичная продажа);Запросили данные;Абонентка (первичная продажа);Запросили данные;Абонентка (первичная продажа);Запросили данные;Абонентка (первичная продажа);Запросили данные;Абонентка (первичная продажа);Запросили данные;Абонентка (первичная продажа);Запросили данные;Абонентка (первичная продажа);Запросили данные;Абонентка (первичная продажа);Запросили данные;;;Абонентка (первичная продажа);Запросили данные;;;Абонентка (первичная продажа);Запросили данные;;;Абонентка (первичная продажа);Запросили данные;Абонентка (первичная продажа);Запросили данные;Абонентка (первичная продажа);Запросили данные;;;Абонентка (первичная продажа);Закрыто и не реализовано;;;;;;;;;;;;;;
37751943;https://alladin116.amocrm.ru/leads/detail/37751943;;Закрыто и не реализовано;15.05.2026;;;;;;;;;;;;;;;;;;;;;;;;;;;;;;;;;;;;;;;;;;;Планы эвакуации;Запросили данные;Планы эвакуации;Контрольный звонок данные;Планы эвакуации;Контрольный звонок данные;Планы эвакуации;Контрольный звонок данные;Планы эвакуации;Контрольный звонок данные;Планы эвакуации;Контрольный звонок данные;Планы эвакуации;Закрыто и не реализовано;;;;;;;;;;;;;;;;;;;;;;;;;;;;;;;;;;;;
37751963;https://alladin116.amocrm.ru/leads/detail/37751963;;Закрыто и не реализовано;15.05.2026;;;;;;;;;;;;;;;;;;;;;;;;;;;;;;;;;;;;;;;;;;;Другое;ОБРАБОТАНО КОММУТАТОРОМ;Другое;ОБРАБОТАНО КОММУТАТОРОМ;Другое;ОБРАБОТАНО КОММУТАТОРОМ;АПС;Запросили данные;АПС;Запросили данные;АПС;Закрыто и не реализовано;;;;;;;;;;;;;;;;;;;;;;;;;;;;;;;;;;;;;;
37751979;https://alladin116.amocrm.ru/leads/detail/37751979;;Закрыто и не реализовано;15.05.2026;;;;;;;;;;;;;;;;;;;;;;;;;;;;;;;;;;;;;;;;;;;Лиды обработка;Закрыто и не реализовано;;;;;;;;;;;;;;;;;;;;;;;;;;;;;;;;;;;;;;;;;;;;;;;;
37751991;https://alladin116.amocrm.ru/leads/detail/37751991;;;15.05.2026;;;Другое;ОБРАБОТАНО КОММУТАТОРОМ;Другое;ОБРАБОТАНО КОММУТАТОРОМ;;;Другое;ОБРАБОТАНО КОММУТАТОРОМ;;;;;Другое;ОБРАБОТАНО КОММУТАТОРОМ;;;Другое;ОБРАБОТАНО КОММУТАТОРОМ;;;Другое;ОБРАБОТАНО КОММУТАТОРОМ;;;Другое;ОБРАБОТАНО КОММУТАТОРОМ;;;Другое;ОБРАБОТАНО КОММУТАТОРОМ;;;;;;;;;;;Другое;ОБРАБОТАНО КОММУТАТОРОМ;Другое;ОБРАБОТАНО КОММУТАТОРОМ;Другое;ОБРАБОТАНО КОММУТАТОРОМ;Другое;ОБРАБОТАНО КОММУТАТОРОМ;Другое;ОБРАБОТАНО КОММУТАТОРОМ;Другое;ОБРАБОТАНО КОММУТАТОРОМ;Другое;ОБРАБОТАНО КОММУТАТОРОМ;Другое;ОБРАБОТАНО КОММУТАТОРОМ;;;Другое;ОБРАБОТАНО КОММУТАТОРОМ;;;Другое;ОБРАБОТАНО КОММУТАТОРОМ;;;Другое;ОБРАБОТАНО КОММУТАТОРОМ;Другое;ОБРАБОТАНО КОММУТАТОРОМ;Другое;ОБРАБОТАНО КОММУТАТОРОМ;;;Другое;ОБРАБОТАНО КОММУТАТОРОМ;;;Другое;ОБРАБОТАНО КОММУТАТОРОМ;;;Другое;ОБРАБОТАНО КОММУТАТОРОМ;;;Другое;ОБРАБОТАНО КОММУТАТОРОМ;Другое;ОБРАБОТАНО КОММУТАТОРОМ
37751993;https://alladin116.amocrm.ru/leads/detail/37751993;;Закрыто и не реализовано;15.05.2026;;;;;;;;;;;;;;;;;;;;;;;;;;;;;;;;;;;;;;;;;;;Другое;Закрыто и не реализовано;;;;;;;;;;;;;;;;;;;;;;;;;;;;;;;;;;;;;;;;;;;;;;;;
37752019;https://alladin116.amocrm.ru/leads/detail/37752019;;Закрыто и не реализовано;15.05.2026;;;Планы эвакуации;Контрольный звонок данные;Планы эвакуации;Контрольный звонок данные;;;Планы эвакуации;Закрыто и не реализовано;;;;;;;;;;;;;;;;;;;;;;;;;;;;;;;;;Лиды обработка;Недозвон;Лиды обработка;Недозвон;Лиды обработка;Недозвон;Планы эвакуации;Контрольный звонок данные;Планы эвакуации;Контрольный звонок данные;Планы эвакуации;Контрольный звонок данные;Планы эвакуации;Контрольный звонок данные;Планы эвакуации;Контрольный звонок данные;;;Планы эвакуации;Контрольный звонок данные;;;Планы эвакуации;Контрольный звонок данные;;;Планы эвакуации;Контрольный звонок данные;Планы эвакуации;Контрольный звонок данные;Планы эвакуации;Контрольный звонок данные;;;Планы эвакуации;Контрольный звонок данные;;;Планы эвакуации;Контрольный звонок данные;;;Планы эвакуации;Контрольный звонок данные;;;Планы эвакуации;Контрольный звонок данные;Планы эвакуации;Контрольный звонок данные
37752025;https://alladin116.amocrm.ru/leads/detail/37752025;;Закрыто и не реализовано;15.05.2026;;;;;;;;;;;;;;;;;;;;;;;;;;;;;;;;;;;;;;;;;;;Другое;ОБРАБОТАНО КОММУТАТОРОМ;Другое;ОБРАБОТАНО КОММУТАТОРОМ;Другое;ОБРАБОТАНО КОММУТАТОРОМ;Другое;ОБРАБОТАНО КОММУТАТОРОМ;Другое;ОБРАБОТАНО КОММУТАТОРОМ;Другое;Закрыто и не реализовано;;;;;;;;;;;;;;;;;;;;;;;;;;;;;;;;;;;;;;
37752043;https://alladin116.amocrm.ru/leads/detail/37752043;;Закрыто и не реализовано;15.05.2026;;;;;;;;;;;;;;;;;;;;;;;;;;;;;;;;;;;;;;;;;;;Другое;ОБРАБОТАНО КОММУТАТОРОМ;Другое;ОБРАБОТАНО КОММУТАТОРОМ;Другое;ОБРАБОТАНО КОММУТАТОРОМ;Другое;ОБРАБОТАНО КОММУТАТОРОМ;Другое;ОБРАБОТАНО КОММУТАТОРОМ;Другое;ОБРАБОТАНО КОММУТАТОРОМ;Другое;ОБРАБОТАНО КОММУТАТОРОМ;АПС;ДАННЫЕ ПРЕДОСТАВЛЕНЫ;;;АПС;ДАННЫЕ ПРЕДОСТАВЛЕНЫ;;;АПС;ДАННЫЕ ПРЕДОСТАВЛЕНЫ;;;АПС;ДАННЫЕ ПРЕДОСТАВЛЕНЫ;АПС;Закрыто и не реализовано;;;;;;;;;;;;;;;;;;;;
37752045;https://alladin116.amocrm.ru/leads/detail/37752045;;Закрыто и не реализовано;15.05.2026;;;;;;;;;;;;;;;;;;;;;;;;;;;;;;;;;;;;;;;;;;;Другое;ОБРАБОТАНО КОММУТАТОРОМ;Другое;ОБРАБОТАНО КОММУТАТОРОМ;Другое;ОБРАБОТАНО КОММУТАТОРОМ;НОР;Закрыто и не реализовано;;;;;;;;;;;;;;;;;;;;;;;;;;;;;;;;;;;;;;;;;;
37752057;https://alladin116.amocrm.ru/leads/detail/37752057;;;15.05.2026;;;Документы ПБ;Контрольный звонок данные;Документы ПБ;Контрольный звонок данные;;;Документы ПБ;Контрольный звонок данные;;;;;Документы ПБ;Контрольный звонок данные;;;Документы ПБ;Контрольный звонок данные;;;Документы ПБ;Контрольный звонок данные;;;Документы ПБ;Контрольный звонок данные;;;Документы ПБ;Контрольный звонок данные;;;;;;;;;;;Другое;Запросили данные;Другое;Контрольный звонок данные;Другое;Контрольный звонок данные;Документы ПБ;Контрольный звонок данные;Документы ПБ;Контрольный звонок данные;Документы ПБ;Контрольный звонок данные;Документы ПБ;Контрольный звонок данные;Документы ПБ;Контрольный звонок данные;;;Документы ПБ;Контрольный звонок данные;;;Документы ПБ;Контрольный звонок данные;;;Документы ПБ;Контрольный звонок данные;Документы ПБ;Контрольный звонок данные;Документы ПБ;Контрольный звонок данные;;;Документы ПБ;Контрольный звонок данные;;;Документы ПБ;Контрольный звонок данные;;;Документы ПБ;Контрольный звонок данные;;;Документы ПБ;Контрольный звонок данные;Документы ПБ;Контрольный звонок данные
37752071;https://alladin116.amocrm.ru/leads/detail/37752071;;Закрыто и не реализовано;15.05.2026;;;;;;;;;;;;;;;;;;;;;;;;;;;;;;;;;;;;;;;;;;;Документы ПБ;Закрыто и не реализовано;;;;;;;;;;;;;;;;;;;;;;;;;;;;;;;;;;;;;;;;;;;;;;;;
37752073;https://alladin116.amocrm.ru/leads/detail/37752073;;Закрыто и не реализовано;15.05.2026;;;;;;;;;;;;;;;;;;;;;;;;;;;;;;;;;;;;;;;;;;;Лиды обработка;Закрыто и не реализовано;;;;;;;;;;;;;;;;;;;;;;;;;;;;;;;;;;;;;;;;;;;;;;;;
37752083;https://alladin116.amocrm.ru/leads/detail/37752083;;Закрыто и не реализовано;15.05.2026;;;;;;;;;;;;;;;;;;;;;;;;;;;;;;;;;;;;;;;;;;;Расчет рисков;ДАННЫЕ ПРЕДОСТАВЛЕНЫ;Расчет рисков;ДАННЫЕ ПРЕДОСТАВЛЕНЫ;Расчет рисков;ДАННЫЕ ПРЕДОСТАВЛЕНЫ;Расчет рисков;Закрыто и не реализовано;;;;;;;;;;;;;;;;;;;;;;;;;;;;;;;;;;;;;;;;;;
37752101;https://alladin116.amocrm.ru/leads/detail/37752101;;Закрыто и не реализовано;15.05.2026;;;;;;;;;;;;;;;;;;;;;;;;;;;;;;;;;;;;;;;;;;;Другое;ОБРАБОТАНО КОММУТАТОРОМ;Другое;ОБРАБОТАНО КОММУТАТОРОМ;Другое;ОБРАБОТАНО КОММУТАТОРОМ;Другое;Закрыто и не реализовано;;;;;;;;;;;;;;;;;;;;;;;;;;;;;;;;;;;;;;;;;;
37752117;https://alladin116.amocrm.ru/leads/detail/37752117;;;15.05.2026;;;Другое;ОБРАБОТАНО КОММУТАТОРОМ;Другое;ОБРАБОТАНО КОММУТАТОРОМ;;;Другое;ОБРАБОТАНО КОММУТАТОРОМ;;;;;Другое;ОБРАБОТАНО КОММУТАТОРОМ;;;Другое;ОБРАБОТАНО КОММУТАТОРОМ;;;Другое;ОБРАБОТАНО КОММУТАТОРОМ;;;Другое;ОБРАБОТАНО КОММУТАТОРОМ;;;Другое;ОБРАБОТАНО КОММУТАТОРОМ;;;;;;;;;;;Другое;ОБРАБОТАНО КОММУТАТОРОМ;Другое;ОБРАБОТАНО КОММУТАТОРОМ;Другое;ОБРАБОТАНО КОММУТАТОРОМ;Другое;ОБРАБОТАНО КОММУТАТОРОМ;Другое;ОБРАБОТАНО КОММУТАТОРОМ;Другое;ОБРАБОТАНО КОММУТАТОРОМ;Другое;ОБРАБОТАНО КОММУТАТОРОМ;Другое;ОБРАБОТАНО КОММУТАТОРОМ;;;Другое;ОБРАБОТАНО КОММУТАТОРОМ;;;Другое;ОБРАБОТАНО КОММУТАТОРОМ;;;Другое;ОБРАБОТАНО КОММУТАТОРОМ;Другое;ОБРАБОТАНО КОММУТАТОРОМ;Другое;ОБРАБОТАНО КОММУТАТОРОМ;;;Другое;ОБРАБОТАНО КОММУТАТОРОМ;;;Другое;ОБРАБОТАНО КОММУТАТОРОМ;;;Другое;ОБРАБОТАНО КОММУТАТОРОМ;;;Другое;ОБРАБОТАНО КОММУТАТОРОМ;Другое;ОБРАБОТАНО КОММУТАТОРОМ
37752155;https://alladin116.amocrm.ru/leads/detail/37752155;;;15.05.2026;;;Другое;ОБРАБОТАНО КОММУТАТОРОМ;Другое;ОБРАБОТАНО КОММУТАТОРОМ;;;Другое;ОБРАБОТАНО КОММУТАТОРОМ;;;;;Другое;ОБРАБОТАНО КОММУТАТОРОМ;;;Другое;ОБРАБОТАНО КОММУТАТОРОМ;;;Другое;ОБРАБОТАНО КОММУТАТОРОМ;;;Другое;ОБРАБОТАНО КОММУТАТОРОМ;;;Другое;ОБРАБОТАНО КОММУТАТОРОМ;;;;;;;;;;;Другое;ОБРАБОТАНО КОММУТАТОРОМ;Другое;ОБРАБОТАНО КОММУТАТОРОМ;Другое;ОБРАБОТАНО КОММУТАТОРОМ;Другое;ОБРАБОТАНО КОММУТАТОРОМ;Другое;ОБРАБОТАНО КОММУТАТОРОМ;Другое;ОБРАБОТАНО КОММУТАТОРОМ;Другое;ОБРАБОТАНО КОММУТАТОРОМ;Другое;ОБРАБОТАНО КОММУТАТОРОМ;;;Другое;ОБРАБОТАНО КОММУТАТОРОМ;;;Другое;ОБРАБОТАНО КОММУТАТОРОМ;;;Другое;ОБРАБОТАНО КОММУТАТОРОМ;Другое;ОБРАБОТАНО КОММУТАТОРОМ;Другое;ОБРАБОТАНО КОММУТАТОРОМ;;;Другое;ОБРАБОТАНО КОММУТАТОРОМ;;;Другое;ОБРАБОТАНО КОММУТАТОРОМ;;;Другое;ОБРАБОТАНО КОММУТАТОРОМ;;;Другое;ОБРАБОТАНО КОММУТАТОРОМ;Другое;ОБРАБОТАНО КОММУТАТОРОМ
37752851;https://alladin116.amocrm.ru/leads/detail/37752851;;Закрыто и не реализовано;18.05.2026;;;;;;;;;;;;;;;;;;;;;;;;;;;;;;;;;;;;;;;;;;;;;;;;;;;Другое;ОБРАБОТАНО КОММУТАТОРОМ;Другое;Закрыто и не реализовано;;;;;;;;;;;;;;;;;;;;;;;;;;;;;;;;;;;;;;
37752859;https://alladin116.amocrm.ru/leads/detail/37752859;;;18.05.2026;;;СТУ;ОБРАБОТАНО Коммутатором;СТУ;ОБРАБОТАНО Коммутатором;;;СТУ;ОБРАБОТАНО Коммутатором;;;;;СТУ;ОБРАБОТАНО Коммутатором;;;СТУ;ОБРАБОТАНО Коммутатором;;;СТУ;ОБРАБОТАНО Коммутатором;;;СТУ;ОБРАБОТАНО Коммутатором;;;СТУ;ОБРАБОТАНО Коммутатором;;;;;;;;;;;;;;;;;;;СТУ;ОБРАБОТАНО Коммутатором;СТУ;ОБРАБОТАНО Коммутатором;СТУ;ОБРАБОТАНО Коммутатором;СТУ;ОБРАБОТАНО Коммутатором;;;СТУ;ОБРАБОТАНО Коммутатором;;;СТУ;ОБРАБОТАНО Коммутатором;;;СТУ;ОБРАБОТАНО Коммутатором;СТУ;ОБРАБОТАНО Коммутатором;СТУ;ОБРАБОТАНО Коммутатором;;;СТУ;ОБРАБОТАНО Коммутатором;;;СТУ;ОБРАБОТАНО Коммутатором;;;СТУ;ОБРАБОТАНО Коммутатором;;;СТУ;ОБРАБОТАНО Коммутатором;СТУ;ОБРАБОТАНО Коммутатором
37752869;https://alladin116.amocrm.ru/leads/detail/37752869;;Закрыто и не реализовано;18.05.2026;;;;;;;;;;;;;;;;;;;;;;;;;;;;;;;;;;;;;;;;;;;;;;;;;;;Лиды обработка;Скорозвон;Другое;ОБРАБОТАНО КОММУТАТОРОМ;Другое;ОБРАБОТАНО КОММУТАТОРОМ;Другое;Закрыто и не реализовано;;;;;;;;;;;;;;;;;;;;;;;;;;;;;;;;;;
37752879;https://alladin116.amocrm.ru/leads/detail/37752879;;Закрыто и не реализовано;18.05.2026;;;;;;;;;;;;;;;;;;;;;;;;;;;;;;;;;;;;;;;;;;;;;;;;;;;Планы эвакуации;ОБРАБОТАНО КОММУТАТОРОМ;Планы эвакуации;Закрыто и не реализовано;;;;;;;;;;;;;;;;;;;;;;;;;;;;;;;;;;;;;;
37752887;https://alladin116.amocrm.ru/leads/detail/37752887;;Закрыто и не реализовано;18.05.2026;;;;;;;;;;;;;;;;;;;;;;;;;;;;;;;;;;;;;;;;;;;;;;;;;;;Другое;Закрыто и не реализовано;;;;;;;;;;;;;;;;;;;;;;;;;;;;;;;;;;;;;;;;
37752951;https://alladin116.amocrm.ru/leads/detail/37752951;;;18.05.2026;;;Другое;ДАННЫЕ ПРЕДОСТАВЛЕНЫ;Другое;ДАННЫЕ ПРЕДОСТАВЛЕНЫ;;;Другое;ДАННЫЕ ПРЕДОСТАВЛЕНЫ;;;;;Другое;ДАННЫЕ ПРЕДОСТАВЛЕНЫ;;;Другое;ДАННЫЕ ПРЕДОСТАВЛЕНЫ;;;Другое;ДАННЫЕ ПРЕДОСТАВЛЕНЫ;;;Другое;ДАННЫЕ ПРЕДОСТАВЛЕНЫ;;;Другое;ДАННЫЕ ПРЕДОСТАВЛЕНЫ;;;;;;;;;;;;;;;;;;;СТУ;ОБРАБОТАНО Коммутатором;Расчет рисков;ДАННЫЕ ПРЕДОСТАВЛЕНЫ;Другое;Контрольный звонок данные;Другое;Контрольный звонок данные;;;Другое;Контрольный звонок данные;;;Другое;Контрольный звонок данные;;;Другое;Контрольный звонок данные;Другое;ДАННЫЕ ПРЕДОСТАВЛЕНЫ;Другое;ДАННЫЕ ПРЕДОСТАВЛЕНЫ;;;Другое;ДАННЫЕ ПРЕДОСТАВЛЕНЫ;;;Другое;ДАННЫЕ ПРЕДОСТАВЛЕНЫ;;;Другое;ДАННЫЕ ПРЕДОСТАВЛЕНЫ;;;Другое;ДАННЫЕ ПРЕДОСТАВЛЕНЫ;Другое;ДАННЫЕ ПРЕДОСТАВЛЕНЫ
37752969;https://alladin116.amocrm.ru/leads/detail/37752969;;Закрыто и не реализовано;18.05.2026;;;;;;;;;;;;;;;;;;;;;;;;;;;;;;;;;;;;;;;;;;;;;;;;;;;Другое;Закрыто и не реализовано;;;;;;;;;;;;;;;;;;;;;;;;;;;;;;;;;;;;;;;;
37752973;https://alladin116.amocrm.ru/leads/detail/37752973;;Закрыто и не реализовано;18.05.2026;;;;;;;;;;;;;;;;;;;;;;;;;;;;;;;;;;;;;;;;;;;;;;;;;;;Другое;Закрыто и не реализовано;;;;;;;;;;;;;;;;;;;;;;;;;;;;;;;;;;;;;;;;
37752987;https://alladin116.amocrm.ru/leads/detail/37752987;;Закрыто и не реализовано;18.05.2026;;;;;;;;;;;;;;;;;;;;;;;;;;;;;;;;;;;;;;;;;;;;;;;;;;;Другое;ОБРАБОТАНО КОММУТАТОРОМ;Другое;Закрыто и не реализовано;;;;;;;;;;;;;;;;;;;;;;;;;;;;;;;;;;;;;;
37752989;https://alladin116.amocrm.ru/leads/detail/37752989;;Закрыто и не реализовано;18.05.2026;;;;;;;;;;;;;;;;;;;;;;;;;;;;;;;;;;;;;;;;;;;;;;;;;;;Другое;ОБРАБОТАНО КОММУТАТОРОМ;Другое;Закрыто и не реализовано;;;;;;;;;;;;;;;;;;;;;;;;;;;;;;;;;;;;;;
37753007;https://alladin116.amocrm.ru/leads/detail/37753007;;Закрыто и не реализовано;18.05.2026;;;;;;;;;;;;;;;;;;;;;;;;;;;;;;;;;;;;;;;;;;;;;;;;;;;Другое;Закрыто и не реализовано;;;;;;;;;;;;;;;;;;;;;;;;;;;;;;;;;;;;;;;;
37753029;https://alladin116.amocrm.ru/leads/detail/37753029;;Закрыто и не реализовано;18.05.2026;;;;;;;;;;;;;;;;;;;;;;;;;;;;;;;;;;;;;;;;;;;;;;;;;;;Другое;Закрыто и не реализовано;;;;;;;;;;;;;;;;;;;;;;;;;;;;;;;;;;;;;;;;
37753035;https://alladin116.amocrm.ru/leads/detail/37753035;;Закрыто и не реализовано;18.05.2026;;;;;;;;;;;;;;;;;;;;;;;;;;;;;;;;;;;;;;;;;;;;;;;;;;;СТУ;ОБРАБОТАНО Коммутатором;СТУ;ОБРАБОТАНО Коммутатором;СТУ;ОБРАБОТАНО Коммутатором;СТУ;ОБРАБОТАНО Коммутатором;;;СТУ;ОБРАБОТАНО Коммутатором;;;СТУ;ОБРАБОТАНО Коммутатором;;;СТУ;ОБРАБОТАНО Коммутатором;СТУ;Закрыто и не реализовано;;;;;;;;;;;;;;;;;;;;
37753041;https://alladin116.amocrm.ru/leads/detail/37753041;;Закрыто и не реализовано;18.05.2026;;;;;;;;;;;;;;;;;;;;;;;;;;;;;;;;;;;;;;;;;;;;;;;;;;;Другое;Закрыто и не реализовано;;;;;;;;;;;;;;;;;;;;;;;;;;;;;;;;;;;;;;;;
37753045;https://alladin116.amocrm.ru/leads/detail/37753045;;Закрыто и не реализовано;18.05.2026;;;;;;;;;;;;;;;;;;;;;;;;;;;;;;;;;;;;;;;;;;;;;;;;;;;Другое;Закрыто и не реализовано;;;;;;;;;;;;;;;;;;;;;;;;;;;;;;;;;;;;;;;;
37753049;https://alladin116.amocrm.ru/leads/detail/37753049;;Закрыто и не реализовано;18.05.2026;;;;;;;;;;;;;;;;;;;;;;;;;;;;;;;;;;;;;;;;;;;;;;;;;;;Лиды обработка;Недозвон;Лиды обработка;Недозвон;Лиды обработка;Недозвон;Другое;ОБРАБОТАНО КОММУТАТОРОМ;;;Другое;ОБРАБОТАНО КОММУТАТОРОМ;;;Другое;ОБРАБОТАНО КОММУТАТОРОМ;;;Другое;ОБРАБОТАНО КОММУТАТОРОМ;Другое;ОБРАБОТАНО КОММУТАТОРОМ;Другое;ОБРАБОТАНО КОММУТАТОРОМ;;;Другое;Закрыто и не реализовано;;;;;;;;;;;;;;
37753063;https://alladin116.amocrm.ru/leads/detail/37753063;;Закрыто и не реализовано;18.05.2026;;;;;;;;;;;;;;;;;;;;;;;;;;;;;;;;;;;;;;;;;;;;;;;;;;;Другое;Закрыто и не реализовано;;;;;;;;;;;;;;;;;;;;;;;;;;;;;;;;;;;;;;;;
37753115;https://alladin116.amocrm.ru/leads/detail/37753115;;;19.05.2026;;;Документы ПБ;Контрольный звонок данные;Документы ПБ;Контрольный звонок данные;;;Документы ПБ;Контрольный звонок данные;;;;;Документы ПБ;Контрольный звонок данные;;;Документы ПБ;Контрольный звонок данные;;;Документы ПБ;Контрольный звонок данные;;;Документы ПБ;Контрольный звонок данные;;;Документы ПБ;Контрольный звонок данные;;;;;;;;;;;;;;;;;;;;;Документы ПБ;Запросили данные;Документы ПБ;Контрольный звонок данные;Документы ПБ;Контрольный звонок данные;;;Документы ПБ;Контрольный звонок данные;;;Документы ПБ;Контрольный звонок данные;;;Документы ПБ;Контрольный звонок данные;Документы ПБ;Контрольный звонок данные;Документы ПБ;Контрольный звонок данные;;;Документы ПБ;Контрольный звонок данные;;;Документы ПБ;Контрольный звонок данные;;;Документы ПБ;Контрольный звонок данные;;;Документы ПБ;Контрольный звонок данные;Документы ПБ;Контрольный звонок данные
37753129;https://alladin116.amocrm.ru/leads/detail/37753129;;Закрыто и не реализовано;19.05.2026;;;;;;;;;;;;;;;;;;;;;;;;;;;;;;;;;;;;;;;;;;;;;;;;;;;;;Лиды обработка;Недозвон;Лиды обработка;Недозвон;Другое;Закрыто и не реализовано;;;;;;;;;;;;;;;;;;;;;;;;;;;;;;;;;;
37753145;https://alladin116.amocrm.ru/leads/detail/37753145;;;19.05.2026;;;СТУ;ОБРАБОТАНО Коммутатором;СТУ;ОБРАБОТАНО Коммутатором;;;СТУ;ОБРАБОТАНО Коммутатором;;;;;СТУ;ОБРАБОТАНО Коммутатором;;;СТУ;ОБРАБОТАНО Коммутатором;;;СТУ;ОБРАБОТАНО Коммутатором;;;СТУ;ОБРАБОТАНО Коммутатором;;;СТУ;ОБРАБОТАНО Коммутатором;;;;;;;;;;;;;;;;;;;;;СТУ;ОБРАБОТАНО Коммутатором;СТУ;ОБРАБОТАНО Коммутатором;СТУ;ОБРАБОТАНО Коммутатором;;;СТУ;ОБРАБОТАНО Коммутатором;;;СТУ;ОБРАБОТАНО Коммутатором;;;СТУ;ОБРАБОТАНО Коммутатором;СТУ;ОБРАБОТАНО Коммутатором;СТУ;ОБРАБОТАНО Коммутатором;;;СТУ;ОБРАБОТАНО Коммутатором;;;СТУ;ОБРАБОТАНО Коммутатором;;;СТУ;ОБРАБОТАНО Коммутатором;;;СТУ;ОБРАБОТАНО Коммутатором;СТУ;ОБРАБОТАНО Коммутатором
37753147;https://alladin116.amocrm.ru/leads/detail/37753147;;Закрыто и не реализовано;19.05.2026;;;;;;;;;;;;;;;;;;;;;;;;;;;;;;;;;;;;;;;;;;;;;;;;;;;;;Лиды обработка;Закрыто и не реализовано;;;;;;;;;;;;;;;;;;;;;;;;;;;;;;;;;;;;;;
37753157;https://alladin116.amocrm.ru/leads/detail/37753157;;Закрыто и не реализовано;19.05.2026;;;;;;;;;;;;;;;;;;;;;;;;;;;;;;;;;;;;;;;;;;;;;;;;;;;;;Другое;Закрыто и не реализовано;;;;;;;;;;;;;;;;;;;;;;;;;;;;;;;;;;;;;;
37753173;https://alladin116.amocrm.ru/leads/detail/37753173;;Закрыто и не реализовано;19.05.2026;;;;;;;;;;;;;;;;;;;;;;;;;;;;;;;;;;;;;;;;;;;;;;;;;;;;;Лиды обработка;Скорозвон;АПС;Закрыто и не реализовано;;;;;;;;;;;;;;;;;;;;;;;;;;;;;;;;;;;;
37753187;https://alladin116.amocrm.ru/leads/detail/37753187;;;19.05.2026;;;Другое;ОБРАБОТАНО КОММУТАТОРОМ;Другое;ОБРАБОТАНО КОММУТАТОРОМ;;;Другое;ОБРАБОТАНО КОММУТАТОРОМ;;;;;Другое;ОБРАБОТАНО КОММУТАТОРОМ;;;Другое;ОБРАБОТАНО КОММУТАТОРОМ;;;Другое;ОБРАБОТАНО КОММУТАТОРОМ;;;Другое;ОБРАБОТАНО КОММУТАТОРОМ;;;Другое;ОБРАБОТАНО КОММУТАТОРОМ;;;;;;;;;;;;;;;;;;;;;Лиды обработка;Недозвон;Другое;ОБРАБОТАНО КОММУТАТОРОМ;Другое;ОБРАБОТАНО КОММУТАТОРОМ;;;Другое;ОБРАБОТАНО КОММУТАТОРОМ;;;Другое;ОБРАБОТАНО КОММУТАТОРОМ;;;Другое;ОБРАБОТАНО КОММУТАТОРОМ;Другое;ОБРАБОТАНО КОММУТАТОРОМ;Другое;ОБРАБОТАНО КОММУТАТОРОМ;;;Другое;ОБРАБОТАНО КОММУТАТОРОМ;;;Другое;ОБРАБОТАНО КОММУТАТОРОМ;;;Другое;ОБРАБОТАНО КОММУТАТОРОМ;;;Другое;ОБРАБОТАНО КОММУТАТОРОМ;Другое;ОБРАБОТАНО КОММУТАТОРОМ
37753225;https://alladin116.amocrm.ru/leads/detail/37753225;;Закрыто и не реализовано;19.05.2026;;;;;;;;;;;;;;;;;;;;;;;;;;;;;;;;;;;;;;;;;;;;;;;;;;;;;АПС;Закрыто и не реализовано;;;;;;;;;;;;;;;;;;;;;;;;;;;;;;;;;;;;;;
37753251;https://alladin116.amocrm.ru/leads/detail/37753251;;Закрыто и не реализовано;19.05.2026;;;;;;;;;;;;;;;;;;;;;;;;;;;;;;;;;;;;;;;;;;;;;;;;;;;;;СТУ;ОБРАБОТАНО Коммутатором;СТУ;ОБРАБОТАНО Коммутатором;СТУ;Закрыто и не реализовано;;;;;;;;;;;;;;;;;;;;;;;;;;;;;;;;;;
37753255;https://alladin116.amocrm.ru/leads/detail/37753255;;Закрыто и не реализовано;19.05.2026;;;;;;;;;;;;;;;;;;;;;;;;;;;;;;;;;;;;;;;;;;;;;;;;;;;;;Другое;Закрыто и не реализовано;;;;;;;;;;;;;;;;;;;;;;;;;;;;;;;;;;;;;;
37753259;https://alladin116.amocrm.ru/leads/detail/37753259;;Закрыто и не реализовано;19.05.2026;;;;;;;;;;;;;;;;;;;;;;;;;;;;;;;;;;;;;;;;;;;;;;;;;;;;;Лиды обработка;Закрыто и не реализовано;;;;;;;;;;;;;;;;;;;;;;;;;;;;;;;;;;;;;;
37753351;https://alladin116.amocrm.ru/leads/detail/37753351;;Закрыто и не реализовано;20.05.2026;;;;;;;;;;;;;;;;;;;;;;;;;;;;;;;;;;;;;;;;;;;;;;;;;;;;;;;Лиды обработка;Закрыто и не реализовано;;;;;;;;;;;;;;;;;;;;;;;;;;;;;;;;;;;;
37753363;https://alladin116.amocrm.ru/leads/detail/37753363;;;20.05.2026;;;Другое;Контрольный звонок КП договоренности;Другое;Контрольный звонок КП договоренности;;;Другое;Контрольный звонок КП договоренности;;;;;Другое;Контрольный звонок КП договоренности;;;Другое;Контрольный звонок КП договоренности;;;Другое;Контрольный звонок КП договоренности;;;Другое;Контрольный звонок КП договоренности;;;Другое;Контрольный звонок КП договоренности;;;;;;;;;;;;;;;;;;;;;;;Другое;Контрольный звонок КП договоренности;Другое;Контрольный звонок КП договоренности;;;Другое;Контрольный звонок КП договоренности;;;Другое;Контрольный звонок КП договоренности;;;Другое;Контрольный звонок КП договоренности;Другое;Контрольный звонок КП договоренности;Другое;Контрольный звонок КП договоренности;;;Другое;Контрольный звонок КП договоренности;;;Другое;Контрольный звонок КП договоренности;;;Другое;Контрольный звонок КП договоренности;;;Другое;Контрольный звонок КП договоренности;Другое;Контрольный звонок КП договоренности
37753373;https://alladin116.amocrm.ru/leads/detail/37753373;;Закрыто и не реализовано;20.05.2026;;;;;;;;;;;;;;;;;;;;;;;;;;;;;;;;;;;;;;;;;;;;;;;;;;;;;;;Лиды обработка;Закрыто и не реализовано;;;;;;;;;;;;;;;;;;;;;;;;;;;;;;;;;;;;
37753397;https://alladin116.amocrm.ru/leads/detail/37753397;;;20.05.2026;;;Документы ПБ;ДАННЫЕ ПРЕДОСТАВЛЕНЫ;Документы ПБ;ДАННЫЕ ПРЕДОСТАВЛЕНЫ;;;Документы ПБ;ДАННЫЕ ПРЕДОСТАВЛЕНЫ;;;;;Документы ПБ;ДАННЫЕ ПРЕДОСТАВЛЕНЫ;;;Документы ПБ;ДАННЫЕ ПРЕДОСТАВЛЕНЫ;;;Документы ПБ;ДАННЫЕ ПРЕДОСТАВЛЕНЫ;;;Документы ПБ;ДАННЫЕ ПРЕДОСТАВЛЕНЫ;;;Документы ПБ;ДАННЫЕ ПРЕДОСТАВЛЕНЫ;;;;;;;;;;;;;;;;;;;;;;;Документы ПБ;ДАННЫЕ ПРЕДОСТАВЛЕНЫ;Документы ПБ;ДАННЫЕ ПРЕДОСТАВЛЕНЫ;;;Документы ПБ;ДАННЫЕ ПРЕДОСТАВЛЕНЫ;;;Документы ПБ;ДАННЫЕ ПРЕДОСТАВЛЕНЫ;;;Документы ПБ;ДАННЫЕ ПРЕДОСТАВЛЕНЫ;Документы ПБ;ДАННЫЕ ПРЕДОСТАВЛЕНЫ;Документы ПБ;ДАННЫЕ ПРЕДОСТАВЛЕНЫ;;;Документы ПБ;ДАННЫЕ ПРЕДОСТАВЛЕНЫ;;;Документы ПБ;ДАННЫЕ ПРЕДОСТАВЛЕНЫ;;;Документы ПБ;ДАННЫЕ ПРЕДОСТАВЛЕНЫ;;;Документы ПБ;ДАННЫЕ ПРЕДОСТАВЛЕНЫ;Документы ПБ;ДАННЫЕ ПРЕДОСТАВЛЕНЫ
37753401;https://alladin116.amocrm.ru/leads/detail/37753401;;Закрыто и не реализовано;20.05.2026;;;;;;;;;;;;;;;;;;;;;;;;;;;;;;;;;;;;;;;;;;;;;;;;;;;;;;;Другое;Закрыто и не реализовано;;;;;;;;;;;;;;;;;;;;;;;;;;;;;;;;;;;;
37753407;https://alladin116.amocrm.ru/leads/detail/37753407;;Закрыто и не реализовано;20.05.2026;;;;;;;;;;;;;;;;;;;;;;;;;;;;;;;;;;;;;;;;;;;;;;;;;;;;;;;Лиды обработка;Закрыто и не реализовано;;;;;;;;;;;;;;;;;;;;;;;;;;;;;;;;;;;;
37753411;https://alladin116.amocrm.ru/leads/detail/37753411;;Закрыто и не реализовано;20.05.2026;;;;;;;;;;;;;;;;;;;;;;;;;;;;;;;;;;;;;;;;;;;;;;;;;;;;;;;Другое;Закрыто и не реализовано;;;;;;;;;;;;;;;;;;;;;;;;;;;;;;;;;;;;
37753429;https://alladin116.amocrm.ru/leads/detail/37753429;;Закрыто и не реализовано;20.05.2026;;;;;;;;;;;;;;;;;;;;;;;;;;;;;;;;;;;;;;;;;;;;;;;;;;;;;;;Другое;Закрыто и не реализовано;;;;;;;;;;;;;;;;;;;;;;;;;;;;;;;;;;;;
37753443;https://alladin116.amocrm.ru/leads/detail/37753443;;Закрыто и не реализовано;20.05.2026;;;;;;;;;;;;;;;;;;;;;;;;;;;;;;;;;;;;;;;;;;;;;;;;;;;;;;;СТУ;ОБРАБОТАНО Коммутатором;СТУ;ОБРАБОТАНО Коммутатором;;;СТУ;Закрыто и не реализовано;;;;;;;;;;;;;;;;;;;;;;;;;;;;;;
37753449;https://alladin116.amocrm.ru/leads/detail/37753449;;Закрыто и не реализовано;20.05.2026;;;;;;;;;;;;;;;;;;;;;;;;;;;;;;;;;;;;;;;;;;;;;;;;;;;;;;;Другое;Закрыто и не реализовано;;;;;;;;;;;;;;;;;;;;;;;;;;;;;;;;;;;;
37753455;https://alladin116.amocrm.ru/leads/detail/37753455;;Закрыто и не реализовано;20.05.2026;;;;;;;;;;;;;;;;;;;;;;;;;;;;;;;;;;;;;;;;;;;;;;;;;;;;;;;Другое;ОБРАБОТАНО КОММУТАТОРОМ;Другое;Закрыто и не реализовано;;;;;;;;;;;;;;;;;;;;;;;;;;;;;;;;;;
37753467;https://alladin116.amocrm.ru/leads/detail/37753467;;Закрыто и не реализовано;20.05.2026;;;;;;;;;;;;;;;;;;;;;;;;;;;;;;;;;;;;;;;;;;;;;;;;;;;;;;;Другое;ОБРАБОТАНО КОММУТАТОРОМ;Другое;ДАННЫЕ ПРЕДОСТАВЛЕНЫ;;;Другое;Закрыто и не реализовано;;;;;;;;;;;;;;;;;;;;;;;;;;;;;;
37753469;https://alladin116.amocrm.ru/leads/detail/37753469;;Закрыто и не реализовано;20.05.2026;;;;;;;;;;;;;;;;;;;;;;;;;;;;;;;;;;;;;;;;;;;;;;;;;;;;;;;Другое;ОБРАБОТАНО КОММУТАТОРОМ;Другое;Закрыто и не реализовано;;;;;;;;;;;;;;;;;;;;;;;;;;;;;;;;;;
37753473;https://alladin116.amocrm.ru/leads/detail/37753473;;;20.05.2026;;;Планы эвакуации;ОБРАБОТАНО КОММУТАТОРОМ;Планы эвакуации;ОБРАБОТАНО КОММУТАТОРОМ;;;Планы эвакуации;ОБРАБОТАНО КОММУТАТОРОМ;;;;;Планы эвакуации;ОБРАБОТАНО КОММУТАТОРОМ;;;Планы эвакуации;ОБРАБОТАНО КОММУТАТОРОМ;;;Планы эвакуации;ОБРАБОТАНО КОММУТАТОРОМ;;;Планы эвакуации;ОБРАБОТАНО КОММУТАТОРОМ;;;Планы эвакуации;ОБРАБОТАНО КОММУТАТОРОМ;;;;;;;;;;;;;;;;;;;;;;;Планы эвакуации;ОБРАБОТАНО КОММУТАТОРОМ;Планы эвакуации;ОБРАБОТАНО КОММУТАТОРОМ;;;Планы эвакуации;ОБРАБОТАНО КОММУТАТОРОМ;;;Планы эвакуации;ОБРАБОТАНО КОММУТАТОРОМ;;;Планы эвакуации;ОБРАБОТАНО КОММУТАТОРОМ;Планы эвакуации;ОБРАБОТАНО КОММУТАТОРОМ;Планы эвакуации;ОБРАБОТАНО КОММУТАТОРОМ;;;Планы эвакуации;ОБРАБОТАНО КОММУТАТОРОМ;;;Планы эвакуации;ОБРАБОТАНО КОММУТАТОРОМ;;;Планы эвакуации;ОБРАБОТАНО КОММУТАТОРОМ;;;Планы эвакуации;ОБРАБОТАНО КОММУТАТОРОМ;Планы эвакуации;ОБРАБОТАНО КОММУТАТОРОМ
37753475;https://alladin116.amocrm.ru/leads/detail/37753475;;Закрыто и не реализовано;20.05.2026;;;;;;;;;;;;;;;;;;;;;;;;;;;;;;;;;;;;;;;;;;;;;;;;;;;;;;;Документы ПБ;Закрыто и не реализовано;;;;;;;;;;;;;;;;;;;;;;;;;;;;;;;;;;;;
37753541;https://alladin116.amocrm.ru/leads/detail/37753541;;Закрыто и не реализовано;21.05.2026;;;;;;;;;;;;;;;;;;;;;;;;;;;;;;;;;;;;;;;;;;;;;;;;;;;;;;;;;Планы эвакуации;ОБРАБОТАНО КОММУТАТОРОМ;;;Планы эвакуации;ОБРАБОТАНО КОММУТАТОРОМ;;;Планы эвакуации;ОБРАБОТАНО КОММУТАТОРОМ;;;Планы эвакуации;ОБРАБОТАНО КОММУТАТОРОМ;Планы эвакуации;ОБРАБОТАНО КОММУТАТОРОМ;Планы эвакуации;Закрыто и не реализовано;;;;;;;;;;;;;;;;;;
37753571;https://alladin116.amocrm.ru/leads/detail/37753571;;Закрыто и не реализовано;21.05.2026;;;;;;;;;;;;;;;;;;;;;;;;;;;;;;;;;;;;;;;;;;;;;;;;;;;;;;;;;Планы эвакуации;ОБРАБОТАНО КОММУТАТОРОМ;;;Планы эвакуации;ОБРАБОТАНО КОММУТАТОРОМ;;;Планы эвакуации;ОБРАБОТАНО КОММУТАТОРОМ;;;Планы эвакуации;ОБРАБОТАНО КОММУТАТОРОМ;Планы эвакуации;Закрыто и не реализовано;;;;;;;;;;;;;;;;;;;;
37753573;https://alladin116.amocrm.ru/leads/detail/37753573;;;21.05.2026;;;Другое;Оплата 100%;Другое;Оплата 100%;;;Другое;Оплата 100%;;;;;Другое;Оплата 100%;;;Другое;Оплата 100%;;;Другое;Оплата 100%;;;Другое;Оплата 100%;;;Другое;Оплата 100%;;;;;;;;;;;;;;;;;;;;;;;;;Другое;Запросили данные;;;Другое;Контрольный звонок данные;;;Другое;Контрольный звонок данные;;;Другое;Контрольный звонок данные;Другое;Контрольный звонок КП договоренности;Другое;Контрольный звонок Д\С получен;;;Другое;Контрольный звонок Д\С получен;;;Другое;Оплата 100%;;;Другое;Оплата 100%;;;Другое;Оплата 100%;Другое;Оплата 100%
37753585;https://alladin116.amocrm.ru/leads/detail/37753585;;;21.05.2026;;;АПС;Контрольный звонок КП;АПС;Контрольный звонок КП;;;АПС;Контрольный звонок КП;;;;;АПС;Контрольный звонок КП;;;АПС;Контрольный звонок КП;;;АПС;Контрольный звонок КП;;;АПС;Контрольный звонок КП;;;АПС;Контрольный звонок КП;;;;;;;;;;;;;;;;;;;;;;;;;АПС;Запросили данные;;;АПС;Контрольный звонок данные;;;АПС;Контрольный звонок данные;;;АПС;Контрольный звонок данные;АПС;Контрольный звонок данные;АПС;Контрольный звонок данные;;;АПС;Контрольный звонок данные;;;АПС;Кп отправлено;;;АПС;Контрольный звонок КП;;;АПС;Контрольный звонок КП;АПС;Контрольный звонок КП
37753589;https://alladin116.amocrm.ru/leads/detail/37753589;;Закрыто и не реализовано;21.05.2026;;;;;;;;;;;;;;;;;;;;;;;;;;;;;;;;;;;;;;;;;;;;;;;;;;;;;;;;;Лиды обработка;Закрыто и не реализовано;;;;;;;;;;;;;;;;;;;;;;;;;;;;;;;;;;
37753591;https://alladin116.amocrm.ru/leads/detail/37753591;;Закрыто и не реализовано;21.05.2026;;;АПС;ДАННЫЕ ПРЕДОСТАВЛЕНЫ;АПС;ДАННЫЕ ПРЕДОСТАВЛЕНЫ;;;АПС;ДАННЫЕ ПРЕДОСТАВЛЕНЫ;;;;;АПС;Закрыто и не реализовано;;;;;;;;;;;;;;;;;;;;;;;;;;;;;;;;;;;;;;;;;АПС;ДАННЫЕ ПРЕДОСТАВЛЕНЫ;;;АПС;ДАННЫЕ ПРЕДОСТАВЛЕНЫ;;;АПС;ДАННЫЕ ПРЕДОСТАВЛЕНЫ;;;АПС;ДАННЫЕ ПРЕДОСТАВЛЕНЫ;АПС;ДАННЫЕ ПРЕДОСТАВЛЕНЫ;АПС;ДАННЫЕ ПРЕДОСТАВЛЕНЫ;;;АПС;ДАННЫЕ ПРЕДОСТАВЛЕНЫ;;;АПС;ДАННЫЕ ПРЕДОСТАВЛЕНЫ;;;АПС;ДАННЫЕ ПРЕДОСТАВЛЕНЫ;;;АПС;ДАННЫЕ ПРЕДОСТАВЛЕНЫ;АПС;ДАННЫЕ ПРЕДОСТАВЛЕНЫ
37753599;https://alladin116.amocrm.ru/leads/detail/37753599;;Закрыто и не реализовано;21.05.2026;;;АПС;ДАННЫЕ ПРЕДОСТАВЛЕНЫ;АПС;ДАННЫЕ ПРЕДОСТАВЛЕНЫ;;;АПС;Закрыто и не реализовано;;;;;;;;;;;;;;;;;;;;;;;;;;;;;;;;;;;;;;;;;;;;;;;АПС;ДАННЫЕ ПРЕДОСТАВЛЕНЫ;;;АПС;ДАННЫЕ ПРЕДОСТАВЛЕНЫ;;;АПС;ДАННЫЕ ПРЕДОСТАВЛЕНЫ;;;АПС;ДАННЫЕ ПРЕДОСТАВЛЕНЫ;АПС;ДАННЫЕ ПРЕДОСТАВЛЕНЫ;АПС;ДАННЫЕ ПРЕДОСТАВЛЕНЫ;;;АПС;ДАННЫЕ ПРЕДОСТАВЛЕНЫ;;;АПС;ДАННЫЕ ПРЕДОСТАВЛЕНЫ;;;АПС;ДАННЫЕ ПРЕДОСТАВЛЕНЫ;;;АПС;ДАННЫЕ ПРЕДОСТАВЛЕНЫ;АПС;ДАННЫЕ ПРЕДОСТАВЛЕНЫ
37753601;https://alladin116.amocrm.ru/leads/detail/37753601;;Закрыто и не реализовано;21.05.2026;;;;;;;;;;;;;;;;;;;;;;;;;;;;;;;;;;;;;;;;;;;;;;;;;;;;;;;;;Планы эвакуации;ОБРАБОТАНО КОММУТАТОРОМ;;;Планы эвакуации;ОБРАБОТАНО КОММУТАТОРОМ;;;Планы эвакуации;ОБРАБОТАНО КОММУТАТОРОМ;;;Планы эвакуации;ОБРАБОТАНО КОММУТАТОРОМ;Планы эвакуации;ОБРАБОТАНО КОММУТАТОРОМ;Планы эвакуации;ОБРАБОТАНО КОММУТАТОРОМ;;;Планы эвакуации;ОБРАБОТАНО КОММУТАТОРОМ;;;Планы эвакуации;ОБРАБОТАНО КОММУТАТОРОМ;;;Планы эвакуации;Закрыто и не реализовано;;;;;;
37753605;https://alladin116.amocrm.ru/leads/detail/37753605;;Закрыто и не реализовано;21.05.2026;;;АПС;ДАННЫЕ ПРЕДОСТАВЛЕНЫ;АПС;Закрыто и не реализовано;;;;;;;;;;;;;;;;;;;;;;;;;;;;;;;;;;;;;;;;;;;;;;;;;;;АПС;ДАННЫЕ ПРЕДОСТАВЛЕНЫ;;;АПС;ДАННЫЕ ПРЕДОСТАВЛЕНЫ;;;АПС;ДАННЫЕ ПРЕДОСТАВЛЕНЫ;;;АПС;ДАННЫЕ ПРЕДОСТАВЛЕНЫ;АПС;ДАННЫЕ ПРЕДОСТАВЛЕНЫ;АПС;ДАННЫЕ ПРЕДОСТАВЛЕНЫ;;;АПС;ДАННЫЕ ПРЕДОСТАВЛЕНЫ;;;АПС;ДАННЫЕ ПРЕДОСТАВЛЕНЫ;;;АПС;ДАННЫЕ ПРЕДОСТАВЛЕНЫ;;;АПС;ДАННЫЕ ПРЕДОСТАВЛЕНЫ;АПС;ДАННЫЕ ПРЕДОСТАВЛЕНЫ
37753611;https://alladin116.amocrm.ru/leads/detail/37753611;;Закрыто и не реализовано;21.05.2026;;;АПС;ДАННЫЕ ПРЕДОСТАВЛЕНЫ;АПС;ДАННЫЕ ПРЕДОСТАВЛЕНЫ;;;АПС;ДАННЫЕ ПРЕДОСТАВЛЕНЫ;;;;;АПС;ДАННЫЕ ПРЕДОСТАВЛЕНЫ;;;АПС;Закрыто и не реализовано;;;;;;;;;;;;;;;;;;;;;;;;;;;;;;;;;;;;;АПС;ДАННЫЕ ПРЕДОСТАВЛЕНЫ;;;АПС;ДАННЫЕ ПРЕДОСТАВЛЕНЫ;;;АПС;ДАННЫЕ ПРЕДОСТАВЛЕНЫ;;;АПС;ДАННЫЕ ПРЕДОСТАВЛЕНЫ;АПС;ДАННЫЕ ПРЕДОСТАВЛЕНЫ;АПС;ДАННЫЕ ПРЕДОСТАВЛЕНЫ;;;АПС;ДАННЫЕ ПРЕДОСТАВЛЕНЫ;;;АПС;ДАННЫЕ ПРЕДОСТАВЛЕНЫ;;;АПС;ДАННЫЕ ПРЕДОСТАВЛЕНЫ;;;АПС;ДАННЫЕ ПРЕДОСТАВЛЕНЫ;АПС;ДАННЫЕ ПРЕДОСТАВЛЕНЫ
37753615;https://alladin116.amocrm.ru/leads/detail/37753615;;;21.05.2026;;;СТУ;ОБРАБОТАНО Коммутатором;СТУ;ОБРАБОТАНО Коммутатором;;;СТУ;ОБРАБОТАНО Коммутатором;;;;;СТУ;ОБРАБОТАНО Коммутатором;;;СТУ;ОБРАБОТАНО Коммутатором;;;СТУ;ОБРАБОТАНО Коммутатором;;;СТУ;ОБРАБОТАНО Коммутатором;;;СТУ;ОБРАБОТАНО Коммутатором;;;;;;;;;;;;;;;;;;;;;;;;;СТУ;ОБРАБОТАНО Коммутатором;;;СТУ;ОБРАБОТАНО Коммутатором;;;СТУ;ОБРАБОТАНО Коммутатором;;;СТУ;ОБРАБОТАНО Коммутатором;СТУ;ОБРАБОТАНО Коммутатором;СТУ;ОБРАБОТАНО Коммутатором;;;СТУ;ОБРАБОТАНО Коммутатором;;;СТУ;ОБРАБОТАНО Коммутатором;;;СТУ;ОБРАБОТАНО Коммутатором;;;СТУ;ОБРАБОТАНО Коммутатором;СТУ;ОБРАБОТАНО Коммутатором
37753617;https://alladin116.amocrm.ru/leads/detail/37753617;;Закрыто и не реализовано;21.05.2026;;;;;;;;;;;;;;;;;;;;;;;;;;;;;;;;;;;;;;;;;;;;;;;;;;;;;;;;;АПС;Закрыто и не реализовано;;;;;;;;;;;;;;;;;;;;;;;;;;;;;;;;;;
37753637;https://alladin116.amocrm.ru/leads/detail/37753637;;Закрыто и не реализовано;21.05.2026;;;;;;;;;;;;;;;;;;;;;;;;;;;;;;;;;;;;;;;;;;;;;;;;;;;;;;;;;Лиды обработка;Закрыто и не реализовано;;;;;;;;;;;;;;;;;;;;;;;;;;;;;;;;;;
37753639;https://alladin116.amocrm.ru/leads/detail/37753639;;Закрыто и не реализовано;21.05.2026;;;;;;;;;;;;;;;;;;;;;;;;;;;;;;;;;;;;;;;;;;;;;;;;;;;;;;;;;Лиды обработка;Закрыто и не реализовано;;;;;;;;;;;;;;;;;;;;;;;;;;;;;;;;;;
37753641;https://alladin116.amocrm.ru/leads/detail/37753641;;Закрыто и не реализовано;21.05.2026;;;;;;;;;;;;;;;;;;;;;;;;;;;;;;;;;;;;;;;;;;;;;;;;;;;;;;;;;Лиды обработка;Закрыто и не реализовано;;;;;;;;;;;;;;;;;;;;;;;;;;;;;;;;;;
37753643;https://alladin116.amocrm.ru/leads/detail/37753643;;Закрыто и не реализовано;21.05.2026;;;;;;;;;;;;;;;;;;;;;;;;;;;;;;;;;;;;;;;;;;;;;;;;;;;;;;;;;Лиды обработка;Закрыто и не реализовано;;;;;;;;;;;;;;;;;;;;;;;;;;;;;;;;;;
37753645;https://alladin116.amocrm.ru/leads/detail/37753645;;Закрыто и не реализовано;21.05.2026;;;;;;;;;;;;;;;;;;;;;;;;;;;;;;;;;;;;;;;;;;;;;;;;;;;;;;;;;Лиды обработка;Закрыто и не реализовано;;;;;;;;;;;;;;;;;;;;;;;;;;;;;;;;;;
37753647;https://alladin116.amocrm.ru/leads/detail/37753647;;Закрыто и не реализовано;21.05.2026;;;;;;;;;;;;;;;;;;;;;;;;;;;;;;;;;;;;;;;;;;;;;;;;;;;;;;;;;Лиды обработка;Закрыто и не реализовано;;;;;;;;;;;;;;;;;;;;;;;;;;;;;;;;;;
37753649;https://alladin116.amocrm.ru/leads/detail/37753649;Квиз podbor-uslugi;Закрыто и не реализовано;21.05.2026;;;;;;;;;;;;;;;;;;;;;;;;;;;;;;;;;;;;;;;;;;;;;;;;;;;;;;;;;Лиды обработка;Закрыто и не реализовано;;;;;;;;;;;;;;;;;;;;;;;;;;;;;;;;;;
37753663;https://alladin116.amocrm.ru/leads/detail/37753663;;;21.05.2026;;;Абонентка (первичная продажа);Запросили данные;Абонентка (первичная продажа);Запросили данные;;;Абонентка (первичная продажа);Запросили данные;;;;;Абонентка (первичная продажа);Запросили данные;;;Абонентка (первичная продажа);Запросили данные;;;Абонентка (первичная продажа);Запросили данные;;;Абонентка (первичная продажа);Запросили данные;;;Абонентка (первичная продажа);Запросили данные;;;;;;;;;;;;;;;;;;;;;;;;;Абонентка (первичная продажа);Запросили данные;;;Абонентка (первичная продажа);Запросили данные;;;Абонентка (первичная продажа);Запросили данные;;;Абонентка (первичная продажа);Запросили данные;Абонентка (первичная продажа);Запросили данные;Абонентка (первичная продажа);Запросили данные;;;Абонентка (первичная продажа);Запросили данные;;;Абонентка (первичная продажа);Запросили данные;;;Абонентка (первичная продажа);Запросили данные;;;Абонентка (первичная продажа);Запросили данные;Абонентка (первичная продажа);Запросили данные
37753675;https://alladin116.amocrm.ru/leads/detail/37753675;;Закрыто и не реализовано;21.05.2026;;;;;;;;;;;;;;;;;;;;;;;;;;;;;;;;;;;;;;;;;;;;;;;;;;;;;;;;;Другое;Закрыто и не реализовано;;;;;;;;;;;;;;;;;;;;;;;;;;;;;;;;;;
37753785;https://alladin116.amocrm.ru/leads/detail/37753785;;Закрыто и не реализовано;22.05.2026;;;;;;;;;;;;;;;;;;;;;;;;;;;;;;;;;;;;;;;;;;;;;;;;;;;;;;;;;;;;;Другое;ОБРАБОТАНО КОММУТАТОРОМ;;;Другое;ОБРАБОТАНО КОММУТАТОРОМ;;;Другое;ОБРАБОТАНО КОММУТАТОРОМ;Другое;Закрыто и не реализовано;;;;;;;;;;;;;;;;;;;;
37753827;https://alladin116.amocrm.ru/leads/detail/37753827;;Закрыто и не реализовано;22.05.2026;;;;;;;;;;;;;;;;;;;;;;;;;;;;;;;;;;;;;;;;;;;;;;;;;;;;;;;;;;;;;Другое;Закрыто и не реализовано;;;;;;;;;;;;;;;;;;;;;;;;;;;;;;
37753829;https://alladin116.amocrm.ru/leads/detail/37753829;;Закрыто и не реализовано;22.05.2026;;;;;;;;;;;;;;;;;;;;;;;;;;;;;;;;;;;;;;;;;;;;;;;;;;;;;;;;;;;;;Лиды обработка;Недозвон;;;Лиды обработка;Недозвон;;;Лиды обработка;Недозвон;Лиды обработка;Закрыто и не реализовано;;;;;;;;;;;;;;;;;;;;
37754051;https://alladin116.amocrm.ru/leads/detail/37754051;Коол Центр;Закрыто и не реализовано;25.05.2026;;;Другое;ОБРАБОТАНО КОММУТАТОРОМ;Другое;Закрыто и не реализовано;;;;;;;;;;;;;;;;;;;;;;;;;;;;;;;;;;;;;;;;;;;;;;;;;;;;;;;;;;;;;;;;;Другое;ОБРАБОТАНО КОММУТАТОРОМ;Другое;ОБРАБОТАНО КОММУТАТОРОМ;;;Другое;ОБРАБОТАНО КОММУТАТОРОМ;;;Другое;ОБРАБОТАНО КОММУТАТОРОМ;;;Другое;ОБРАБОТАНО КОММУТАТОРОМ;;;Другое;ОБРАБОТАНО КОММУТАТОРОМ;Другое;ОБРАБОТАНО КОММУТАТОРОМ
37754053;https://alladin116.amocrm.ru/leads/detail/37754053;Коол Центр;Закрыто и не реализовано;25.05.2026;;;;;;;;;;;;;;;;;;;;;;;;;;;;;;;;;;;;;;;;;;;;;;;;;;;;;;;;;;;;;;;;;;;;;;;Другое;ОБРАБОТАНО КОММУТАТОРОМ;Другое;ОБРАБОТАНО КОММУТАТОРОМ;;;Другое;ОБРАБОТАНО КОММУТАТОРОМ;;;Другое;Закрыто и не реализовано;;;;;;;;;;
37754069;https://alladin116.amocrm.ru/leads/detail/37754069;Коол Центр;;25.05.2026;;;Расчет рисков;Контрольный звонок данные;Расчет рисков;Контрольный звонок данные;;;Расчет рисков;Контрольный звонок данные;;;;;Расчет рисков;Контрольный звонок данные;;;Расчет рисков;Контрольный звонок данные;;;Расчет рисков;Контрольный звонок данные;;;Расчет рисков;Контрольный звонок данные;;;Расчет рисков;Контрольный звонок данные;;;;;;;;;;;;;;;;;;;;;;;;;;;;;;;;;;;;;;;Расчет рисков;Запросили данные;Расчет рисков;Контрольный звонок данные;;;Расчет рисков;Контрольный звонок данные;;;Расчет рисков;Контрольный звонок данные;;;Расчет рисков;Контрольный звонок данные;;;Расчет рисков;Контрольный звонок данные;Расчет рисков;Контрольный звонок данные
37754075;https://alladin116.amocrm.ru/leads/detail/37754075;Коол Центр;Закрыто и не реализовано;25.05.2026;;;;;;;;;;;;;;;;;;;;;;;;;;;;;;;;;;;;;;;;;;;;;;;;;;;;;;;;;;;;;;;;;;;;;;;Расчет рисков;Обработано коммутатором;Расчет рисков;Обработано коммутатором;;;Расчет рисков;Обработано коммутатором;;;Расчет рисков;Закрыто и не реализовано;;;;;;;;;;
37754095;https://alladin116.amocrm.ru/leads/detail/37754095;Коол Центр;Закрыто и не реализовано;25.05.2026;;;Другое;ОБРАБОТАНО КОММУТАТОРОМ;Другое;Закрыто и не реализовано;;;;;;;;;;;;;;;;;;;;;;;;;;;;;;;;;;;;;;;;;;;;;;;;;;;;;;;;;;;;;;;;;Другое;ОБРАБОТАНО КОММУТАТОРОМ;Другое;ОБРАБОТАНО КОММУТАТОРОМ;;;Другое;ОБРАБОТАНО КОММУТАТОРОМ;;;Другое;ОБРАБОТАНО КОММУТАТОРОМ;;;Другое;ОБРАБОТАНО КОММУТАТОРОМ;;;Другое;ОБРАБОТАНО КОММУТАТОРОМ;Другое;ОБРАБОТАНО КОММУТАТОРОМ
37754099;https://alladin116.amocrm.ru/leads/detail/37754099;Коол Центр;Закрыто и не реализовано;25.05.2026;;;;;;;;;;;;;;;;;;;;;;;;;;;;;;;;;;;;;;;;;;;;;;;;;;;;;;;;;;;;;;;;;;;;;;;АПС;Закрыто и не реализовано;;;;;;;;;;;;;;;;;;;;
37754103;https://alladin116.amocrm.ru/leads/detail/37754103;По рекомендации;;25.05.2026;;;Расчет рисков;Контрольный звонок Д\С получен;Расчет рисков;Оплата 100%;;;Расчет рисков;Оплата 100%;;;;;Расчет рисков;Оплата 100%;;;Расчет рисков;подготовка документов к отгрузке;;;Расчет рисков;подготовка документов к отгрузке;;;Расчет рисков;подготовка документов к отгрузке;;;Расчет рисков;УПД отправлено;;;;;;;;;;;;;;;;;;;;;;;;;;;;;;;;;;;;;;;Расчет рисков;Контрольный звонок КП договоренности;Расчет рисков;Контрольный звонок КП договоренности;;;Расчет рисков;Договор/счет отправлен;;;Расчет рисков;Контрольный звонок Д\С;;;Расчет рисков;Контрольный звонок Д\С получен;;;Расчет рисков;Контрольный звонок Д\С получен;Расчет рисков;Контрольный звонок Д\С получен
37754127;https://alladin116.amocrm.ru/leads/detail/37754127;Коол Центр;Закрыто и не реализовано;25.05.2026;;;;;;;;;;;;;;;;;;;;;;;;;;;;;;;;;;;;;;;;;;;;;;;;;;;;;;;;;;;;;;;;;;;;;;;Другое;Закрыто и не реализовано;;;;;;;;;;;;;;;;;;;;
37754129;https://alladin116.amocrm.ru/leads/detail/37754129;yandex;;25.05.2026;;;Другое;ДАННЫЕ ПРЕДОСТАВЛЕНЫ;Другое;Оплата 100%;;;Другое;Оплата 100%;;;;;Другое;Оплата 100%;;;Другое;Оплата 100%;;;Другое;Оплата 100%;;;Другое;Оплата 100%;;;Другое;Оплата 100%;;;;;;;;;;;;;;;;;;;;;;;;;;;;;;;;;;;;;;;Другое;ДАННЫЕ ПРЕДОСТАВЛЕНЫ;Другое;ДАННЫЕ ПРЕДОСТАВЛЕНЫ;;;Другое;ДАННЫЕ ПРЕДОСТАВЛЕНЫ;;;Другое;ДАННЫЕ ПРЕДОСТАВЛЕНЫ;;;Другое;ДАННЫЕ ПРЕДОСТАВЛЕНЫ;;;Другое;ДАННЫЕ ПРЕДОСТАВЛЕНЫ;Другое;ДАННЫЕ ПРЕДОСТАВЛЕНЫ
37754149;https://alladin116.amocrm.ru/leads/detail/37754149;Коол Центр;Закрыто и не реализовано;25.05.2026;;;;;;;;;;;;;;;;;;;;;;;;;;;;;;;;;;;;;;;;;;;;;;;;;;;;;;;;;;;;;;;;;;;;;;;Другое;Закрыто и не реализовано;;;;;;;;;;;;;;;;;;;;
37754151;https://alladin116.amocrm.ru/leads/detail/37754151;;Закрыто и не реализовано;25.05.2026;;;;;;;;;;;;;;;;;;;;;;;;;;;;;;;;;;;;;;;;;;;;;;;;;;;;;;;;;;;;;;;;;;;;;;;Лиды обработка;Закрыто и не реализовано;;;;;;;;;;;;;;;;;;;;
37754155;https://alladin116.amocrm.ru/leads/detail/37754155;;Закрыто и не реализовано;25.05.2026;;;;;;;;;;;;;;;;;;;;;;;;;;;;;;;;;;;;;;;;;;;;;;;;;;;;;;;;;;;;;;;;;;;;;;;Лиды обработка;Закрыто и не реализовано;;;;;;;;;;;;;;;;;;;;
37754157;https://alladin116.amocrm.ru/leads/detail/37754157;Коол Центр;Закрыто и не реализовано;25.05.2026;;;;;;;;;;;;;;;;;;;;;;;;;;;;;;;;;;;;;;;;;;;;;;;;;;;;;;;;;;;;;;;;;;;;;;;Планы эвакуации;Закрыто и не реализовано;;;;;;;;;;;;;;;;;;;;
37754173;https://alladin116.amocrm.ru/leads/detail/37754173;повторный заказ;;25.05.2026;;;СТУ;ОБРАБОТАНО Коммутатором;СТУ;ОБРАБОТАНО Коммутатором;;;СТУ;ОБРАБОТАНО Коммутатором;;;;;СТУ;ОБРАБОТАНО Коммутатором;;;СТУ;ОБРАБОТАНО Коммутатором;;;СТУ;ОБРАБОТАНО Коммутатором;;;СТУ;ОБРАБОТАНО Коммутатором;;;СТУ;ОБРАБОТАНО Коммутатором;;;;;;;;;;;;;;;;;;;;;;;;;;;;;;;;;;;;;;;СТУ;ОБРАБОТАНО Коммутатором;СТУ;ОБРАБОТАНО Коммутатором;;;СТУ;ОБРАБОТАНО Коммутатором;;;СТУ;ОБРАБОТАНО Коммутатором;;;СТУ;ОБРАБОТАНО Коммутатором;;;СТУ;ОБРАБОТАНО Коммутатором;СТУ;ОБРАБОТАНО Коммутатором
37754175;https://alladin116.amocrm.ru/leads/detail/37754175;повторный заказ;Закрыто и не реализовано;25.05.2026;;;;;;;;;;;;;;;;;;;;;;;;;;;;;;;;;;;;;;;;;;;;;;;;;;;;;;;;;;;;;;;;;;;;;;;СТУ;ОБРАБОТАНО Коммутатором;СТУ;ОБРАБОТАНО Коммутатором;;;СТУ;ОБРАБОТАНО Коммутатором;;;СТУ;Закрыто и не реализовано;;;;;;;;;;
37754177;https://alladin116.amocrm.ru/leads/detail/37754177;;Закрыто и не реализовано;25.05.2026;;;;;;;;;;;;;;;;;;;;;;;;;;;;;;;;;;;;;;;;;;;;;;;;;;;;;;;;;;;;;;;;;;;;;;;Лиды обработка;Закрыто и не реализовано;;;;;;;;;;;;;;;;;;;;
37754203;https://alladin116.amocrm.ru/leads/detail/37754203;Коол Центр;Закрыто и не реализовано;25.05.2026;;;;;;;;;;;;;;;;;;;;;;;;;;;;;;;;;;;;;;;;;;;;;;;;;;;;;;;;;;;;;;;;;;;;;;;Другое;Закрыто и не реализовано;;;;;;;;;;;;;;;;;;;;
37754205;https://alladin116.amocrm.ru/leads/detail/37754205;Коол Центр;;25.05.2026;;;СТУ;ОБРАБОТАНО Коммутатором;СТУ;ОБРАБОТАНО Коммутатором;;;СТУ;ОБРАБОТАНО Коммутатором;;;;;СТУ;ОБРАБОТАНО Коммутатором;;;СТУ;ОБРАБОТАНО Коммутатором;;;СТУ;ОБРАБОТАНО Коммутатором;;;СТУ;ОБРАБОТАНО Коммутатором;;;СТУ;ОБРАБОТАНО Коммутатором;;;;;;;;;;;;;;;;;;;;;;;;;;;;;;;;;;;;;;;СТУ;ОБРАБОТАНО Коммутатором;СТУ;ОБРАБОТАНО Коммутатором;;;СТУ;ОБРАБОТАНО Коммутатором;;;СТУ;ОБРАБОТАНО Коммутатором;;;СТУ;ОБРАБОТАНО Коммутатором;;;СТУ;ОБРАБОТАНО Коммутатором;СТУ;ОБРАБОТАНО Коммутатором
37754211;https://alladin116.amocrm.ru/leads/detail/37754211;Коол Центр;;25.05.2026;;;СТУ;ОБРАБОТАНО Коммутатором;СТУ;ОБРАБОТАНО Коммутатором;;;СТУ;ОБРАБОТАНО Коммутатором;;;;;СТУ;ОБРАБОТАНО Коммутатором;;;СТУ;ОБРАБОТАНО Коммутатором;;;СТУ;ОБРАБОТАНО Коммутатором;;;СТУ;ОБРАБОТАНО Коммутатором;;;СТУ;ОБРАБОТАНО Коммутатором;;;;;;;;;;;;;;;;;;;;;;;;;;;;;;;;;;;;;;;СТУ;ОБРАБОТАНО Коммутатором;СТУ;ОБРАБОТАНО Коммутатором;;;СТУ;ОБРАБОТАНО Коммутатором;;;СТУ;ОБРАБОТАНО Коммутатором;;;СТУ;ОБРАБОТАНО Коммутатором;;;СТУ;ОБРАБОТАНО Коммутатором;СТУ;ОБРАБОТАНО Коммутатором
37754215;https://alladin116.amocrm.ru/leads/detail/37754215;повторный заказ;;25.05.2026;;;АПС;Контрольный звонок Д\С получен;АПС;Контрольный звонок Д\С получен;;;АПС;Контрольный звонок Д\С получен;;;;;АПС;Отдано в разработку;;;АПС;Отдано в разработку;;;АПС;Отдано в разработку;;;АПС;Отдано в разработку;;;АПС;Отдано в разработку;;;;;;;;;;;;;;;;;;;;;;;;;;;;;;;;;;;;;;;АПС;Контрольный звонок КП договоренности;АПС;Контрольный звонок КП договоренности;;;АПС;Контрольный звонок КП договоренности;;;АПС;Контрольный звонок Д\С получен;;;АПС;Контрольный звонок Д\С получен;;;АПС;Контрольный звонок Д\С получен;АПС;Контрольный звонок Д\С получен
37754281;https://alladin116.amocrm.ru/leads/detail/37754281;Коол Центр;Закрыто и не реализовано;26.05.2026;;;;;;;;;;;;;;;;;;;;;;;;;;;;;;;;;;;;;;;;;;;;;;;;;;;;;;;;;;;;;;;;;;;;;;;;;Другое;ОБРАБОТАНО КОММУТАТОРОМ;;;Другое;Закрыто и не реализовано;;;;;;;;;;;;;;
37754289;https://alladin116.amocrm.ru/leads/detail/37754289;Коол Центр;Закрыто и не реализовано;26.05.2026;;;;;;;;;;;;;;;;;;;;;;;;;;;;;;;;;;;;;;;;;;;;;;;;;;;;;;;;;;;;;;;;;;;;;;;;;Другое;Закрыто и не реализовано;;;;;;;;;;;;;;;;;;
37754293;https://alladin116.amocrm.ru/leads/detail/37754293;Коол Центр;Закрыто и не реализовано;26.05.2026;;;;;;;;;;;;;;;;;;;;;;;;;;;;;;;;;;;;;;;;;;;;;;;;;;;;;;;;;;;;;;;;;;;;;;;;;Другое;Закрыто и не реализовано;;;;;;;;;;;;;;;;;;
37754313;https://alladin116.amocrm.ru/leads/detail/37754313;Коол Центр;Закрыто и не реализовано;26.05.2026;;;;;;;;;;;;;;;;;;;;;;;;;;;;;;;;;;;;;;;;;;;;;;;;;;;;;;;;;;;;;;;;;;;;;;;;;АПС;Закрыто и не реализовано;;;;;;;;;;;;;;;;;;
37754317;https://alladin116.amocrm.ru/leads/detail/37754317;Коол Центр;Закрыто и не реализовано;26.05.2026;;;Планы эвакуации;Контрольный звонок данные;Планы эвакуации;Закрыто и не реализовано;;;;;;;;;;;;;;;;;;;;;;;;;;;;;;;;;;;;;;;;;;;;;;;;;;;;;;;;;;;;;;;;;;;Планы эвакуации;Запросили данные;;;Планы эвакуации;Контрольный звонок данные;;;Планы эвакуации;Контрольный звонок данные;;;Планы эвакуации;Контрольный звонок данные;;;Планы эвакуации;Контрольный звонок данные;Планы эвакуации;Контрольный звонок данные
37754327;https://alladin116.amocrm.ru/leads/detail/37754327;повторный заказ;;26.05.2026;;;СТУ;ОБРАБОТАНО Коммутатором;СТУ;ОБРАБОТАНО Коммутатором;;;СТУ;ОБРАБОТАНО Коммутатором;;;;;СТУ;ОБРАБОТАНО Коммутатором;;;СТУ;ОБРАБОТАНО Коммутатором;;;СТУ;ОБРАБОТАНО Коммутатором;;;СТУ;ОБРАБОТАНО Коммутатором;;;СТУ;ОБРАБОТАНО Коммутатором;;;;;;;;;;;;;;;;;;;;;;;;;;;;;;;;;;;;;;;;;СТУ;ОБРАБОТАНО Коммутатором;;;СТУ;ОБРАБОТАНО Коммутатором;;;СТУ;ОБРАБОТАНО Коммутатором;;;СТУ;ОБРАБОТАНО Коммутатором;;;СТУ;ОБРАБОТАНО Коммутатором;СТУ;ОБРАБОТАНО Коммутатором
37754343;https://alladin116.amocrm.ru/leads/detail/37754343;повторный заказ;;26.05.2026;;;СТУ;ОБРАБОТАНО Коммутатором;СТУ;ОБРАБОТАНО Коммутатором;;;СТУ;ОБРАБОТАНО Коммутатором;;;;;СТУ;ОБРАБОТАНО Коммутатором;;;СТУ;ОБРАБОТАНО Коммутатором;;;СТУ;ОБРАБОТАНО Коммутатором;;;СТУ;ОБРАБОТАНО Коммутатором;;;СТУ;ОБРАБОТАНО Коммутатором;;;;;;;;;;;;;;;;;;;;;;;;;;;;;;;;;;;;;;;;;СТУ;ОБРАБОТАНО Коммутатором;;;СТУ;ОБРАБОТАНО Коммутатором;;;СТУ;ОБРАБОТАНО Коммутатором;;;СТУ;ОБРАБОТАНО Коммутатором;;;СТУ;ОБРАБОТАНО Коммутатором;СТУ;ОБРАБОТАНО Коммутатором
37754365;https://alladin116.amocrm.ru/leads/detail/37754365;повторный заказ;Закрыто и не реализовано;26.05.2026;;;СТУ;ОБРАБОТАНО Коммутатором;СТУ;Закрыто и не реализовано;;;;;;;;;;;;;;;;;;;;;;;;;;;;;;;;;;;;;;;;;;;;;;;;;;;;;;;;;;;;;;;;;;;СТУ;ОБРАБОТАНО Коммутатором;;;СТУ;ОБРАБОТАНО Коммутатором;;;СТУ;ОБРАБОТАНО Коммутатором;;;СТУ;ОБРАБОТАНО Коммутатором;;;СТУ;ОБРАБОТАНО Коммутатором;СТУ;ОБРАБОТАНО Коммутатором
37754387;https://alladin116.amocrm.ru/leads/detail/37754387;По рекомендации;;26.05.2026;;;СТУ;Контрольный звонок данные;СТУ;Контрольный звонок данные;;;СТУ;Контрольный звонок данные;;;;;СТУ;Контрольный звонок КП договоренности;;;СТУ;Контрольный звонок КП договоренности;;;СТУ;Контрольный звонок КП договоренности;;;СТУ;Контрольный звонок КП договоренности;;;СТУ;Контрольный звонок КП договоренности;;;;;;;;;;;;;;;;;;;;;;;;;;;;;;;;;;;;;;;;;СТУ;Запросили данные;;;СТУ;Контрольный звонок данные;;;СТУ;Контрольный звонок данные;;;СТУ;Контрольный звонок данные;;;СТУ;Контрольный звонок данные;СТУ;Контрольный звонок данные
37754389;https://alladin116.amocrm.ru/leads/detail/37754389;Коол Центр;;26.05.2026;;;Другое;ОБРАБОТАНО КОММУТАТОРОМ;Другое;ОБРАБОТАНО КОММУТАТОРОМ;;;Другое;ОБРАБОТАНО КОММУТАТОРОМ;;;;;Другое;ОБРАБОТАНО КОММУТАТОРОМ;;;Другое;ОБРАБОТАНО КОММУТАТОРОМ;;;Другое;ОБРАБОТАНО КОММУТАТОРОМ;;;Другое;ОБРАБОТАНО КОММУТАТОРОМ;;;Другое;ОБРАБОТАНО КОММУТАТОРОМ;;;;;;;;;;;;;;;;;;;;;;;;;;;;;;;;;;;;;;;;;Другое;ОБРАБОТАНО КОММУТАТОРОМ;;;Другое;ОБРАБОТАНО КОММУТАТОРОМ;;;Другое;ОБРАБОТАНО КОММУТАТОРОМ;;;Другое;ОБРАБОТАНО КОММУТАТОРОМ;;;Другое;ОБРАБОТАНО КОММУТАТОРОМ;Другое;ОБРАБОТАНО КОММУТАТОРОМ
37754401;https://alladin116.amocrm.ru/leads/detail/37754401;повторный заказ;;26.05.2026;;;СТУ;ОБРАБОТАНО Коммутатором;СТУ;ОБРАБОТАНО Коммутатором;;;СТУ;ОБРАБОТАНО Коммутатором;;;;;СТУ;ОБРАБОТАНО Коммутатором;;;СТУ;ОБРАБОТАНО Коммутатором;;;СТУ;ОБРАБОТАНО Коммутатором;;;СТУ;ОБРАБОТАНО Коммутатором;;;СТУ;ОБРАБОТАНО Коммутатором;;;;;;;;;;;;;;;;;;;;;;;;;;;;;;;;;;;;;;;;;СТУ;ОБРАБОТАНО Коммутатором;;;СТУ;ОБРАБОТАНО Коммутатором;;;СТУ;ОБРАБОТАНО Коммутатором;;;СТУ;ОБРАБОТАНО Коммутатором;;;СТУ;ОБРАБОТАНО Коммутатором;СТУ;ОБРАБОТАНО Коммутатором
37754405;https://alladin116.amocrm.ru/leads/detail/37754405;повторный заказ;Закрыто и не реализовано;26.05.2026;;;;;;;;;;;;;;;;;;;;;;;;;;;;;;;;;;;;;;;;;;;;;;;;;;;;;;;;;;;;;;;;;;;;;;;;;Лиды обработка;Закрыто и не реализовано;;;;;;;;;;;;;;;;;;
37754409;https://alladin116.amocrm.ru/leads/detail/37754409;Коол Центр;Закрыто и не реализовано;26.05.2026;;;;;;;;;;;;;;;;;;;;;;;;;;;;;;;;;;;;;;;;;;;;;;;;;;;;;;;;;;;;;;;;;;;;;;;;;Расчет рисков;Обработано коммутатором;;;Расчет рисков;Обработано коммутатором;;;Расчет рисков;Обработано коммутатором;;;Расчет рисков;Закрыто и не реализовано;;;;;;
37754417;https://alladin116.amocrm.ru/leads/detail/37754417;Коол Центр;;26.05.2026;;;АПС;ДАННЫЕ ПРЕДОСТАВЛЕНЫ;АПС;ДАННЫЕ ПРЕДОСТАВЛЕНЫ;;;АПС;ДАННЫЕ ПРЕДОСТАВЛЕНЫ;;;;;АПС;ДАННЫЕ ПРЕДОСТАВЛЕНЫ;;;АПС;ДАННЫЕ ПРЕДОСТАВЛЕНЫ;;;АПС;ДАННЫЕ ПРЕДОСТАВЛЕНЫ;;;АПС;ДАННЫЕ ПРЕДОСТАВЛЕНЫ;;;АПС;ДАННЫЕ ПРЕДОСТАВЛЕНЫ;;;;;;;;;;;;;;;;;;;;;;;;;;;;;;;;;;;;;;;;;АПС;ДАННЫЕ ПРЕДОСТАВЛЕНЫ;;;АПС;ДАННЫЕ ПРЕДОСТАВЛЕНЫ;;;АПС;ДАННЫЕ ПРЕДОСТАВЛЕНЫ;;;АПС;ДАННЫЕ ПРЕДОСТАВЛЕНЫ;;;АПС;ДАННЫЕ ПРЕДОСТАВЛЕНЫ;АПС;ДАННЫЕ ПРЕДОСТАВЛЕНЫ
37754425;https://alladin116.amocrm.ru/leads/detail/37754425;повторный заказ;Закрыто и не реализовано;26.05.2026;;;;;;;;;;;;;;;;;;;;;;;;;;;;;;;;;;;;;;;;;;;;;;;;;;;;;;;;;;;;;;;;;;;;;;;;;Лиды обработка;Закрыто и не реализовано;;;;;;;;;;;;;;;;;;
37754431;https://alladin116.amocrm.ru/leads/detail/37754431;повторный заказ;Закрыто и не реализовано;26.05.2026;;;;;;;;;;;;;;;;;;;;;;;;;;;;;;;;;;;;;;;;;;;;;;;;;;;;;;;;;;;;;;;;;;;;;;;;;СТУ;ОБРАБОТАНО Коммутатором;;;СТУ;Закрыто и не реализовано;;;;;;;;;;;;;;
37754433;https://alladin116.amocrm.ru/leads/detail/37754433;повторный заказ;;26.05.2026;;;СТУ;ОБРАБОТАНО Коммутатором;СТУ;ОБРАБОТАНО Коммутатором;;;СТУ;ОБРАБОТАНО Коммутатором;;;;;СТУ;ОБРАБОТАНО Коммутатором;;;СТУ;ОБРАБОТАНО Коммутатором;;;СТУ;ОБРАБОТАНО Коммутатором;;;СТУ;ОБРАБОТАНО Коммутатором;;;СТУ;ОБРАБОТАНО Коммутатором;;;;;;;;;;;;;;;;;;;;;;;;;;;;;;;;;;;;;;;;;СТУ;ОБРАБОТАНО Коммутатором;;;СТУ;ОБРАБОТАНО Коммутатором;;;СТУ;ОБРАБОТАНО Коммутатором;;;СТУ;ОБРАБОТАНО Коммутатором;;;СТУ;ОБРАБОТАНО Коммутатором;СТУ;ОБРАБОТАНО Коммутатором
37754437;https://alladin116.amocrm.ru/leads/detail/37754437;повторный заказ;Закрыто и не реализовано;26.05.2026;;;;;;;;;;;;;;;;;;;;;;;;;;;;;;;;;;;;;;;;;;;;;;;;;;;;;;;;;;;;;;;;;;;;;;;;;СТУ;ОБРАБОТАНО Коммутатором;;;СТУ;ОБРАБОТАНО Коммутатором;;;СТУ;ОБРАБОТАНО Коммутатором;;;СТУ;Закрыто и не реализовано;;;;;;
37754445;https://alladin116.amocrm.ru/leads/detail/37754445;Коол Центр;Закрыто и не реализовано;26.05.2026;;;Документы ПБ;ОБРАБОТАНО КОММУТАТОРОМ;Документы ПБ;Закрыто и не реализовано;;;;;;;;;;;;;;;;;;;;;;;;;;;;;;;;;;;;;;;;;;;;;;;;;;;;;;;;;;;;;;;;;;;Другое;ОБРАБОТАНО КОММУТАТОРОМ;;;Документы ПБ;ОБРАБОТАНО КОММУТАТОРОМ;;;Документы ПБ;ОБРАБОТАНО КОММУТАТОРОМ;;;Документы ПБ;ОБРАБОТАНО КОММУТАТОРОМ;;;Документы ПБ;ОБРАБОТАНО КОММУТАТОРОМ;Документы ПБ;ОБРАБОТАНО КОММУТАТОРОМ
37754449;https://alladin116.amocrm.ru/leads/detail/37754449;По рекомендации;Успешно реализовано;26.05.2026;;;исполнение ОГНЕЗАЩИТА;Успешно реализовано;исполнение ОГНЕЗАЩИТА;Успешно реализовано;;;исполнение ОГНЕЗАЩИТА;Успешно реализовано;;;;;исполнение ОГНЕЗАЩИТА;Успешно реализовано;;;исполнение ОГНЕЗАЩИТА;Успешно реализовано;;;исполнение ОГНЕЗАЩИТА;Успешно реализовано;;;исполнение ОГНЕЗАЩИТА;Успешно реализовано;;;исполнение ОГНЕЗАЩИТА;Успешно реализовано;;;;;;;;;;;;;;;;;;;;;;;;;;;;;;;;;;;;;;;;;Продажи Титова;ждем подписанный договор/оплату;;;исполнение ОГНЕЗАЩИТА;Успешно реализовано;;;исполнение ОГНЕЗАЩИТА;Успешно реализовано;;;исполнение ОГНЕЗАЩИТА;Успешно реализовано;;;исполнение ОГНЕЗАЩИТА;Успешно реализовано;исполнение ОГНЕЗАЩИТА;Успешно реализовано
37754493;https://alladin116.amocrm.ru/leads/detail/37754493;СЕО;;27.05.2026;;;АПС;Контрольный звонок данные;АПС;Контрольный звонок данные;;;АПС;Контрольный звонок данные;;;;;АПС;Контрольный звонок данные;;;АПС;Контрольный звонок данные;;;АПС;Контрольный звонок данные;;;АПС;Контрольный звонок данные;;;АПС;Контрольный звонок данные;;;;;;;;;;;;;;;;;;;;;;;;;;;;;;;;;;;;;;;;;;;;;АПС;Запросили данные;;;АПС;Контрольный звонок данные;;;АПС;Контрольный звонок данные;;;АПС;Контрольный звонок данные;АПС;Контрольный звонок данные
37754543;https://alladin116.amocrm.ru/leads/detail/37754543;Коол Центр;Закрыто и не реализовано;27.05.2026;;;Другое;ОБРАБОТАНО КОММУТАТОРОМ;Другое;Закрыто и не реализовано;;;;;;;;;;;;;;;;;;;;;;;;;;;;;;;;;;;;;;;;;;;;;;;;;;;;;;;;;;;;;;;;;;;;;;;Лиды обработка;Скорозвон;;;Другое;ОБРАБОТАНО КОММУТАТОРОМ;;;Другое;ОБРАБОТАНО КОММУТАТОРОМ;;;Другое;ОБРАБОТАНО КОММУТАТОРОМ;Другое;ОБРАБОТАНО КОММУТАТОРОМ
37754563;https://alladin116.amocrm.ru/leads/detail/37754563;Коол Центр;;27.05.2026;;;Другое;ОБРАБОТАНО КОММУТАТОРОМ;Другое;ОБРАБОТАНО КОММУТАТОРОМ;;;Другое;ОБРАБОТАНО КОММУТАТОРОМ;;;;;Другое;ОБРАБОТАНО КОММУТАТОРОМ;;;Другое;ОБРАБОТАНО КОММУТАТОРОМ;;;Другое;ОБРАБОТАНО КОММУТАТОРОМ;;;Другое;ОБРАБОТАНО КОММУТАТОРОМ;;;Другое;ОБРАБОТАНО КОММУТАТОРОМ;;;;;;;;;;;;;;;;;;;;;;;;;;;;;;;;;;;;;;;;;;;;;Другое;ОБРАБОТАНО КОММУТАТОРОМ;;;Другое;ОБРАБОТАНО КОММУТАТОРОМ;;;Другое;ОБРАБОТАНО КОММУТАТОРОМ;;;Другое;ОБРАБОТАНО КОММУТАТОРОМ;Другое;ОБРАБОТАНО КОММУТАТОРОМ
37754567;https://alladin116.amocrm.ru/leads/detail/37754567;;Закрыто и не реализовано;27.05.2026;;;;;;;;;;;;;;;;;;;;;;;;;;;;;;;;;;;;;;;;;;;;;;;;;;;;;;;;;;;;;;;;;;;;;;;;;;;;;Лиды обработка;SEO ПОЖАРКА;;;Лиды обработка;Закрыто и не реализовано;;;;;;;;;;
37754587;https://alladin116.amocrm.ru/leads/detail/37754587;По рекомендации;;27.05.2026;;;СТУ;ДАННЫЕ ПРЕДОСТАВЛЕНЫ;СТУ;КП получено;;;СТУ;КП получено;;;;;СТУ;Контрольный звонок КП получено;;;СТУ;Контрольный звонок КП получено;;;СТУ;Контрольный звонок КП получено;;;СТУ;Контрольный звонок КП получено;;;СТУ;Контрольный звонок КП получено;;;;;;;;;;;;;;;;;;;;;;;;;;;;;;;;;;;;;;;;;;;;;СТУ;ОБРАБОТАНО Коммутатором;;;СТУ;ОБРАБОТАНО Коммутатором;;;СТУ;ДАННЫЕ ПРЕДОСТАВЛЕНЫ;;;СТУ;ДАННЫЕ ПРЕДОСТАВЛЕНЫ;СТУ;ДАННЫЕ ПРЕДОСТАВЛЕНЫ
37754599;https://alladin116.amocrm.ru/leads/detail/37754599;повторный заказ;;27.05.2026;;;СТУ;ОБРАБОТАНО Коммутатором;СТУ;ОБРАБОТАНО Коммутатором;;;СТУ;ОБРАБОТАНО Коммутатором;;;;;СТУ;ОБРАБОТАНО Коммутатором;;;СТУ;ОБРАБОТАНО Коммутатором;;;СТУ;ОБРАБОТАНО Коммутатором;;;СТУ;ОБРАБОТАНО Коммутатором;;;СТУ;ОБРАБОТАНО Коммутатором;;;;;;;;;;;;;;;;;;;;;;;;;;;;;;;;;;;;;;;;;;;;;СТУ;ОБРАБОТАНО Коммутатором;;;СТУ;ОБРАБОТАНО Коммутатором;;;СТУ;ОБРАБОТАНО Коммутатором;;;СТУ;ОБРАБОТАНО Коммутатором;СТУ;ОБРАБОТАНО Коммутатором
37754603;https://alladin116.amocrm.ru/leads/detail/37754603;Коол Центр;;27.05.2026;;;АПС;Контрольный звонок данные;АПС;Контрольный звонок данные;;;АПС;Контрольный звонок данные;;;;;АПС;Контрольный звонок данные;;;АПС;Контрольный звонок данные;;;АПС;Контрольный звонок данные;;;АПС;Контрольный звонок данные;;;АПС;Контрольный звонок данные;;;;;;;;;;;;;;;;;;;;;;;;;;;;;;;;;;;;;;;;;;;;;АПС;Запросили данные;;;АПС;Контрольный звонок данные;;;АПС;Контрольный звонок данные;;;АПС;Контрольный звонок данные;АПС;Контрольный звонок данные
37754623;https://alladin116.amocrm.ru/leads/detail/37754623;Коол Центр;Закрыто и не реализовано;27.05.2026;;;;;;;;;;;;;;;;;;;;;;;;;;;;;;;;;;;;;;;;;;;;;;;;;;;;;;;;;;;;;;;;;;;;;;;;;;;;;Другое;Закрыто и не реализовано;;;;;;;;;;;;;;
37754629;https://alladin116.amocrm.ru/leads/detail/37754629;Коол Центр;Закрыто и не реализовано;27.05.2026;;;Другое;ОБРАБОТАНО КОММУТАТОРОМ;Другое;Закрыто и не реализовано;;;;;;;;;;;;;;;;;;;;;;;;;;;;;;;;;;;;;;;;;;;;;;;;;;;;;;;;;;;;;;;;;;;;;;;Другое;ОБРАБОТАНО КОММУТАТОРОМ;;;Другое;ОБРАБОТАНО КОММУТАТОРОМ;;;Другое;ОБРАБОТАНО КОММУТАТОРОМ;;;Другое;ОБРАБОТАНО КОММУТАТОРОМ;Другое;ОБРАБОТАНО КОММУТАТОРОМ
37754643;https://alladin116.amocrm.ru/leads/detail/37754643;повторный заказ;Закрыто и не реализовано;27.05.2026;;;Планы эвакуации;Контрольный звонок КП договоренности;Планы эвакуации;Контрольный звонок КП договоренности;;;Планы эвакуации;Контрольный звонок КП договоренности;;;;;Планы эвакуации;Контрольный звонок КП договоренности;;;Планы эвакуации;Контрольный звонок КП договоренности;;;Планы эвакуации;Контрольный звонок КП договоренности;;;Планы эвакуации;Контрольный звонок КП договоренности;;;Планы эвакуации;Закрыто и не реализовано;;;;;;;;;;;;;;;;;;;;;;;;;;;;;;;;;;;;;;;;;;;;;Планы эвакуации;Запросили данные;;;Планы эвакуации;Контрольный звонок КП договоренности;;;Планы эвакуации;Контрольный звонок КП договоренности;;;Планы эвакуации;Контрольный звонок КП договоренности;Планы эвакуации;Контрольный звонок КП договоренности
37754753;https://alladin116.amocrm.ru/leads/detail/37754753;повторный заказ;Закрыто и не реализовано;28.05.2026;;;;;;;;;;;;;;;;;;;;;;;;;;;;;;;;;;;;;;;;;;;;;;;;;;;;;;;;;;;;;;;;;;;;;;;;;;;;;;;;;Лиды обработка;Закрыто и не реализовано;;;;;;;;;;
37754763;https://alladin116.amocrm.ru/leads/detail/37754763;повторный заказ;Закрыто и не реализовано;28.05.2026;;;СТУ;ОБРАБОТАНО Коммутатором;СТУ;Закрыто и не реализовано;;;;;;;;;;;;;;;;;;;;;;;;;;;;;;;;;;;;;;;;;;;;;;;;;;;;;;;;;;;;;;;;;;;;;;;;;;;СТУ;ОБРАБОТАНО Коммутатором;;;СТУ;ОБРАБОТАНО Коммутатором;;;СТУ;ОБРАБОТАНО Коммутатором;СТУ;ОБРАБОТАНО Коммутатором
37754769;https://alladin116.amocrm.ru/leads/detail/37754769;yandex;Закрыто и не реализовано;28.05.2026;;;;;;;;;;;;;;;;;;;;;;;;;;;;;;;;;;;;;;;;;;;;;;;;;;;;;;;;;;;;;;;;;;;;;;;;;;;;;;;;;Лиды обработка;Закрыто и не реализовано;;;;;;;;;;
37754781;https://alladin116.amocrm.ru/leads/detail/37754781;повторный заказ;Закрыто и не реализовано;28.05.2026;;;;;;;;;;;;;;;;;;;;;;;;;;;;;;;;;;;;;;;;;;;;;;;;;;;;;;;;;;;;;;;;;;;;;;;;;;;;;;;;;Лиды обработка;Закрыто и не реализовано;;;;;;;;;;
37754783;https://alladin116.amocrm.ru/leads/detail/37754783;повторный заказ;Закрыто и не реализовано;28.05.2026;;;;;;;;;;;;;;;;;;;;;;;;;;;;;;;;;;;;;;;;;;;;;;;;;;;;;;;;;;;;;;;;;;;;;;;;;;;;;;;;;Лиды обработка;Закрыто и не реализовано;;;;;;;;;;
37754817;https://alladin116.amocrm.ru/leads/detail/37754817;повторный заказ;;28.05.2026;;;СТУ;ОБРАБОТАНО Коммутатором;СТУ;ОБРАБОТАНО Коммутатором;;;СТУ;ОБРАБОТАНО Коммутатором;;;;;СТУ;ОБРАБОТАНО Коммутатором;;;СТУ;ОБРАБОТАНО Коммутатором;;;СТУ;ОБРАБОТАНО Коммутатором;;;СТУ;ОБРАБОТАНО Коммутатором;;;СТУ;ОБРАБОТАНО Коммутатором;;;;;;;;;;;;;;;;;;;;;;;;;;;;;;;;;;;;;;;;;;;;;;;;;СТУ;ОБРАБОТАНО Коммутатором;;;СТУ;ОБРАБОТАНО Коммутатором;;;СТУ;ОБРАБОТАНО Коммутатором;СТУ;ОБРАБОТАНО Коммутатором
37754823;https://alladin116.amocrm.ru/leads/detail/37754823;повторный заказ;;28.05.2026;;;СТУ;ОБРАБОТАНО Коммутатором;СТУ;ОБРАБОТАНО Коммутатором;;;СТУ;ОБРАБОТАНО Коммутатором;;;;;СТУ;ОБРАБОТАНО Коммутатором;;;СТУ;ОБРАБОТАНО Коммутатором;;;СТУ;ОБРАБОТАНО Коммутатором;;;СТУ;ОБРАБОТАНО Коммутатором;;;СТУ;ОБРАБОТАНО Коммутатором;;;;;;;;;;;;;;;;;;;;;;;;;;;;;;;;;;;;;;;;;;;;;;;;;СТУ;ОБРАБОТАНО Коммутатором;;;СТУ;ОБРАБОТАНО Коммутатором;;;СТУ;ОБРАБОТАНО Коммутатором;СТУ;ОБРАБОТАНО Коммутатором
37754827;https://alladin116.amocrm.ru/leads/detail/37754827;СЕО;Закрыто и не реализовано;28.05.2026;;;;;;;;;;;;;;;;;;;;;;;;;;;;;;;;;;;;;;;;;;;;;;;;;;;;;;;;;;;;;;;;;;;;;;;;;;;;;;;;;Лиды обработка;Закрыто и не реализовано;;;;;;;;;;
37754829;https://alladin116.amocrm.ru/leads/detail/37754829;повторный заказ;;28.05.2026;;;Другое;Контрольный звонок КП договоренности;Другое;Контрольный звонок КП договоренности;;;Другое;Контрольный звонок КП договоренности;;;;;Другое;Контрольный звонок КП договоренности;;;Другое;Контрольный звонок КП договоренности;;;Другое;Контрольный звонок КП договоренности;;;Другое;Контрольный звонок КП договоренности;;;Другое;Контрольный звонок КП договоренности;;;;;;;;;;;;;;;;;;;;;;;;;;;;;;;;;;;;;;;;;;;;;;;;;Другое;Запросили данные;;;Другое;Контрольный звонок КП договоренности;;;Другое;Контрольный звонок КП договоренности;Другое;Контрольный звонок КП договоренности
37754839;https://alladin116.amocrm.ru/leads/detail/37754839;повторный заказ;Закрыто и не реализовано;28.05.2026;;;;;;;;;;;;;;;;;;;;;;;;;;;;;;;;;;;;;;;;;;;;;;;;;;;;;;;;;;;;;;;;;;;;;;;;;;;;;;;;;Лиды обработка;Закрыто и не реализовано;;;;;;;;;;
37754841;https://alladin116.amocrm.ru/leads/detail/37754841;повторный заказ;Закрыто и не реализовано;28.05.2026;;;;;;;;;;;;;;;;;;;;;;;;;;;;;;;;;;;;;;;;;;;;;;;;;;;;;;;;;;;;;;;;;;;;;;;;;;;;;;;;;Лиды обработка;Закрыто и не реализовано;;;;;;;;;;
37754865;https://alladin116.amocrm.ru/leads/detail/37754865;СЕО;Закрыто и не реализовано;28.05.2026;;;;;;;;;;;;;;;;;;;;;;;;;;;;;;;;;;;;;;;;;;;;;;;;;;;;;;;;;;;;;;;;;;;;;;;;;;;;;;;;;Лиды обработка;Закрыто и не реализовано;;;;;;;;;;
37754867;https://alladin116.amocrm.ru/leads/detail/37754867;повторный заказ;;28.05.2026;;;Другое;Оплата 100%;Другое;Оплата 100%;;;Другое;Оплата 100%;;;;;Другое;Оплата 100%;;;Другое;Оплата 100%;;;Другое;Оплата 100%;;;Другое;Оплата 100%;;;Другое;УПД отправлено;;;;;;;;;;;;;;;;;;;;;;;;;;;;;;;;;;;;;;;;;;;;;;;;;Другое;ДАННЫЕ ПРЕДОСТАВЛЕНЫ;;;Другое;Оплата 100%;;;Другое;Оплата 100%;Другое;Оплата 100%
37754879;https://alladin116.amocrm.ru/leads/detail/37754879;повторный заказ;Закрыто и не реализовано;28.05.2026;;;;;;;;;;;;;;;;;;;;;;;;;;;;;;;;;;;;;;;;;;;;;;;;;;;;;;;;;;;;;;;;;;;;;;;;;;;;;;;;;Лиды обработка;Закрыто и не реализовано;;;;;;;;;;
37754885;https://alladin116.amocrm.ru/leads/detail/37754885;СЕО;;28.05.2026;;;Другое;ОБРАБОТАНО КОММУТАТОРОМ;Другое;ОБРАБОТАНО КОММУТАТОРОМ;;;Другое;ДАННЫЕ ПРЕДОСТАВЛЕНЫ;;;;;СТУ;Контрольный звонок КП;;;СТУ;Контрольный звонок КП получено;;;СТУ;Контрольный звонок КП получено;;;СТУ;Контрольный звонок КП получено;;;СТУ;Контрольный звонок КП получено;;;;;;;;;;;;;;;;;;;;;;;;;;;;;;;;;;;;;;;;;;;;;;;;;Другое;ОБРАБОТАНО КОММУТАТОРОМ;;;Другое;ОБРАБОТАНО КОММУТАТОРОМ;;;Другое;ОБРАБОТАНО КОММУТАТОРОМ;Другое;ОБРАБОТАНО КОММУТАТОРОМ
37754890;https://alladin116.amocrm.ru/leads/detail/37754890;Коол Центр;Закрыто и не реализовано;28.05.2026;;;;;;;;;;;;;;;;;;;;;;;;;;;;;;;;;;;;;;;;;;;;;;;;;;;;;;;;;;;;;;;;;;;;;;;;;;;;;;;;;Лиды обработка;Закрыто и не реализовано;;;;;;;;;;
37754894;https://alladin116.amocrm.ru/leads/detail/37754894;повторный заказ;;28.05.2026;;;СТУ;ОБРАБОТАНО Коммутатором;СТУ;ОБРАБОТАНО Коммутатором;;;СТУ;ОБРАБОТАНО Коммутатором;;;;;СТУ;ОБРАБОТАНО Коммутатором;;;СТУ;ОБРАБОТАНО Коммутатором;;;СТУ;ОБРАБОТАНО Коммутатором;;;СТУ;ОБРАБОТАНО Коммутатором;;;СТУ;ОБРАБОТАНО Коммутатором;;;;;;;;;;;;;;;;;;;;;;;;;;;;;;;;;;;;;;;;;;;;;;;;;СТУ;ОБРАБОТАНО Коммутатором;;;СТУ;ОБРАБОТАНО Коммутатором;;;СТУ;ОБРАБОТАНО Коммутатором;СТУ;ОБРАБОТАНО Коммутатором
37754896;https://alladin116.amocrm.ru/leads/detail/37754896;повторный заказ;Закрыто и не реализовано;28.05.2026;;;;;;;;;;;;;;;;;;;;;;;;;;;;;;;;;;;;;;;;;;;;;;;;;;;;;;;;;;;;;;;;;;;;;;;;;;;;;;;;;Другое;ОБРАБОТАНО КОММУТАТОРОМ;;;Другое;Закрыто и не реализовано;;;;;;
37754902;https://alladin116.amocrm.ru/leads/detail/37754902;yandex;Закрыто и не реализовано;28.05.2026;;;;;;;;;;;;;;;;;;;;;;;;;;;;;;;;;;;;;;;;;;;;;;;;;;;;;;;;;;;;;;;;;;;;;;;;;;;;;;;;;Лиды обработка;Закрыто и не реализовано;;;;;;;;;;
37754908;https://alladin116.amocrm.ru/leads/detail/37754908;повторный заказ;Закрыто и не реализовано;28.05.2026;;;;;;;;;;;;;;;;;;;;;;;;;;;;;;;;;;;;;;;;;;;;;;;;;;;;;;;;;;;;;;;;;;;;;;;;;;;;;;;;;Лиды обработка;SEO ПОЖАРКА;;;Лиды обработка;Закрыто и не реализовано;;;;;;
37754966;https://alladin116.amocrm.ru/leads/detail/37754966;повторный заказ;;29.05.2026;;;СТУ;ОБРАБОТАНО Коммутатором;СТУ;ОБРАБОТАНО Коммутатором;;;СТУ;ОБРАБОТАНО Коммутатором;;;;;СТУ;ОБРАБОТАНО Коммутатором;;;СТУ;ОБРАБОТАНО Коммутатором;;;СТУ;ОБРАБОТАНО Коммутатором;;;СТУ;ОБРАБОТАНО Коммутатором;;;СТУ;ОБРАБОТАНО Коммутатором;;;;;;;;;;;;;;;;;;;;;;;;;;;;;;;;;;;;;;;;;;;;;;;;;;;;;СТУ;ОБРАБОТАНО Коммутатором;;;СТУ;ОБРАБОТАНО Коммутатором;СТУ;ОБРАБОТАНО Коммутатором
37754990;https://alladin116.amocrm.ru/leads/detail/37754990;СЕО;Закрыто и не реализовано;29.05.2026;;;;;;;;;;;;;;;;;;;;;;;;;;;;;;;;;;;;;;;;;;;;;;;;;;;;;;;;;;;;;;;;;;;;;;;;;;;;;;;;;;;;;Лиды обработка;Закрыто и не реализовано;;;;;;
37754992;https://alladin116.amocrm.ru/leads/detail/37754992;повторный заказ;Закрыто и не реализовано;29.05.2026;;;;;;;;;;;;;;;;;;;;;;;;;;;;;;;;;;;;;;;;;;;;;;;;;;;;;;;;;;;;;;;;;;;;;;;;;;;;;;;;;;;;;Лиды обработка;Закрыто и не реализовано;;;;;;
37755006;https://alladin116.amocrm.ru/leads/detail/37755006;Коол Центр;Закрыто и не реализовано;29.05.2026;;;Лиды обработка;Недозвон;Лиды обработка;Закрыто и не реализовано;;;;;;;;;;;;;;;;;;;;;;;;;;;;;;;;;;;;;;;;;;;;;;;;;;;;;;;;;;;;;;;;;;;;;;;;;;;;;;;Лиды обработка;Недозвон;;;Лиды обработка;Недозвон;Лиды обработка;Недозвон
37755018;https://alladin116.amocrm.ru/leads/detail/37755018;Коол Центр;;29.05.2026;;;СТУ;ОБРАБОТАНО Коммутатором;СТУ;ОБРАБОТАНО Коммутатором;;;СТУ;ОБРАБОТАНО Коммутатором;;;;;СТУ;ОБРАБОТАНО Коммутатором;;;СТУ;ОБРАБОТАНО Коммутатором;;;СТУ;ОБРАБОТАНО Коммутатором;;;СТУ;ОБРАБОТАНО Коммутатором;;;СТУ;ОБРАБОТАНО Коммутатором;;;;;;;;;;;;;;;;;;;;;;;;;;;;;;;;;;;;;;;;;;;;;;;;;;;;;СТУ;ОБРАБОТАНО Коммутатором;;;СТУ;ОБРАБОТАНО Коммутатором;СТУ;ОБРАБОТАНО Коммутатором
37755025;https://alladin116.amocrm.ru/leads/detail/37755025;Коол Центр;;29.05.2026;;;СТУ;ОБРАБОТАНО Коммутатором;СТУ;ОБРАБОТАНО Коммутатором;;;СТУ;ОБРАБОТАНО Коммутатором;;;;;СТУ;ОБРАБОТАНО Коммутатором;;;СТУ;ОБРАБОТАНО Коммутатором;;;СТУ;ОБРАБОТАНО Коммутатором;;;СТУ;ОБРАБОТАНО Коммутатором;;;СТУ;ОБРАБОТАНО Коммутатором;;;;;;;;;;;;;;;;;;;;;;;;;;;;;;;;;;;;;;;;;;;;;;;;;;;;;СТУ;ОБРАБОТАНО Коммутатором;;;СТУ;ОБРАБОТАНО Коммутатором;СТУ;ОБРАБОТАНО Коммутатором
37755029;https://alladin116.amocrm.ru/leads/detail/37755029;повторный заказ;Закрыто и не реализовано;29.05.2026;;;;;;;;;;;;;;;;;;;;;;;;;;;;;;;;;;;;;;;;;;;;;;;;;;;;;;;;;;;;;;;;;;;;;;;;;;;;;;;;;;;;;Лиды обработка;Закрыто и не реализовано;;;;;;
37755031;https://alladin116.amocrm.ru/leads/detail/37755031;Коол Центр;Закрыто и не реализовано;29.05.2026;;;;;;;;;;;;;;;;;;;;;;;;;;;;;;;;;;;;;;;;;;;;;;;;;;;;;;;;;;;;;;;;;;;;;;;;;;;;;;;;;;;;;Другое;Закрыто и не реализовано;;;;;;
37755041;https://alladin116.amocrm.ru/leads/detail/37755041;Коол Центр;Закрыто и не реализовано;29.05.2026;;;;;;;;;;;;;;;;;;;;;;;;;;;;;;;;;;;;;;;;;;;;;;;;;;;;;;;;;;;;;;;;;;;;;;;;;;;;;;;;;;;;;Расчет рисков;Закрыто и не реализовано;;;;;;
37755063;https://alladin116.amocrm.ru/leads/detail/37755063;повторный заказ;Закрыто и не реализовано;29.05.2026;;;СТУ;ОБРАБОТАНО Коммутатором;СТУ;ОБРАБОТАНО Коммутатором;;;СТУ;ОБРАБОТАНО Коммутатором;;;;;СТУ;Закрыто и не реализовано;;;;;;;;;;;;;;;;;;;;;;;;;;;;;;;;;;;;;;;;;;;;;;;;;;;;;;;;;;;;;;;;;;;;;СТУ;ОБРАБОТАНО Коммутатором;;;СТУ;ОБРАБОТАНО Коммутатором;СТУ;ОБРАБОТАНО Коммутатором
37755071;https://alladin116.amocrm.ru/leads/detail/37755071;СЕО;Закрыто и не реализовано;29.05.2026;;;;;;;;;;;;;;;;;;;;;;;;;;;;;;;;;;;;;;;;;;;;;;;;;;;;;;;;;;;;;;;;;;;;;;;;;;;;;;;;;;;;;Лиды обработка;Закрыто и не реализовано;;;;;;
37755079;https://alladin116.amocrm.ru/leads/detail/37755079;повторный заказ;Закрыто и не реализовано;29.05.2026;;;;;;;;;;;;;;;;;;;;;;;;;;;;;;;;;;;;;;;;;;;;;;;;;;;;;;;;;;;;;;;;;;;;;;;;;;;;;;;;;;;;;Лиды обработка;Закрыто и не реализовано;;;;;;
37755081;https://alladin116.amocrm.ru/leads/detail/37755081;повторный заказ, Коол Центр;;29.05.2026;;;СТУ;ОБРАБОТАНО Коммутатором;СТУ;ОБРАБОТАНО Коммутатором;;;СТУ;Обзвон Базы;;;;;СТУ;Обзвон Базы;;;СТУ;Обзвон Базы;;;СТУ;Обзвон Базы;;;СТУ;Обзвон Базы;;;СТУ;Обзвон Базы;;;;;;;;;;;;;;;;;;;;;;;;;;;;;;;;;;;;;;;;;;;;;;;;;;;;;СТУ;ОБРАБОТАНО Коммутатором;;;СТУ;ОБРАБОТАНО Коммутатором;СТУ;ОБРАБОТАНО Коммутатором
37755087;https://alladin116.amocrm.ru/leads/detail/37755087;СЕО;Закрыто и не реализовано;29.05.2026;;;Лиды обработка;SEO ПОЖАРКА;Лиды обработка;SEO ПОЖАРКА;;;Лиды обработка;SEO ПОЖАРКА;;;;;Лиды обработка;Закрыто и не реализовано;;;;;;;;;;;;;;;;;;;;;;;;;;;;;;;;;;;;;;;;;;;;;;;;;;;;;;;;;;;;;;;;;;;;;Лиды обработка;SEO ПОЖАРКА;;;Лиды обработка;SEO ПОЖАРКА;Лиды обработка;SEO ПОЖАРКА
37755303;https://alladin116.amocrm.ru/leads/detail/37755303;По рекомендации;Закрыто и не реализовано;01.06.2026;;;Расчет рисков;Договор/счет отправлен;Расчет рисков;Контрольный звонок Д\С;;;Расчет рисков;Контрольный звонок Д\С;;;;;Расчет рисков;Контрольный звонок Д\С;;;Расчет рисков;Контрольный звонок Д\С;;;Расчет рисков;Контрольный звонок Д\С;;;Расчет рисков;Контрольный звонок Д\С;;;Расчет рисков;Закрыто и не реализовано;;;;;;;;;;;;;;;;;;;;;;;;;;;;;;;;;;;;;;;;;;;;;;;;;;;;;;;;;;;;
37755337;https://alladin116.amocrm.ru/leads/detail/37755337;;Закрыто и не реализовано;01.06.2026;;;Лиды обработка;Скорозвон;Лиды обработка;Скорозвон;;;Лиды обработка;Скорозвон;;;;;Лиды обработка;Скорозвон;;;Лиды обработка;Закрыто и не реализовано;;;;;;;;;;;;;;;;;;;;;;;;;;;;;;;;;;;;;;;;;;;;;;;;;;;;;;;;;;;;;;;;;;;;;;;;
37755339;https://alladin116.amocrm.ru/leads/detail/37755339;;Закрыто и не реализовано;01.06.2026;;;Лиды обработка;Скорозвон;Лиды обработка;Скорозвон;;;Лиды обработка;Скорозвон;;;;;Лиды обработка;Скорозвон;;;Лиды обработка;Закрыто и не реализовано;;;;;;;;;;;;;;;;;;;;;;;;;;;;;;;;;;;;;;;;;;;;;;;;;;;;;;;;;;;;;;;;;;;;;;;;
37755341;https://alladin116.amocrm.ru/leads/detail/37755341;;Закрыто и не реализовано;01.06.2026;;;Лиды обработка;Скорозвон;Лиды обработка;Скорозвон;;;Лиды обработка;Скорозвон;;;;;Лиды обработка;Скорозвон;;;Лиды обработка;Закрыто и не реализовано;;;;;;;;;;;;;;;;;;;;;;;;;;;;;;;;;;;;;;;;;;;;;;;;;;;;;;;;;;;;;;;;;;;;;;;;
37755343;https://alladin116.amocrm.ru/leads/detail/37755343;;Закрыто и не реализовано;01.06.2026;;;СТУ;ОБРАБОТАНО Коммутатором;СТУ;Закрыто и не реализовано;;;;;;;;;;;;;;;;;;;;;;;;;;;;;;;;;;;;;;;;;;;;;;;;;;;;;;;;;;;;;;;;;;;;;;;;;;;;;;;;;;;;;;
37755375;https://alladin116.amocrm.ru/leads/detail/37755375;;Закрыто и не реализовано;01.06.2026;;;СТУ;Обзвон Базы;СТУ;Обзвон Базы;;;СТУ;Обзвон Базы;;;;;СТУ;Закрыто и не реализовано;;;;;;;;;;;;;;;;;;;;;;;;;;;;;;;;;;;;;;;;;;;;;;;;;;;;;;;;;;;;;;;;;;;;;;;;;;;;
37755381;https://alladin116.amocrm.ru/leads/detail/37755381;;Закрыто и не реализовано;01.06.2026;;;СТУ;Обзвон Базы;СТУ;Обзвон Базы;;;СТУ;Обзвон Базы;;;;;СТУ;Закрыто и не реализовано;;;;;;;;;;;;;;;;;;;;;;;;;;;;;;;;;;;;;;;;;;;;;;;;;;;;;;;;;;;;;;;;;;;;;;;;;;;;
37755385;https://alladin116.amocrm.ru/leads/detail/37755385;;Закрыто и не реализовано;01.06.2026;;;СТУ;Обзвон Базы;СТУ;Обзвон Базы;;;СТУ;Обзвон Базы;;;;;СТУ;Закрыто и не реализовано;;;;;;;;;;;;;;;;;;;;;;;;;;;;;;;;;;;;;;;;;;;;;;;;;;;;;;;;;;;;;;;;;;;;;;;;;;;;
37755389;https://alladin116.amocrm.ru/leads/detail/37755389;;Закрыто и не реализовано;01.06.2026;;;СТУ;Обзвон Базы;СТУ;Обзвон Базы;;;СТУ;Обзвон Базы;;;;;СТУ;Закрыто и не реализовано;;;;;;;;;;;;;;;;;;;;;;;;;;;;;;;;;;;;;;;;;;;;;;;;;;;;;;;;;;;;;;;;;;;;;;;;;;;;
37755393;https://alladin116.amocrm.ru/leads/detail/37755393;;Закрыто и не реализовано;01.06.2026;;;СТУ;Обзвон Базы;СТУ;Обзвон Базы;;;СТУ;Обзвон Базы;;;;;СТУ;Закрыто и не реализовано;;;;;;;;;;;;;;;;;;;;;;;;;;;;;;;;;;;;;;;;;;;;;;;;;;;;;;;;;;;;;;;;;;;;;;;;;;;;
37755395;https://alladin116.amocrm.ru/leads/detail/37755395;;Закрыто и не реализовано;01.06.2026;;;СТУ;Закрыто и не реализовано;;;;;;;;;;;;;;;;;;;;;;;;;;;;;;;;;;;;;;;;;;;;;;;;;;;;;;;;;;;;;;;;;;;;;;;;;;;;;;;;;;;;;;;;
37755397;https://alladin116.amocrm.ru/leads/detail/37755397;;Закрыто и не реализовано;01.06.2026;;;СТУ;Обзвон Базы;СТУ;Обзвон Базы;;;СТУ;Обзвон Базы;;;;;СТУ;Закрыто и не реализовано;;;;;;;;;;;;;;;;;;;;;;;;;;;;;;;;;;;;;;;;;;;;;;;;;;;;;;;;;;;;;;;;;;;;;;;;;;;;
37755401;https://alladin116.amocrm.ru/leads/detail/37755401;;Закрыто и не реализовано;01.06.2026;;;СТУ;Обзвон Базы;СТУ;Обзвон Базы;;;СТУ;Обзвон Базы;;;;;СТУ;Закрыто и не реализовано;;;;;;;;;;;;;;;;;;;;;;;;;;;;;;;;;;;;;;;;;;;;;;;;;;;;;;;;;;;;;;;;;;;;;;;;;;;;
37755403;https://alladin116.amocrm.ru/leads/detail/37755403;;Закрыто и не реализовано;01.06.2026;;;СТУ;Обзвон Базы;СТУ;Обзвон Базы;;;СТУ;Обзвон Базы;;;;;СТУ;Закрыто и не реализовано;;;;;;;;;;;;;;;;;;;;;;;;;;;;;;;;;;;;;;;;;;;;;;;;;;;;;;;;;;;;;;;;;;;;;;;;;;;;
37755405;https://alladin116.amocrm.ru/leads/detail/37755405;;Закрыто и не реализовано;01.06.2026;;;СТУ;Обзвон Базы;СТУ;Обзвон Базы;;;СТУ;Обзвон Базы;;;;;СТУ;Закрыто и не реализовано;;;;;;;;;;;;;;;;;;;;;;;;;;;;;;;;;;;;;;;;;;;;;;;;;;;;;;;;;;;;;;;;;;;;;;;;;;;;
37755407;https://alladin116.amocrm.ru/leads/detail/37755407;;Закрыто и не реализовано;01.06.2026;;;СТУ;Обзвон Базы;СТУ;Обзвон Базы;;;СТУ;Обзвон Базы;;;;;СТУ;Закрыто и не реализовано;;;;;;;;;;;;;;;;;;;;;;;;;;;;;;;;;;;;;;;;;;;;;;;;;;;;;;;;;;;;;;;;;;;;;;;;;;;;
37755409;https://alladin116.amocrm.ru/leads/detail/37755409;;Закрыто и не реализовано;01.06.2026;;;СТУ;Обзвон Базы;СТУ;Обзвон Базы;;;СТУ;Обзвон Базы;;;;;СТУ;Обзвон Базы;;;СТУ;Обзвон Базы;;;СТУ;Обзвон Базы;;;СТУ;Обзвон Базы;;;СТУ;Закрыто и не реализовано;;;;;;;;;;;;;;;;;;;;;;;;;;;;;;;;;;;;;;;;;;;;;;;;;;;;;;;;;;;;
37755423;https://alladin116.amocrm.ru/leads/detail/37755423;;Закрыто и не реализовано;01.06.2026;;;СТУ;Обзвон Базы;СТУ;Обзвон Базы;;;СТУ;Обзвон Базы;;;;;СТУ;Обзвон Базы;;;СТУ;Закрыто и не реализовано;;;;;;;;;;;;;;;;;;;;;;;;;;;;;;;;;;;;;;;;;;;;;;;;;;;;;;;;;;;;;;;;;;;;;;;;
37755433;https://alladin116.amocrm.ru/leads/detail/37755433;;Закрыто и не реализовано;01.06.2026;;;СТУ;Обзвон Базы;СТУ;Обзвон Базы;;;СТУ;Обзвон Базы;;;;;СТУ;Обзвон Базы;;;СТУ;Закрыто и не реализовано;;;;;;;;;;;;;;;;;;;;;;;;;;;;;;;;;;;;;;;;;;;;;;;;;;;;;;;;;;;;;;;;;;;;;;;;
37755459;https://alladin116.amocrm.ru/leads/detail/37755459;;Закрыто и не реализовано;01.06.2026;;;СТУ;Обзвон Базы;СТУ;Обзвон Базы;;;СТУ;Обзвон Базы;;;;;СТУ;Закрыто и не реализовано;;;;;;;;;;;;;;;;;;;;;;;;;;;;;;;;;;;;;;;;;;;;;;;;;;;;;;;;;;;;;;;;;;;;;;;;;;;;
37755461;https://alladin116.amocrm.ru/leads/detail/37755461;;;01.06.2026;;;СТУ;Обзвон Базы;СТУ;Обзвон Базы;;;СТУ;Обзвон Базы;;;;;СТУ;Обзвон Базы;;;СТУ;Обзвон Базы;;;СТУ;Обзвон Базы;;;СТУ;Обзвон Базы;;;СТУ;Обзвон Базы;;;;;;;;;;;;;;;;;;;;;;;;;;;;;;;;;;;;;;;;;;;;;;;;;;;;;;;;;;;;
37755465;https://alladin116.amocrm.ru/leads/detail/37755465;;Закрыто и не реализовано;01.06.2026;;;СТУ;Обзвон Базы;СТУ;Обзвон Базы;;;СТУ;Обзвон Базы;;;;;СТУ;Обзвон Базы;;;СТУ;Обзвон Базы;;;СТУ;Обзвон Базы;;;СТУ;Обзвон Базы;;;СТУ;Закрыто и не реализовано;;;;;;;;;;;;;;;;;;;;;;;;;;;;;;;;;;;;;;;;;;;;;;;;;;;;;;;;;;;;
37755471;https://alladin116.amocrm.ru/leads/detail/37755471;;;01.06.2026;;;СТУ;Обзвон Базы;СТУ;Обзвон Базы;;;СТУ;Обзвон Базы;;;;;СТУ;Обзвон Базы;;;СТУ;Обзвон Базы;;;СТУ;Обзвон Базы;;;СТУ;Обзвон Базы;;;СТУ;Обзвон Базы;;;;;;;;;;;;;;;;;;;;;;;;;;;;;;;;;;;;;;;;;;;;;;;;;;;;;;;;;;;;
37755475;https://alladin116.amocrm.ru/leads/detail/37755475;повторный заказ;Закрыто и не реализовано;01.06.2026;;;Лиды обработка;Закрыто и не реализовано;;;;;;;;;;;;;;;;;;;;;;;;;;;;;;;;;;;;;;;;;;;;;;;;;;;;;;;;;;;;;;;;;;;;;;;;;;;;;;;;;;;;;;;;
37755483;https://alladin116.amocrm.ru/leads/detail/37755483;;Закрыто и не реализовано;01.06.2026;;;СТУ;Обзвон Базы;СТУ;Обзвон Базы;;;СТУ;Обзвон Базы;;;;;СТУ;Закрыто и не реализовано;;;;;;;;;;;;;;;;;;;;;;;;;;;;;;;;;;;;;;;;;;;;;;;;;;;;;;;;;;;;;;;;;;;;;;;;;;;;
37755485;https://alladin116.amocrm.ru/leads/detail/37755485;;Закрыто и не реализовано;01.06.2026;;;СТУ;Обзвон Базы;СТУ;Обзвон Базы;;;СТУ;Обзвон Базы;;;;;СТУ;Закрыто и не реализовано;;;;;;;;;;;;;;;;;;;;;;;;;;;;;;;;;;;;;;;;;;;;;;;;;;;;;;;;;;;;;;;;;;;;;;;;;;;;
37755489;https://alladin116.amocrm.ru/leads/detail/37755489;;Закрыто и не реализовано;01.06.2026;;;СТУ;Обзвон Базы;СТУ;Обзвон Базы;;;СТУ;Обзвон Базы;;;;;СТУ;Обзвон Базы;;;СТУ;Закрыто и не реализовано;;;;;;;;;;;;;;;;;;;;;;;;;;;;;;;;;;;;;;;;;;;;;;;;;;;;;;;;;;;;;;;;;;;;;;;;
37755491;https://alladin116.amocrm.ru/leads/detail/37755491;;;01.06.2026;;;СТУ;Обзвон Базы;СТУ;Обзвон Базы;;;СТУ;Обзвон Базы;;;;;СТУ;Обзвон Базы;;;СТУ;Обзвон Базы;;;СТУ;Обзвон Базы;;;СТУ;Обзвон Базы;;;СТУ;Обзвон Базы;;;;;;;;;;;;;;;;;;;;;;;;;;;;;;;;;;;;;;;;;;;;;;;;;;;;;;;;;;;;
37755493;https://alladin116.amocrm.ru/leads/detail/37755493;;Закрыто и не реализовано;01.06.2026;;;СТУ;Обзвон Базы;СТУ;Обзвон Базы;;;СТУ;Обзвон Базы;;;;;СТУ;Обзвон Базы;;;СТУ;Закрыто и не реализовано;;;;;;;;;;;;;;;;;;;;;;;;;;;;;;;;;;;;;;;;;;;;;;;;;;;;;;;;;;;;;;;;;;;;;;;;
37755497;https://alladin116.amocrm.ru/leads/detail/37755497;;Закрыто и не реализовано;01.06.2026;;;СТУ;Обзвон Базы;СТУ;Обзвон Базы;;;СТУ;Обзвон Базы;;;;;СТУ;Обзвон Базы;;;СТУ;Закрыто и не реализовано;;;;;;;;;;;;;;;;;;;;;;;;;;;;;;;;;;;;;;;;;;;;;;;;;;;;;;;;;;;;;;;;;;;;;;;;
37755503;https://alladin116.amocrm.ru/leads/detail/37755503;;Закрыто и не реализовано;01.06.2026;;;СТУ;Обзвон Базы;СТУ;Обзвон Базы;;;СТУ;Обзвон Базы;;;;;СТУ;Обзвон Базы;;;СТУ;Закрыто и не реализовано;;;;;;;;;;;;;;;;;;;;;;;;;;;;;;;;;;;;;;;;;;;;;;;;;;;;;;;;;;;;;;;;;;;;;;;;
37755509;https://alladin116.amocrm.ru/leads/detail/37755509;;Закрыто и не реализовано;01.06.2026;;;СТУ;Обзвон Базы;СТУ;Обзвон Базы;;;СТУ;Обзвон Базы;;;;;СТУ;Закрыто и не реализовано;;;;;;;;;;;;;;;;;;;;;;;;;;;;;;;;;;;;;;;;;;;;;;;;;;;;;;;;;;;;;;;;;;;;;;;;;;;;
37755511;https://alladin116.amocrm.ru/leads/detail/37755511;;Закрыто и не реализовано;01.06.2026;;;СТУ;Обзвон Базы;СТУ;Обзвон Базы;;;СТУ;Обзвон Базы;;;;;СТУ;Обзвон Базы;;;СТУ;Закрыто и не реализовано;;;;;;;;;;;;;;;;;;;;;;;;;;;;;;;;;;;;;;;;;;;;;;;;;;;;;;;;;;;;;;;;;;;;;;;;
37755521;https://alladin116.amocrm.ru/leads/detail/37755521;;Закрыто и не реализовано;01.06.2026;;;СТУ;Обзвон Базы;СТУ;Обзвон Базы;;;СТУ;Обзвон Базы;;;;;СТУ;Закрыто и не реализовано;;;;;;;;;;;;;;;;;;;;;;;;;;;;;;;;;;;;;;;;;;;;;;;;;;;;;;;;;;;;;;;;;;;;;;;;;;;;
37755603;https://alladin116.amocrm.ru/leads/detail/37755603;Коол Центр;Закрыто и не реализовано;02.06.2026;;;;;АПС;Контрольный звонок данные;;;АПС;Контрольный звонок данные;;;;;АПС;Закрыто и не реализовано;;;;;;;;;;;;;;;;;;;;;;;;;;;;;;;;;;;;;;;;;;;;;;;;;;;;;;;;;;;;;;;;;;;;;;;;;;;;
37755613;https://alladin116.amocrm.ru/leads/detail/37755613;;Закрыто и не реализовано;02.06.2026;;;;;СТУ;Обзвон Базы;;;СТУ;Обзвон Базы;;;;;СТУ;Обзвон Базы;;;СТУ;Закрыто и не реализовано;;;;;;;;;;;;;;;;;;;;;;;;;;;;;;;;;;;;;;;;;;;;;;;;;;;;;;;;;;;;;;;;;;;;;;;;
37755615;https://alladin116.amocrm.ru/leads/detail/37755615;Коол Центр;Закрыто и не реализовано;02.06.2026;;;;;Лиды обработка;Недозвон;;;Лиды обработка;Закрыто и не реализовано;;;;;;;;;;;;;;;;;;;;;;;;;;;;;;;;;;;;;;;;;;;;;;;;;;;;;;;;;;;;;;;;;;;;;;;;;;;;;;;;;;
37755629;https://alladin116.amocrm.ru/leads/detail/37755629;;Закрыто и не реализовано;02.06.2026;;;;;СТУ;Обзвон Базы;;;СТУ;Обзвон Базы;;;;;СТУ;Обзвон Базы;;;СТУ;Закрыто и не реализовано;;;;;;;;;;;;;;;;;;;;;;;;;;;;;;;;;;;;;;;;;;;;;;;;;;;;;;;;;;;;;;;;;;;;;;;;
37755631;https://alladin116.amocrm.ru/leads/detail/37755631;Коол Центр;Закрыто и не реализовано;02.06.2026;;;;;СТУ;Обзвон Базы;;;СТУ;Обзвон Базы;;;;;СТУ;Закрыто и не реализовано;;;;;;;;;;;;;;;;;;;;;;;;;;;;;;;;;;;;;;;;;;;;;;;;;;;;;;;;;;;;;;;;;;;;;;;;;;;;
37755641;https://alladin116.amocrm.ru/leads/detail/37755641;Коол Центр;;02.06.2026;;;;;СТУ;Обзвон Базы;;;СТУ;Обзвон Базы;;;;;СТУ;Обзвон Базы;;;СТУ;Обзвон Базы;;;СТУ;Обзвон Базы;;;СТУ;Обзвон Базы;;;СТУ;Обзвон Базы;;;;;;;;;;;;;;;;;;;;;;;;;;;;;;;;;;;;;;;;;;;;;;;;;;;;;;;;;;;;
37755645;https://alladin116.amocrm.ru/leads/detail/37755645;Коол Центр;;02.06.2026;;;;;СТУ;Обзвон Базы;;;СТУ;Обзвон Базы;;;;;СТУ;Обзвон Базы;;;СТУ;Обзвон Базы;;;СТУ;Обзвон Базы;;;СТУ;Обзвон Базы;;;СТУ;Обзвон Базы;;;;;;;;;;;;;;;;;;;;;;;;;;;;;;;;;;;;;;;;;;;;;;;;;;;;;;;;;;;;
37755647;https://alladin116.amocrm.ru/leads/detail/37755647;Коол Центр;Закрыто и не реализовано;02.06.2026;;;;;СТУ;Закрыто и не реализовано;;;;;;;;;;;;;;;;;;;;;;;;;;;;;;;;;;;;;;;;;;;;;;;;;;;;;;;;;;;;;;;;;;;;;;;;;;;;;;;;;;;;;;
37755651;https://alladin116.amocrm.ru/leads/detail/37755651;Коол Центр;Закрыто и не реализовано;02.06.2026;;;;;СТУ;Закрыто и не реализовано;;;;;;;;;;;;;;;;;;;;;;;;;;;;;;;;;;;;;;;;;;;;;;;;;;;;;;;;;;;;;;;;;;;;;;;;;;;;;;;;;;;;;;
37755655;https://alladin116.amocrm.ru/leads/detail/37755655;Коол Центр;;02.06.2026;;;;;СТУ;Обзвон Базы;;;СТУ;Обзвон Базы;;;;;СТУ;Обзвон Базы;;;СТУ;Обзвон Базы;;;СТУ;Обзвон Базы;;;СТУ;Обзвон Базы;;;СТУ;Обзвон Базы;;;;;;;;;;;;;;;;;;;;;;;;;;;;;;;;;;;;;;;;;;;;;;;;;;;;;;;;;;;;
37755659;https://alladin116.amocrm.ru/leads/detail/37755659;;Закрыто и не реализовано;02.06.2026;;;;;СТУ;Обзвон Базы;;;СТУ;Обзвон Базы;;;;;СТУ;Обзвон Базы;;;СТУ;Закрыто и не реализовано;;;;;;;;;;;;;;;;;;;;;;;;;;;;;;;;;;;;;;;;;;;;;;;;;;;;;;;;;;;;;;;;;;;;;;;;
37755667;https://alladin116.amocrm.ru/leads/detail/37755667;;Закрыто и не реализовано;02.06.2026;;;;;СТУ;Обзвон Базы;;;СТУ;Обзвон Базы;;;;;СТУ;Закрыто и не реализовано;;;;;;;;;;;;;;;;;;;;;;;;;;;;;;;;;;;;;;;;;;;;;;;;;;;;;;;;;;;;;;;;;;;;;;;;;;;;
37755669;https://alladin116.amocrm.ru/leads/detail/37755669;повторный заказ;Закрыто и не реализовано;02.06.2026;;;;;Лиды обработка;Закрыто и не реализовано;;;;;;;;;;;;;;;;;;;;;;;;;;;;;;;;;;;;;;;;;;;;;;;;;;;;;;;;;;;;;;;;;;;;;;;;;;;;;;;;;;;;;;
37755671;https://alladin116.amocrm.ru/leads/detail/37755671;Коол Центр;Закрыто и не реализовано;02.06.2026;;;;;СТУ;Обзвон Базы;;;СТУ;Обзвон Базы;;;;;СТУ;Закрыто и не реализовано;;;;;;;;;;;;;;;;;;;;;;;;;;;;;;;;;;;;;;;;;;;;;;;;;;;;;;;;;;;;;;;;;;;;;;;;;;;;
37755673;https://alladin116.amocrm.ru/leads/detail/37755673;;Закрыто и не реализовано;02.06.2026;;;;;СТУ;Обзвон Базы;;;СТУ;Обзвон Базы;;;;;СТУ;Обзвон Базы;;;СТУ;Закрыто и не реализовано;;;;;;;;;;;;;;;;;;;;;;;;;;;;;;;;;;;;;;;;;;;;;;;;;;;;;;;;;;;;;;;;;;;;;;;;
37755677;https://alladin116.amocrm.ru/leads/detail/37755677;СЕО;Закрыто и не реализовано;02.06.2026;;;;;Лиды обработка;Закрыто и не реализовано;;;;;;;;;;;;;;;;;;;;;;;;;;;;;;;;;;;;;;;;;;;;;;;;;;;;;;;;;;;;;;;;;;;;;;;;;;;;;;;;;;;;;;
37755683;https://alladin116.amocrm.ru/leads/detail/37755683;Коол Центр;Закрыто и не реализовано;02.06.2026;;;;;СТУ;Закрыто и не реализовано;;;;;;;;;;;;;;;;;;;;;;;;;;;;;;;;;;;;;;;;;;;;;;;;;;;;;;;;;;;;;;;;;;;;;;;;;;;;;;;;;;;;;;
37755685;https://alladin116.amocrm.ru/leads/detail/37755685;СЕО;Закрыто и не реализовано;02.06.2026;;;;;Лиды обработка;Закрыто и не реализовано;;;;;;;;;;;;;;;;;;;;;;;;;;;;;;;;;;;;;;;;;;;;;;;;;;;;;;;;;;;;;;;;;;;;;;;;;;;;;;;;;;;;;;
37755687;https://alladin116.amocrm.ru/leads/detail/37755687;;Закрыто и не реализовано;02.06.2026;;;;;СТУ;Обзвон Базы;;;СТУ;Обзвон Базы;;;;;СТУ;Обзвон Базы;;;СТУ;Закрыто и не реализовано;;;;;;;;;;;;;;;;;;;;;;;;;;;;;;;;;;;;;;;;;;;;;;;;;;;;;;;;;;;;;;;;;;;;;;;;
37755689;https://alladin116.amocrm.ru/leads/detail/37755689;;Закрыто и не реализовано;02.06.2026;;;;;СТУ;Обзвон Базы;;;СТУ;Обзвон Базы;;;;;СТУ;Обзвон Базы;;;СТУ;Закрыто и не реализовано;;;;;;;;;;;;;;;;;;;;;;;;;;;;;;;;;;;;;;;;;;;;;;;;;;;;;;;;;;;;;;;;;;;;;;;;
37755693;https://alladin116.amocrm.ru/leads/detail/37755693;повторный заказ;;02.06.2026;;;;;Планы эвакуации;Кп отправлено;;;Планы эвакуации;Контрольный звонок КП;;;;;Планы эвакуации;Контрольный звонок КП;;;Планы эвакуации;Контрольный звонок КП;;;Планы эвакуации;Контрольный звонок КП;;;Планы эвакуации;Контрольный звонок КП;;;Планы эвакуации;Контрольный звонок КП;;;;;;;;;;;;;;;;;;;;;;;;;;;;;;;;;;;;;;;;;;;;;;;;;;;;;;;;;;;;
37755697;https://alladin116.amocrm.ru/leads/detail/37755697;;Закрыто и не реализовано;02.06.2026;;;;;СТУ;Обзвон Базы;;;СТУ;Обзвон Базы;;;;;СТУ;Обзвон Базы;;;СТУ;Закрыто и не реализовано;;;;;;;;;;;;;;;;;;;;;;;;;;;;;;;;;;;;;;;;;;;;;;;;;;;;;;;;;;;;;;;;;;;;;;;;
37755699;https://alladin116.amocrm.ru/leads/detail/37755699;;Закрыто и не реализовано;02.06.2026;;;;;СТУ;Обзвон Базы;;;СТУ;Обзвон Базы;;;;;СТУ;Закрыто и не реализовано;;;;;;;;;;;;;;;;;;;;;;;;;;;;;;;;;;;;;;;;;;;;;;;;;;;;;;;;;;;;;;;;;;;;;;;;;;;;
37755701;https://alladin116.amocrm.ru/leads/detail/37755701;;Закрыто и не реализовано;02.06.2026;;;;;СТУ;Обзвон Базы;;;СТУ;Обзвон Базы;;;;;СТУ;Обзвон Базы;;;СТУ;Закрыто и не реализовано;;;;;;;;;;;;;;;;;;;;;;;;;;;;;;;;;;;;;;;;;;;;;;;;;;;;;;;;;;;;;;;;;;;;;;;;
37755705;https://alladin116.amocrm.ru/leads/detail/37755705;;Закрыто и не реализовано;02.06.2026;;;;;СТУ;Обзвон Базы;;;СТУ;Обзвон Базы;;;;;СТУ;Обзвон Базы;;;СТУ;Закрыто и не реализовано;;;;;;;;;;;;;;;;;;;;;;;;;;;;;;;;;;;;;;;;;;;;;;;;;;;;;;;;;;;;;;;;;;;;;;;;
37755707;https://alladin116.amocrm.ru/leads/detail/37755707;повторный заказ;Закрыто и не реализовано;02.06.2026;;;;;Лиды обработка;Закрыто и не реализовано;;;;;;;;;;;;;;;;;;;;;;;;;;;;;;;;;;;;;;;;;;;;;;;;;;;;;;;;;;;;;;;;;;;;;;;;;;;;;;;;;;;;;;
37755713;https://alladin116.amocrm.ru/leads/detail/37755713;;Закрыто и не реализовано;02.06.2026;;;;;СТУ;Обзвон Базы;;;СТУ;Обзвон Базы;;;;;СТУ;Обзвон Базы;;;СТУ;Закрыто и не реализовано;;;;;;;;;;;;;;;;;;;;;;;;;;;;;;;;;;;;;;;;;;;;;;;;;;;;;;;;;;;;;;;;;;;;;;;;
37755727;https://alladin116.amocrm.ru/leads/detail/37755727;;Закрыто и не реализовано;02.06.2026;;;;;СТУ;Обзвон Базы;;;СТУ;Обзвон Базы;;;;;СТУ;Обзвон Базы;;;СТУ;Закрыто и не реализовано;;;;;;;;;;;;;;;;;;;;;;;;;;;;;;;;;;;;;;;;;;;;;;;;;;;;;;;;;;;;;;;;;;;;;;;;
37755733;https://alladin116.amocrm.ru/leads/detail/37755733;Коол Центр;Закрыто и не реализовано;02.06.2026;;;;;СТУ;Закрыто и не реализовано;;;;;;;;;;;;;;;;;;;;;;;;;;;;;;;;;;;;;;;;;;;;;;;;;;;;;;;;;;;;;;;;;;;;;;;;;;;;;;;;;;;;;;
37755735;https://alladin116.amocrm.ru/leads/detail/37755735;;Закрыто и не реализовано;02.06.2026;;;;;СТУ;Обзвон Базы;;;СТУ;Обзвон Базы;;;;;СТУ;Обзвон Базы;;;СТУ;Закрыто и не реализовано;;;;;;;;;;;;;;;;;;;;;;;;;;;;;;;;;;;;;;;;;;;;;;;;;;;;;;;;;;;;;;;;;;;;;;;;
37755737;https://alladin116.amocrm.ru/leads/detail/37755737;Коол Центр;Закрыто и не реализовано;02.06.2026;;;;;СТУ;Закрыто и не реализовано;;;;;;;;;;;;;;;;;;;;;;;;;;;;;;;;;;;;;;;;;;;;;;;;;;;;;;;;;;;;;;;;;;;;;;;;;;;;;;;;;;;;;;
37755739;https://alladin116.amocrm.ru/leads/detail/37755739;;Закрыто и не реализовано;02.06.2026;;;;;СТУ;Обзвон Базы;;;СТУ;Обзвон Базы;;;;;СТУ;Обзвон Базы;;;СТУ;Закрыто и не реализовано;;;;;;;;;;;;;;;;;;;;;;;;;;;;;;;;;;;;;;;;;;;;;;;;;;;;;;;;;;;;;;;;;;;;;;;;
37755753;https://alladin116.amocrm.ru/leads/detail/37755753;;Закрыто и не реализовано;02.06.2026;;;;;СТУ;Обзвон Базы;;;СТУ;Обзвон Базы;;;;;СТУ;Обзвон Базы;;;СТУ;Закрыто и не реализовано;;;;;;;;;;;;;;;;;;;;;;;;;;;;;;;;;;;;;;;;;;;;;;;;;;;;;;;;;;;;;;;;;;;;;;;;
37755755;https://alladin116.amocrm.ru/leads/detail/37755755;Коол Центр;;02.06.2026;;;;;СТУ;Обзвон Базы;;;СТУ;Обзвон Базы;;;;;СТУ;Обзвон Базы;;;СТУ;Обзвон Базы;;;СТУ;Обзвон Базы;;;СТУ;Обзвон Базы;;;СТУ;Обзвон Базы;;;;;;;;;;;;;;;;;;;;;;;;;;;;;;;;;;;;;;;;;;;;;;;;;;;;;;;;;;;;
37755757;https://alladin116.amocrm.ru/leads/detail/37755757;Коол Центр;;02.06.2026;;;;;СТУ;Обзвон Базы;;;СТУ;Обзвон Базы;;;;;СТУ;Обзвон Базы;;;СТУ;Обзвон Базы;;;СТУ;Обзвон Базы;;;СТУ;Обзвон Базы;;;СТУ;Обзвон Базы;;;;;;;;;;;;;;;;;;;;;;;;;;;;;;;;;;;;;;;;;;;;;;;;;;;;;;;;;;;;
37755759;https://alladin116.amocrm.ru/leads/detail/37755759;СЕО;Закрыто и не реализовано;02.06.2026;;;;;Лиды обработка;Закрыто и не реализовано;;;;;;;;;;;;;;;;;;;;;;;;;;;;;;;;;;;;;;;;;;;;;;;;;;;;;;;;;;;;;;;;;;;;;;;;;;;;;;;;;;;;;;
37755761;https://alladin116.amocrm.ru/leads/detail/37755761;;Закрыто и не реализовано;02.06.2026;;;;;СТУ;Обзвон Базы;;;СТУ;Обзвон Базы;;;;;СТУ;Обзвон Базы;;;СТУ;Закрыто и не реализовано;;;;;;;;;;;;;;;;;;;;;;;;;;;;;;;;;;;;;;;;;;;;;;;;;;;;;;;;;;;;;;;;;;;;;;;;
37755765;https://alladin116.amocrm.ru/leads/detail/37755765;Коол Центр;;02.06.2026;;;;;СТУ;Обзвон Базы;;;СТУ;Обзвон Базы;;;;;СТУ;Обзвон Базы;;;СТУ;Обзвон Базы;;;СТУ;Обзвон Базы;;;СТУ;Обзвон Базы;;;СТУ;Обзвон Базы;;;;;;;;;;;;;;;;;;;;;;;;;;;;;;;;;;;;;;;;;;;;;;;;;;;;;;;;;;;;
37755771;https://alladin116.amocrm.ru/leads/detail/37755771;Коол Центр;;02.06.2026;;;;;СТУ;Обзвон Базы;;;СТУ;Обзвон Базы;;;;;СТУ;Обзвон Базы;;;СТУ;Обзвон Базы;;;СТУ;Обзвон Базы;;;СТУ;Обзвон Базы;;;СТУ;Обзвон Базы;;;;;;;;;;;;;;;;;;;;;;;;;;;;;;;;;;;;;;;;;;;;;;;;;;;;;;;;;;;;
37755773;https://alladin116.amocrm.ru/leads/detail/37755773;СЕО;Закрыто и не реализовано;02.06.2026;;;;;Лиды обработка;Закрыто и не реализовано;;;;;;;;;;;;;;;;;;;;;;;;;;;;;;;;;;;;;;;;;;;;;;;;;;;;;;;;;;;;;;;;;;;;;;;;;;;;;;;;;;;;;;
37755779;https://alladin116.amocrm.ru/leads/detail/37755779;Коол Центр;Закрыто и не реализовано;02.06.2026;;;;;СТУ;Закрыто и не реализовано;;;;;;;;;;;;;;;;;;;;;;;;;;;;;;;;;;;;;;;;;;;;;;;;;;;;;;;;;;;;;;;;;;;;;;;;;;;;;;;;;;;;;;
37755783;https://alladin116.amocrm.ru/leads/detail/37755783;Коол Центр;Закрыто и не реализовано;02.06.2026;;;;;Другое;Закрыто и не реализовано;;;;;;;;;;;;;;;;;;;;;;;;;;;;;;;;;;;;;;;;;;;;;;;;;;;;;;;;;;;;;;;;;;;;;;;;;;;;;;;;;;;;;;
37755789;https://alladin116.amocrm.ru/leads/detail/37755789;повторный заказ;Закрыто и не реализовано;02.06.2026;;;;;Лиды обработка;Закрыто и не реализовано;;;;;;;;;;;;;;;;;;;;;;;;;;;;;;;;;;;;;;;;;;;;;;;;;;;;;;;;;;;;;;;;;;;;;;;;;;;;;;;;;;;;;;
37755797;https://alladin116.amocrm.ru/leads/detail/37755797;;Закрыто и не реализовано;02.06.2026;;;;;СТУ;Обзвон Базы;;;СТУ;Обзвон Базы;;;;;СТУ;Обзвон Базы;;;СТУ;Закрыто и не реализовано;;;;;;;;;;;;;;;;;;;;;;;;;;;;;;;;;;;;;;;;;;;;;;;;;;;;;;;;;;;;;;;;;;;;;;;;
37755801;https://alladin116.amocrm.ru/leads/detail/37755801;Коол Центр;;02.06.2026;;;;;СТУ;Обзвон Базы;;;СТУ;Обзвон Базы;;;;;СТУ;Обзвон Базы;;;СТУ;Обзвон Базы;;;СТУ;Обзвон Базы;;;СТУ;Обзвон Базы;;;СТУ;Обзвон Базы;;;;;;;;;;;;;;;;;;;;;;;;;;;;;;;;;;;;;;;;;;;;;;;;;;;;;;;;;;;;
37755803;https://alladin116.amocrm.ru/leads/detail/37755803;СЕО;Закрыто и не реализовано;02.06.2026;;;;;Лиды обработка;Закрыто и не реализовано;;;;;;;;;;;;;;;;;;;;;;;;;;;;;;;;;;;;;;;;;;;;;;;;;;;;;;;;;;;;;;;;;;;;;;;;;;;;;;;;;;;;;;
37755805;https://alladin116.amocrm.ru/leads/detail/37755805;;Закрыто и не реализовано;02.06.2026;;;;;СТУ;Обзвон Базы;;;СТУ;Обзвон Базы;;;;;СТУ;Обзвон Базы;;;СТУ;Закрыто и не реализовано;;;;;;;;;;;;;;;;;;;;;;;;;;;;;;;;;;;;;;;;;;;;;;;;;;;;;;;;;;;;;;;;;;;;;;;;
37755807;https://alladin116.amocrm.ru/leads/detail/37755807;СЕО;;02.06.2026;;;;;Лиды обработка;SEO ПОЖАРКА;;;Лиды обработка;SEO ПОЖАРКА;;;;;;;;;;;;;;;;;;;;;;;;;;;;;;;;;;;;;;;;;;;;;;;;;;;;;;;;;;;;;;;;;;;;;;;;;;;;;;;;;;
37755811;https://alladin116.amocrm.ru/leads/detail/37755811;;Закрыто и не реализовано;02.06.2026;;;;;СТУ;Обзвон Базы;;;СТУ;Обзвон Базы;;;;;СТУ;Обзвон Базы;;;СТУ;Закрыто и не реализовано;;;;;;;;;;;;;;;;;;;;;;;;;;;;;;;;;;;;;;;;;;;;;;;;;;;;;;;;;;;;;;;;;;;;;;;;
37755813;https://alladin116.amocrm.ru/leads/detail/37755813;;;02.06.2026;;;;;СТУ;Обзвон Базы;;;СТУ;Обзвон Базы;;;;;СТУ;Обзвон Базы;;;СТУ;Обзвон Базы;;;СТУ;Обзвон Базы;;;СТУ;Обзвон Базы;;;СТУ;Обзвон Базы;;;;;;;;;;;;;;;;;;;;;;;;;;;;;;;;;;;;;;;;;;;;;;;;;;;;;;;;;;;;
37755815;https://alladin116.amocrm.ru/leads/detail/37755815;;;02.06.2026;;;;;СТУ;Обзвон Базы;;;СТУ;Обзвон Базы;;;;;СТУ;Обзвон Базы;;;СТУ;Обзвон Базы;;;СТУ;Обзвон Базы;;;СТУ;Обзвон Базы;;;СТУ;Обзвон Базы;;;;;;;;;;;;;;;;;;;;;;;;;;;;;;;;;;;;;;;;;;;;;;;;;;;;;;;;;;;;
37755817;https://alladin116.amocrm.ru/leads/detail/37755817;;Закрыто и не реализовано;02.06.2026;;;;;СТУ;Обзвон Базы;;;СТУ;Обзвон Базы;;;;;СТУ;Обзвон Базы;;;СТУ;Обзвон Базы;;;СТУ;Обзвон Базы;;;СТУ;Обзвон Базы;;;СТУ;Закрыто и не реализовано;;;;;;;;;;;;;;;;;;;;;;;;;;;;;;;;;;;;;;;;;;;;;;;;;;;;;;;;;;;;
37755821;https://alladin116.amocrm.ru/leads/detail/37755821;;;02.06.2026;;;;;СТУ;Обзвон Базы;;;СТУ;Обзвон Базы;;;;;СТУ;Обзвон Базы;;;СТУ;Обзвон Базы;;;СТУ;Обзвон Базы;;;СТУ;Обзвон Базы;;;СТУ;Обзвон Базы;;;;;;;;;;;;;;;;;;;;;;;;;;;;;;;;;;;;;;;;;;;;;;;;;;;;;;;;;;;;
37755823;https://alladin116.amocrm.ru/leads/detail/37755823;;;02.06.2026;;;;;СТУ;Обзвон Базы;;;СТУ;Обзвон Базы;;;;;СТУ;Обзвон Базы;;;СТУ;Обзвон Базы;;;СТУ;Обзвон Базы;;;СТУ;Обзвон Базы;;;СТУ;Обзвон Базы;;;;;;;;;;;;;;;;;;;;;;;;;;;;;;;;;;;;;;;;;;;;;;;;;;;;;;;;;;;;
37755825;https://alladin116.amocrm.ru/leads/detail/37755825;;;02.06.2026;;;;;СТУ;Обзвон Базы;;;СТУ;Обзвон Базы;;;;;СТУ;Обзвон Базы;;;СТУ;Обзвон Базы;;;СТУ;Обзвон Базы;;;СТУ;Обзвон Базы;;;СТУ;Обзвон Базы;;;;;;;;;;;;;;;;;;;;;;;;;;;;;;;;;;;;;;;;;;;;;;;;;;;;;;;;;;;;
37755827;https://alladin116.amocrm.ru/leads/detail/37755827;;;02.06.2026;;;;;СТУ;Обзвон Базы;;;СТУ;Обзвон Базы;;;;;СТУ;Обзвон Базы;;;СТУ;Обзвон Базы;;;СТУ;Обзвон Базы;;;СТУ;Обзвон Базы;;;СТУ;Обзвон Базы;;;;;;;;;;;;;;;;;;;;;;;;;;;;;;;;;;;;;;;;;;;;;;;;;;;;;;;;;;;;
37755831;https://alladin116.amocrm.ru/leads/detail/37755831;;;02.06.2026;;;;;СТУ;Обзвон Базы;;;СТУ;Обзвон Базы;;;;;СТУ;Обзвон Базы;;;СТУ;Обзвон Базы;;;СТУ;Обзвон Базы;;;СТУ;Обзвон Базы;;;СТУ;Обзвон Базы;;;;;;;;;;;;;;;;;;;;;;;;;;;;;;;;;;;;;;;;;;;;;;;;;;;;;;;;;;;;
37755833;https://alladin116.amocrm.ru/leads/detail/37755833;;Закрыто и не реализовано;02.06.2026;;;;;СТУ;Закрыто и не реализовано;;;;;;;;;;;;;;;;;;;;;;;;;;;;;;;;;;;;;;;;;;;;;;;;;;;;;;;;;;;;;;;;;;;;;;;;;;;;;;;;;;;;;;
37755837;https://alladin116.amocrm.ru/leads/detail/37755837;;;02.06.2026;;;;;СТУ;Обзвон Базы;;;СТУ;Обзвон Базы;;;;;СТУ;Обзвон Базы;;;СТУ;Обзвон Базы;;;СТУ;Обзвон Базы;;;СТУ;Обзвон Базы;;;СТУ;Обзвон Базы;;;;;;;;;;;;;;;;;;;;;;;;;;;;;;;;;;;;;;;;;;;;;;;;;;;;;;;;;;;;
37755839;https://alladin116.amocrm.ru/leads/detail/37755839;;;02.06.2026;;;;;СТУ;Обзвон Базы;;;СТУ;Обзвон Базы;;;;;СТУ;Обзвон Базы;;;СТУ;Обзвон Базы;;;СТУ;Обзвон Базы;;;СТУ;Обзвон Базы;;;СТУ;Обзвон Базы;;;;;;;;;;;;;;;;;;;;;;;;;;;;;;;;;;;;;;;;;;;;;;;;;;;;;;;;;;;;
37755841;https://alladin116.amocrm.ru/leads/detail/37755841;повторный заказ;Закрыто и не реализовано;02.06.2026;;;;;Лиды обработка;Закрыто и не реализовано;;;;;;;;;;;;;;;;;;;;;;;;;;;;;;;;;;;;;;;;;;;;;;;;;;;;;;;;;;;;;;;;;;;;;;;;;;;;;;;;;;;;;;
37755843;https://alladin116.amocrm.ru/leads/detail/37755843;повторный заказ;Закрыто и не реализовано;02.06.2026;;;;;Лиды обработка;Закрыто и не реализовано;;;;;;;;;;;;;;;;;;;;;;;;;;;;;;;;;;;;;;;;;;;;;;;;;;;;;;;;;;;;;;;;;;;;;;;;;;;;;;;;;;;;;;
37755845;https://alladin116.amocrm.ru/leads/detail/37755845;;;02.06.2026;;;;;СТУ;Обзвон Базы;;;СТУ;Обзвон Базы;;;;;СТУ;Обзвон Базы;;;СТУ;Обзвон Базы;;;СТУ;Обзвон Базы;;;СТУ;Обзвон Базы;;;СТУ;Обзвон Базы;;;;;;;;;;;;;;;;;;;;;;;;;;;;;;;;;;;;;;;;;;;;;;;;;;;;;;;;;;;;
37755847;https://alladin116.amocrm.ru/leads/detail/37755847;;;02.06.2026;;;;;Лиды обработка;Недозвон;;;СТУ;Обзвон Базы;;;;;СТУ;Обзвон Базы;;;СТУ;Обзвон Базы;;;СТУ;Обзвон Базы;;;СТУ;Обзвон Базы;;;СТУ;Обзвон Базы;;;;;;;;;;;;;;;;;;;;;;;;;;;;;;;;;;;;;;;;;;;;;;;;;;;;;;;;;;;;
37755849;https://alladin116.amocrm.ru/leads/detail/37755849;;;02.06.2026;;;;;СТУ;Обзвон Базы;;;СТУ;Обзвон Базы;;;;;СТУ;Обзвон Базы;;;СТУ;Обзвон Базы;;;СТУ;Обзвон Базы;;;СТУ;Обзвон Базы;;;СТУ;Обзвон Базы;;;;;;;;;;;;;;;;;;;;;;;;;;;;;;;;;;;;;;;;;;;;;;;;;;;;;;;;;;;;
37755851;https://alladin116.amocrm.ru/leads/detail/37755851;;;02.06.2026;;;;;СТУ;Обзвон Базы;;;СТУ;Обзвон Базы;;;;;СТУ;Обзвон Базы;;;СТУ;Обзвон Базы;;;СТУ;Обзвон Базы;;;СТУ;Обзвон Базы;;;СТУ;Обзвон Базы;;;;;;;;;;;;;;;;;;;;;;;;;;;;;;;;;;;;;;;;;;;;;;;;;;;;;;;;;;;;
37755853;https://alladin116.amocrm.ru/leads/detail/37755853;повторный заказ;Закрыто и не реализовано;02.06.2026;;;;;Лиды обработка;Закрыто и не реализовано;;;;;;;;;;;;;;;;;;;;;;;;;;;;;;;;;;;;;;;;;;;;;;;;;;;;;;;;;;;;;;;;;;;;;;;;;;;;;;;;;;;;;;
37755855;https://alladin116.amocrm.ru/leads/detail/37755855;;Закрыто и не реализовано;02.06.2026;;;;;СТУ;Обзвон Базы;;;СТУ;Обзвон Базы;;;;;СТУ;Обзвон Базы;;;СТУ;Закрыто и не реализовано;;;;;;;;;;;;;;;;;;;;;;;;;;;;;;;;;;;;;;;;;;;;;;;;;;;;;;;;;;;;;;;;;;;;;;;;
37755857;https://alladin116.amocrm.ru/leads/detail/37755857;;;02.06.2026;;;;;СТУ;Обзвон Базы;;;СТУ;Обзвон Базы;;;;;СТУ;Обзвон Базы;;;СТУ;Обзвон Базы;;;СТУ;Обзвон Базы;;;СТУ;Обзвон Базы;;;СТУ;Обзвон Базы;;;;;;;;;;;;;;;;;;;;;;;;;;;;;;;;;;;;;;;;;;;;;;;;;;;;;;;;;;;;
37755859;https://alladin116.amocrm.ru/leads/detail/37755859;;;02.06.2026;;;;;СТУ;Обзвон Базы;;;СТУ;Обзвон Базы;;;;;СТУ;Обзвон Базы;;;СТУ;Обзвон Базы;;;СТУ;Обзвон Базы;;;СТУ;Обзвон Базы;;;СТУ;Обзвон Базы;;;;;;;;;;;;;;;;;;;;;;;;;;;;;;;;;;;;;;;;;;;;;;;;;;;;;;;;;;;;
37755861;https://alladin116.amocrm.ru/leads/detail/37755861;Коол Центр;Закрыто и не реализовано;02.06.2026;;;;;СТУ;Закрыто и не реализовано;;;;;;;;;;;;;;;;;;;;;;;;;;;;;;;;;;;;;;;;;;;;;;;;;;;;;;;;;;;;;;;;;;;;;;;;;;;;;;;;;;;;;;
37755863;https://alladin116.amocrm.ru/leads/detail/37755863;;;02.06.2026;;;;;СТУ;Обзвон Базы;;;СТУ;Обзвон Базы;;;;;СТУ;Обзвон Базы;;;СТУ;Обзвон Базы;;;СТУ;Обзвон Базы;;;СТУ;Обзвон Базы;;;СТУ;Обзвон Базы;;;;;;;;;;;;;;;;;;;;;;;;;;;;;;;;;;;;;;;;;;;;;;;;;;;;;;;;;;;;
37755865;https://alladin116.amocrm.ru/leads/detail/37755865;;;02.06.2026;;;;;СТУ;Обзвон Базы;;;СТУ;Обзвон Базы;;;;;СТУ;Обзвон Базы;;;СТУ;Обзвон Базы;;;СТУ;Обзвон Базы;;;СТУ;Обзвон Базы;;;СТУ;Обзвон Базы;;;;;;;;;;;;;;;;;;;;;;;;;;;;;;;;;;;;;;;;;;;;;;;;;;;;;;;;;;;;
37755869;https://alladin116.amocrm.ru/leads/detail/37755869;Коол Центр;;02.06.2026;;;;;СТУ;Обзвон Базы;;;СТУ;Обзвон Базы;;;;;СТУ;Обзвон Базы;;;СТУ;Обзвон Базы;;;СТУ;Обзвон Базы;;;СТУ;Обзвон Базы;;;СТУ;Обзвон Базы;;;;;;;;;;;;;;;;;;;;;;;;;;;;;;;;;;;;;;;;;;;;;;;;;;;;;;;;;;;;
37755877;https://alladin116.amocrm.ru/leads/detail/37755877;повторный заказ;Закрыто и не реализовано;02.06.2026;;;;;Лиды обработка;Закрыто и не реализовано;;;;;;;;;;;;;;;;;;;;;;;;;;;;;;;;;;;;;;;;;;;;;;;;;;;;;;;;;;;;;;;;;;;;;;;;;;;;;;;;;;;;;;
37755879;https://alladin116.amocrm.ru/leads/detail/37755879;СЕО;Закрыто и не реализовано;02.06.2026;;;;;Лиды обработка;Закрыто и не реализовано;;;;;;;;;;;;;;;;;;;;;;;;;;;;;;;;;;;;;;;;;;;;;;;;;;;;;;;;;;;;;;;;;;;;;;;;;;;;;;;;;;;;;;
37755883;https://alladin116.amocrm.ru/leads/detail/37755883;;;02.06.2026;;;;;СТУ;Обзвон Базы;;;СТУ;Обзвон Базы;;;;;СТУ;Обзвон Базы;;;СТУ;Обзвон Базы;;;СТУ;Обзвон Базы;;;СТУ;Обзвон Базы;;;СТУ;Обзвон Базы;;;;;;;;;;;;;;;;;;;;;;;;;;;;;;;;;;;;;;;;;;;;;;;;;;;;;;;;;;;;
37755885;https://alladin116.amocrm.ru/leads/detail/37755885;Коол Центр;;02.06.2026;;;;;СТУ;Обзвон Базы;;;СТУ;Обзвон Базы;;;;;СТУ;Обзвон Базы;;;СТУ;Обзвон Базы;;;СТУ;Обзвон Базы;;;СТУ;Обзвон Базы;;;СТУ;Обзвон Базы;;;;;;;;;;;;;;;;;;;;;;;;;;;;;;;;;;;;;;;;;;;;;;;;;;;;;;;;;;;;
37755889;https://alladin116.amocrm.ru/leads/detail/37755889;;Закрыто и не реализовано;02.06.2026;;;;;СТУ;Закрыто и не реализовано;;;;;;;;;;;;;;;;;;;;;;;;;;;;;;;;;;;;;;;;;;;;;;;;;;;;;;;;;;;;;;;;;;;;;;;;;;;;;;;;;;;;;;
37755893;https://alladin116.amocrm.ru/leads/detail/37755893;yandex;Закрыто и не реализовано;02.06.2026;;;;;Лиды обработка;Закрыто и не реализовано;;;;;;;;;;;;;;;;;;;;;;;;;;;;;;;;;;;;;;;;;;;;;;;;;;;;;;;;;;;;;;;;;;;;;;;;;;;;;;;;;;;;;;
37755897;https://alladin116.amocrm.ru/leads/detail/37755897;повторный заказ;Закрыто и не реализовано;02.06.2026;;;;;Лиды обработка;Закрыто и не реализовано;;;;;;;;;;;;;;;;;;;;;;;;;;;;;;;;;;;;;;;;;;;;;;;;;;;;;;;;;;;;;;;;;;;;;;;;;;;;;;;;;;;;;;
37755899;https://alladin116.amocrm.ru/leads/detail/37755899;СЕО;Закрыто и не реализовано;02.06.2026;;;;;Лиды обработка;Закрыто и не реализовано;;;;;;;;;;;;;;;;;;;;;;;;;;;;;;;;;;;;;;;;;;;;;;;;;;;;;;;;;;;;;;;;;;;;;;;;;;;;;;;;;;;;;;
37755901;https://alladin116.amocrm.ru/leads/detail/37755901;СЕО;Закрыто и не реализовано;02.06.2026;;;;;Лиды обработка;Закрыто и не реализовано;;;;;;;;;;;;;;;;;;;;;;;;;;;;;;;;;;;;;;;;;;;;;;;;;;;;;;;;;;;;;;;;;;;;;;;;;;;;;;;;;;;;;;
37755947;https://alladin116.amocrm.ru/leads/detail/37755947;Коол Центр;Закрыто и не реализовано;03.06.2026;;;;;;;;;СТУ;Закрыто и не реализовано;;;;;;;;;;;;;;;;;;;;;;;;;;;;;;;;;;;;;;;;;;;;;;;;;;;;;;;;;;;;;;;;;;;;;;;;;;;;;;;;;;
37755951;https://alladin116.amocrm.ru/leads/detail/37755951;СЕО;Закрыто и не реализовано;03.06.2026;;;;;;;;;Документы ПБ;Кп отправлено;;;;;Документы ПБ;Закрыто и не реализовано;;;;;;;;;;;;;;;;;;;;;;;;;;;;;;;;;;;;;;;;;;;;;;;;;;;;;;;;;;;;;;;;;;;;;;;;;;;;
37755957;https://alladin116.amocrm.ru/leads/detail/37755957;Коол Центр;Закрыто и не реализовано;03.06.2026;;;;;;;;;СТУ;Закрыто и не реализовано;;;;;;;;;;;;;;;;;;;;;;;;;;;;;;;;;;;;;;;;;;;;;;;;;;;;;;;;;;;;;;;;;;;;;;;;;;;;;;;;;;
37755959;https://alladin116.amocrm.ru/leads/detail/37755959;Коол Центр;Закрыто и не реализовано;03.06.2026;;;;;;;;;СТУ;Закрыто и не реализовано;;;;;;;;;;;;;;;;;;;;;;;;;;;;;;;;;;;;;;;;;;;;;;;;;;;;;;;;;;;;;;;;;;;;;;;;;;;;;;;;;;
37755987;https://alladin116.amocrm.ru/leads/detail/37755987;Коол Центр;;03.06.2026;;;;;;;;;СТУ;Обзвон Базы;;;;;СТУ;Обзвон Базы;;;СТУ;Обзвон Базы;;;СТУ;Обзвон Базы;;;СТУ;Обзвон Базы;;;СТУ;Обзвон Базы;;;;;;;;;;;;;;;;;;;;;;;;;;;;;;;;;;;;;;;;;;;;;;;;;;;;;;;;;;;;
37755995;https://alladin116.amocrm.ru/leads/detail/37755995;повторный заказ;Закрыто и не реализовано;03.06.2026;;;;;;;;;Лиды обработка;Закрыто и не реализовано;;;;;;;;;;;;;;;;;;;;;;;;;;;;;;;;;;;;;;;;;;;;;;;;;;;;;;;;;;;;;;;;;;;;;;;;;;;;;;;;;;
37755997;https://alladin116.amocrm.ru/leads/detail/37755997;Коол Центр;;03.06.2026;;;;;;;;;СТУ;Обзвон Базы;;;;;СТУ;Обзвон Базы;;;СТУ;Обзвон Базы;;;СТУ;Обзвон Базы;;;СТУ;Обзвон Базы;;;СТУ;Обзвон Базы;;;;;;;;;;;;;;;;;;;;;;;;;;;;;;;;;;;;;;;;;;;;;;;;;;;;;;;;;;;;
37756005;https://alladin116.amocrm.ru/leads/detail/37756005;обзвон Базы;Закрыто и не реализовано;03.06.2026;;;;;;;;;СТУ;Закрыто и не реализовано;;;;;;;;;;;;;;;;;;;;;;;;;;;;;;;;;;;;;;;;;;;;;;;;;;;;;;;;;;;;;;;;;;;;;;;;;;;;;;;;;;
37756009;https://alladin116.amocrm.ru/leads/detail/37756009;СЕО;Закрыто и не реализовано;03.06.2026;;;;;;;;;Лиды обработка;Закрыто и не реализовано;;;;;;;;;;;;;;;;;;;;;;;;;;;;;;;;;;;;;;;;;;;;;;;;;;;;;;;;;;;;;;;;;;;;;;;;;;;;;;;;;;
37756015;https://alladin116.amocrm.ru/leads/detail/37756015;обзвон Базы;Закрыто и не реализовано;03.06.2026;;;;;;;;;СТУ;Закрыто и не реализовано;;;;;;;;;;;;;;;;;;;;;;;;;;;;;;;;;;;;;;;;;;;;;;;;;;;;;;;;;;;;;;;;;;;;;;;;;;;;;;;;;;
37756019;https://alladin116.amocrm.ru/leads/detail/37756019;обзвон Базы;Закрыто и не реализовано;03.06.2026;;;;;;;;;СТУ;Закрыто и не реализовано;;;;;;;;;;;;;;;;;;;;;;;;;;;;;;;;;;;;;;;;;;;;;;;;;;;;;;;;;;;;;;;;;;;;;;;;;;;;;;;;;;
37756025;https://alladin116.amocrm.ru/leads/detail/37756025;обзвон Базы;Закрыто и не реализовано;03.06.2026;;;;;;;;;СТУ;Закрыто и не реализовано;;;;;;;;;;;;;;;;;;;;;;;;;;;;;;;;;;;;;;;;;;;;;;;;;;;;;;;;;;;;;;;;;;;;;;;;;;;;;;;;;;
37756029;https://alladin116.amocrm.ru/leads/detail/37756029;обзвон Базы;Закрыто и не реализовано;03.06.2026;;;;;;;;;СТУ;Закрыто и не реализовано;;;;;;;;;;;;;;;;;;;;;;;;;;;;;;;;;;;;;;;;;;;;;;;;;;;;;;;;;;;;;;;;;;;;;;;;;;;;;;;;;;
37756031;https://alladin116.amocrm.ru/leads/detail/37756031;СЕО;Закрыто и не реализовано;03.06.2026;;;;;;;;;Лиды обработка;Закрыто и не реализовано;;;;;;;;;;;;;;;;;;;;;;;;;;;;;;;;;;;;;;;;;;;;;;;;;;;;;;;;;;;;;;;;;;;;;;;;;;;;;;;;;;
37756043;https://alladin116.amocrm.ru/leads/detail/37756043;обзвон Базы;Закрыто и не реализовано;03.06.2026;;;;;;;;;СТУ;Закрыто и не реализовано;;;;;;;;;;;;;;;;;;;;;;;;;;;;;;;;;;;;;;;;;;;;;;;;;;;;;;;;;;;;;;;;;;;;;;;;;;;;;;;;;;
37756045;https://alladin116.amocrm.ru/leads/detail/37756045;партнер;;03.06.2026;;;;;;;;;АПС;ОБРАБОТАНО КОММУТАТОРОМ;;;;;АПС;ОБРАБОТАНО КОММУТАТОРОМ;;;АПС;ОБРАБОТАНО КОММУТАТОРОМ;;;АПС;ОБРАБОТАНО КОММУТАТОРОМ;;;АПС;ОБРАБОТАНО КОММУТАТОРОМ;;;АПС;ОБРАБОТАНО КОММУТАТОРОМ;;;;;;;;;;;;;;;;;;;;;;;;;;;;;;;;;;;;;;;;;;;;;;;;;;;;;;;;;;;;
37756053;https://alladin116.amocrm.ru/leads/detail/37756053;обзвон Базы;Закрыто и не реализовано;03.06.2026;;;;;;;;;СТУ;Закрыто и не реализовано;;;;;;;;;;;;;;;;;;;;;;;;;;;;;;;;;;;;;;;;;;;;;;;;;;;;;;;;;;;;;;;;;;;;;;;;;;;;;;;;;;
37756061;https://alladin116.amocrm.ru/leads/detail/37756061;СЕО;Закрыто и не реализовано;03.06.2026;;;;;;;;;Лиды обработка;Закрыто и не реализовано;;;;;;;;;;;;;;;;;;;;;;;;;;;;;;;;;;;;;;;;;;;;;;;;;;;;;;;;;;;;;;;;;;;;;;;;;;;;;;;;;;
37756071;https://alladin116.amocrm.ru/leads/detail/37756071;Своя база;;03.06.2026;;;;;;;;;СТУ;Обзвон Базы;;;;;СТУ;Обзвон Базы;;;СТУ;Обзвон Базы;;;СТУ;Обзвон Базы;;;СТУ;Обзвон Базы;;;СТУ;Обзвон Базы;;;;;;;;;;;;;;;;;;;;;;;;;;;;;;;;;;;;;;;;;;;;;;;;;;;;;;;;;;;;
37756075;https://alladin116.amocrm.ru/leads/detail/37756075;Коол Центр;Закрыто и не реализовано;03.06.2026;;;;;;;;;СТУ;Обзвон Базы;;;;;СТУ;Закрыто и не реализовано;;;;;;;;;;;;;;;;;;;;;;;;;;;;;;;;;;;;;;;;;;;;;;;;;;;;;;;;;;;;;;;;;;;;;;;;;;;;
37756081;https://alladin116.amocrm.ru/leads/detail/37756081;Коол Центр;;03.06.2026;;;;;;;;;СТУ;Обзвон Базы;;;;;СТУ;Потенциальный клиент;;;СТУ;Потенциальный клиент;;;СТУ;Потенциальный клиент;;;СТУ;Потенциальный клиент;;;СТУ;Потенциальный клиент;;;;;;;;;;;;;;;;;;;;;;;;;;;;;;;;;;;;;;;;;;;;;;;;;;;;;;;;;;;;
37756085;https://alladin116.amocrm.ru/leads/detail/37756085;обзвон Базы;Закрыто и не реализовано;03.06.2026;;;;;;;;;СТУ;Закрыто и не реализовано;;;;;;;;;;;;;;;;;;;;;;;;;;;;;;;;;;;;;;;;;;;;;;;;;;;;;;;;;;;;;;;;;;;;;;;;;;;;;;;;;;
37756091;https://alladin116.amocrm.ru/leads/detail/37756091;обзвон Базы;Закрыто и не реализовано;03.06.2026;;;;;;;;;СТУ;Закрыто и не реализовано;;;;;;;;;;;;;;;;;;;;;;;;;;;;;;;;;;;;;;;;;;;;;;;;;;;;;;;;;;;;;;;;;;;;;;;;;;;;;;;;;;
37756097;https://alladin116.amocrm.ru/leads/detail/37756097;обзвон Базы;Закрыто и не реализовано;03.06.2026;;;;;;;;;СТУ;Закрыто и не реализовано;;;;;;;;;;;;;;;;;;;;;;;;;;;;;;;;;;;;;;;;;;;;;;;;;;;;;;;;;;;;;;;;;;;;;;;;;;;;;;;;;;
37756109;https://alladin116.amocrm.ru/leads/detail/37756109;обзвон Базы;Закрыто и не реализовано;03.06.2026;;;;;;;;;СТУ;Закрыто и не реализовано;;;;;;;;;;;;;;;;;;;;;;;;;;;;;;;;;;;;;;;;;;;;;;;;;;;;;;;;;;;;;;;;;;;;;;;;;;;;;;;;;;
37756113;https://alladin116.amocrm.ru/leads/detail/37756113;обзвон Базы;;03.06.2026;;;;;;;;;СТУ;Обзвон Базы;;;;;СТУ;Обзвон Базы;;;СТУ;Обзвон Базы;;;СТУ;Обзвон Базы;;;СТУ;Обзвон Базы;;;СТУ;Обзвон Базы;;;;;;;;;;;;;;;;;;;;;;;;;;;;;;;;;;;;;;;;;;;;;;;;;;;;;;;;;;;;
37756115;https://alladin116.amocrm.ru/leads/detail/37756115;обзвон Базы;Закрыто и не реализовано;03.06.2026;;;;;;;;;СТУ;Закрыто и не реализовано;;;;;;;;;;;;;;;;;;;;;;;;;;;;;;;;;;;;;;;;;;;;;;;;;;;;;;;;;;;;;;;;;;;;;;;;;;;;;;;;;;
37756121;https://alladin116.amocrm.ru/leads/detail/37756121;Коол Центр;Закрыто и не реализовано;03.06.2026;;;;;;;;;СТУ;Обзвон Базы;;;;;СТУ;Закрыто и не реализовано;;;;;;;;;;;;;;;;;;;;;;;;;;;;;;;;;;;;;;;;;;;;;;;;;;;;;;;;;;;;;;;;;;;;;;;;;;;;
37756123;https://alladin116.amocrm.ru/leads/detail/37756123;обзвон Базы;Закрыто и не реализовано;03.06.2026;;;;;;;;;СТУ;Закрыто и не реализовано;;;;;;;;;;;;;;;;;;;;;;;;;;;;;;;;;;;;;;;;;;;;;;;;;;;;;;;;;;;;;;;;;;;;;;;;;;;;;;;;;;
37756125;https://alladin116.amocrm.ru/leads/detail/37756125;обзвон Базы;Закрыто и не реализовано;03.06.2026;;;;;;;;;СТУ;Закрыто и не реализовано;;;;;;;;;;;;;;;;;;;;;;;;;;;;;;;;;;;;;;;;;;;;;;;;;;;;;;;;;;;;;;;;;;;;;;;;;;;;;;;;;;
37756129;https://alladin116.amocrm.ru/leads/detail/37756129;обзвон Базы;Закрыто и не реализовано;03.06.2026;;;;;;;;;СТУ;Закрыто и не реализовано;;;;;;;;;;;;;;;;;;;;;;;;;;;;;;;;;;;;;;;;;;;;;;;;;;;;;;;;;;;;;;;;;;;;;;;;;;;;;;;;;;
37756135;https://alladin116.amocrm.ru/leads/detail/37756135;обзвон Базы;;03.06.2026;;;;;;;;;СТУ;Обзвон Базы;;;;;СТУ;Обзвон Базы;;;СТУ;Обзвон Базы;;;СТУ;Обзвон Базы;;;СТУ;Обзвон Базы;;;СТУ;Обзвон Базы;;;;;;;;;;;;;;;;;;;;;;;;;;;;;;;;;;;;;;;;;;;;;;;;;;;;;;;;;;;;
37756137;https://alladin116.amocrm.ru/leads/detail/37756137;Коол Центр;Закрыто и не реализовано;03.06.2026;;;;;;;;;Другое;Закрыто и не реализовано;;;;;;;;;;;;;;;;;;;;;;;;;;;;;;;;;;;;;;;;;;;;;;;;;;;;;;;;;;;;;;;;;;;;;;;;;;;;;;;;;;
37756139;https://alladin116.amocrm.ru/leads/detail/37756139;обзвон Базы;;03.06.2026;;;;;;;;;СТУ;Обзвон Базы;;;;;СТУ;Обзвон Базы;;;СТУ;Обзвон Базы;;;СТУ;Обзвон Базы;;;СТУ;Обзвон Базы;;;СТУ;Обзвон Базы;;;;;;;;;;;;;;;;;;;;;;;;;;;;;;;;;;;;;;;;;;;;;;;;;;;;;;;;;;;;
37756141;https://alladin116.amocrm.ru/leads/detail/37756141;обзвон Базы;Закрыто и не реализовано;03.06.2026;;;;;;;;;СТУ;Закрыто и не реализовано;;;;;;;;;;;;;;;;;;;;;;;;;;;;;;;;;;;;;;;;;;;;;;;;;;;;;;;;;;;;;;;;;;;;;;;;;;;;;;;;;;
37756145;https://alladin116.amocrm.ru/leads/detail/37756145;обзвон Базы;Закрыто и не реализовано;03.06.2026;;;;;;;;;СТУ;Закрыто и не реализовано;;;;;;;;;;;;;;;;;;;;;;;;;;;;;;;;;;;;;;;;;;;;;;;;;;;;;;;;;;;;;;;;;;;;;;;;;;;;;;;;;;
37756147;https://alladin116.amocrm.ru/leads/detail/37756147;Коол Центр;Закрыто и не реализовано;03.06.2026;;;;;;;;;СТУ;Закрыто и не реализовано;;;;;;;;;;;;;;;;;;;;;;;;;;;;;;;;;;;;;;;;;;;;;;;;;;;;;;;;;;;;;;;;;;;;;;;;;;;;;;;;;;
37756149;https://alladin116.amocrm.ru/leads/detail/37756149;обзвон Базы;Закрыто и не реализовано;03.06.2026;;;;;;;;;СТУ;Закрыто и не реализовано;;;;;;;;;;;;;;;;;;;;;;;;;;;;;;;;;;;;;;;;;;;;;;;;;;;;;;;;;;;;;;;;;;;;;;;;;;;;;;;;;;
37756151;https://alladin116.amocrm.ru/leads/detail/37756151;обзвон Базы;Закрыто и не реализовано;03.06.2026;;;;;;;;;СТУ;Закрыто и не реализовано;;;;;;;;;;;;;;;;;;;;;;;;;;;;;;;;;;;;;;;;;;;;;;;;;;;;;;;;;;;;;;;;;;;;;;;;;;;;;;;;;;
37756153;https://alladin116.amocrm.ru/leads/detail/37756153;обзвон Базы;Закрыто и не реализовано;03.06.2026;;;;;;;;;СТУ;Закрыто и не реализовано;;;;;;;;;;;;;;;;;;;;;;;;;;;;;;;;;;;;;;;;;;;;;;;;;;;;;;;;;;;;;;;;;;;;;;;;;;;;;;;;;;
37756155;https://alladin116.amocrm.ru/leads/detail/37756155;повторный заказ;Закрыто и не реализовано;03.06.2026;;;;;;;;;Лиды обработка;Закрыто и не реализовано;;;;;;;;;;;;;;;;;;;;;;;;;;;;;;;;;;;;;;;;;;;;;;;;;;;;;;;;;;;;;;;;;;;;;;;;;;;;;;;;;;
37756159;https://alladin116.amocrm.ru/leads/detail/37756159;обзвон Базы;Закрыто и не реализовано;03.06.2026;;;;;;;;;СТУ;Закрыто и не реализовано;;;;;;;;;;;;;;;;;;;;;;;;;;;;;;;;;;;;;;;;;;;;;;;;;;;;;;;;;;;;;;;;;;;;;;;;;;;;;;;;;;
37756161;https://alladin116.amocrm.ru/leads/detail/37756161;повторный заказ;Закрыто и не реализовано;03.06.2026;;;;;;;;;Лиды обработка;Закрыто и не реализовано;;;;;;;;;;;;;;;;;;;;;;;;;;;;;;;;;;;;;;;;;;;;;;;;;;;;;;;;;;;;;;;;;;;;;;;;;;;;;;;;;;
37756167;https://alladin116.amocrm.ru/leads/detail/37756167;обзвон Базы;Закрыто и не реализовано;03.06.2026;;;;;;;;;СТУ;Закрыто и не реализовано;;;;;;;;;;;;;;;;;;;;;;;;;;;;;;;;;;;;;;;;;;;;;;;;;;;;;;;;;;;;;;;;;;;;;;;;;;;;;;;;;;
37756169;https://alladin116.amocrm.ru/leads/detail/37756169;Своя база;;03.06.2026;;;;;;;;;СТУ;Обзвон Базы;;;;;СТУ;Обзвон Базы;;;СТУ;Обзвон Базы;;;СТУ;Обзвон Базы;;;СТУ;Обзвон Базы;;;СТУ;Обзвон Базы;;;;;;;;;;;;;;;;;;;;;;;;;;;;;;;;;;;;;;;;;;;;;;;;;;;;;;;;;;;;
37756171;https://alladin116.amocrm.ru/leads/detail/37756171;обзвон Базы;Закрыто и не реализовано;03.06.2026;;;;;;;;;СТУ;Закрыто и не реализовано;;;;;;;;;;;;;;;;;;;;;;;;;;;;;;;;;;;;;;;;;;;;;;;;;;;;;;;;;;;;;;;;;;;;;;;;;;;;;;;;;;
37756175;https://alladin116.amocrm.ru/leads/detail/37756175;обзвон Базы;Закрыто и не реализовано;03.06.2026;;;;;;;;;СТУ;Закрыто и не реализовано;;;;;;;;;;;;;;;;;;;;;;;;;;;;;;;;;;;;;;;;;;;;;;;;;;;;;;;;;;;;;;;;;;;;;;;;;;;;;;;;;;
37756177;https://alladin116.amocrm.ru/leads/detail/37756177;обзвон Базы;;03.06.2026;;;;;;;;;СТУ;Обзвон Базы;;;;;СТУ;Обзвон Базы;;;СТУ;Обзвон Базы;;;СТУ;Обзвон Базы;;;СТУ;Обзвон Базы;;;СТУ;Обзвон Базы;;;;;;;;;;;;;;;;;;;;;;;;;;;;;;;;;;;;;;;;;;;;;;;;;;;;;;;;;;;;
37756181;https://alladin116.amocrm.ru/leads/detail/37756181;обзвон Базы;Закрыто и не реализовано;03.06.2026;;;;;;;;;СТУ;Закрыто и не реализовано;;;;;;;;;;;;;;;;;;;;;;;;;;;;;;;;;;;;;;;;;;;;;;;;;;;;;;;;;;;;;;;;;;;;;;;;;;;;;;;;;;
37756185;https://alladin116.amocrm.ru/leads/detail/37756185;обзвон Базы;Закрыто и не реализовано;03.06.2026;;;;;;;;;СТУ;Закрыто и не реализовано;;;;;;;;;;;;;;;;;;;;;;;;;;;;;;;;;;;;;;;;;;;;;;;;;;;;;;;;;;;;;;;;;;;;;;;;;;;;;;;;;;
37756187;https://alladin116.amocrm.ru/leads/detail/37756187;обзвон Базы;;03.06.2026;;;;;;;;;СТУ;Обзвон Базы;;;;;СТУ;Обзвон Базы;;;СТУ;Обзвон Базы;;;СТУ;Обзвон Базы;;;СТУ;Обзвон Базы;;;СТУ;Обзвон Базы;;;;;;;;;;;;;;;;;;;;;;;;;;;;;;;;;;;;;;;;;;;;;;;;;;;;;;;;;;;;
37756189;https://alladin116.amocrm.ru/leads/detail/37756189;обзвон Базы;Закрыто и не реализовано;03.06.2026;;;;;;;;;СТУ;Закрыто и не реализовано;;;;;;;;;;;;;;;;;;;;;;;;;;;;;;;;;;;;;;;;;;;;;;;;;;;;;;;;;;;;;;;;;;;;;;;;;;;;;;;;;;
37756195;https://alladin116.amocrm.ru/leads/detail/37756195;повторный заказ;Закрыто и не реализовано;03.06.2026;;;;;;;;;Лиды обработка;Закрыто и не реализовано;;;;;;;;;;;;;;;;;;;;;;;;;;;;;;;;;;;;;;;;;;;;;;;;;;;;;;;;;;;;;;;;;;;;;;;;;;;;;;;;;;
37756197;https://alladin116.amocrm.ru/leads/detail/37756197;обзвон Базы;Закрыто и не реализовано;03.06.2026;;;;;;;;;СТУ;Закрыто и не реализовано;;;;;;;;;;;;;;;;;;;;;;;;;;;;;;;;;;;;;;;;;;;;;;;;;;;;;;;;;;;;;;;;;;;;;;;;;;;;;;;;;;
37756199;https://alladin116.amocrm.ru/leads/detail/37756199;обзвон Базы;;03.06.2026;;;;;;;;;СТУ;Обзвон Базы;;;;;СТУ;Обзвон Базы;;;СТУ;Обзвон Базы;;;СТУ;Обзвон Базы;;;СТУ;Обзвон Базы;;;СТУ;Обзвон Базы;;;;;;;;;;;;;;;;;;;;;;;;;;;;;;;;;;;;;;;;;;;;;;;;;;;;;;;;;;;;
37756201;https://alladin116.amocrm.ru/leads/detail/37756201;обзвон Базы;Закрыто и не реализовано;03.06.2026;;;;;;;;;СТУ;Закрыто и не реализовано;;;;;;;;;;;;;;;;;;;;;;;;;;;;;;;;;;;;;;;;;;;;;;;;;;;;;;;;;;;;;;;;;;;;;;;;;;;;;;;;;;
37756203;https://alladin116.amocrm.ru/leads/detail/37756203;обзвон Базы;Закрыто и не реализовано;03.06.2026;;;;;;;;;СТУ;Закрыто и не реализовано;;;;;;;;;;;;;;;;;;;;;;;;;;;;;;;;;;;;;;;;;;;;;;;;;;;;;;;;;;;;;;;;;;;;;;;;;;;;;;;;;;
37756497;https://alladin116.amocrm.ru/leads/detail/37756497;СЕО;Закрыто и не реализовано;05.06.2026;;;;;;;;;;;;;;;Лиды обработка;Закрыто и не реализовано;;;;;;;;;;;;;;;;;;;;;;;;;;;;;;;;;;;;;;;;;;;;;;;;;;;;;;;;;;;;;;;;;;;;;;;;;;;;
37756533;https://alladin116.amocrm.ru/leads/detail/37756533;По рекомендации;;05.06.2026;;;;;;;;;;;;;;;Расчет рисков;Контрольный звонок КП;;;Расчет рисков;Контрольный звонок КП;;;Расчет рисков;Контрольный звонок КП;;;Расчет рисков;Контрольный звонок КП;;;Расчет рисков;Контрольный звонок КП;;;;;;;;;;;;;;;;;;;;;;;;;;;;;;;;;;;;;;;;;;;;;;;;;;;;;;;;;;;;
37756539;https://alladin116.amocrm.ru/leads/detail/37756539;почта;;05.06.2026;;;;;;;;;;;;;;;СТУ;КП отправлено;;;СТУ;Контрольный звонок КП;;;СТУ;Контрольный звонок КП;;;СТУ;Контрольный звонок КП;;;СТУ;Контрольный звонок КП;;;;;;;;;;;;;;;;;;;;;;;;;;;;;;;;;;;;;;;;;;;;;;;;;;;;;;;;;;;;
37756571;https://alladin116.amocrm.ru/leads/detail/37756571;Коол Центр;;05.06.2026;;;;;;;;;;;;;;;СТУ;Обзвон Базы;;;СТУ;Обзвон Базы;;;СТУ;Обзвон Базы;;;СТУ;Обзвон Базы;;;СТУ;Обзвон Базы;;;;;;;;;;;;;;;;;;;;;;;;;;;;;;;;;;;;;;;;;;;;;;;;;;;;;;;;;;;;
37756581;https://alladin116.amocrm.ru/leads/detail/37756581;Коол Центр;;05.06.2026;;;;;;;;;;;;;;;СТУ;Обзвон Базы;;;СТУ;Обзвон Базы;;;СТУ;Обзвон Базы;;;СТУ;Обзвон Базы;;;СТУ;Обзвон Базы;;;;;;;;;;;;;;;;;;;;;;;;;;;;;;;;;;;;;;;;;;;;;;;;;;;;;;;;;;;;
37756593;https://alladin116.amocrm.ru/leads/detail/37756593;Коол Центр;Закрыто и не реализовано;05.06.2026;;;;;;;;;;;;;;;Другое;Закрыто и не реализовано;;;;;;;;;;;;;;;;;;;;;;;;;;;;;;;;;;;;;;;;;;;;;;;;;;;;;;;;;;;;;;;;;;;;;;;;;;;;
37756595;https://alladin116.amocrm.ru/leads/detail/37756595;обзвон Базы;Закрыто и не реализовано;05.06.2026;;;;;;;;;;;;;;;СТУ;Закрыто и не реализовано;;;;;;;;;;;;;;;;;;;;;;;;;;;;;;;;;;;;;;;;;;;;;;;;;;;;;;;;;;;;;;;;;;;;;;;;;;;;
37756599;https://alladin116.amocrm.ru/leads/detail/37756599;обзвон Базы;Закрыто и не реализовано;05.06.2026;;;;;;;;;;;;;;;СТУ;Закрыто и не реализовано;;;;;;;;;;;;;;;;;;;;;;;;;;;;;;;;;;;;;;;;;;;;;;;;;;;;;;;;;;;;;;;;;;;;;;;;;;;;
37756621;https://alladin116.amocrm.ru/leads/detail/37756621;Коол Центр;Закрыто и не реализовано;05.06.2026;;;;;;;;;;;;;;;СТУ;Закрыто и не реализовано;;;;;;;;;;;;;;;;;;;;;;;;;;;;;;;;;;;;;;;;;;;;;;;;;;;;;;;;;;;;;;;;;;;;;;;;;;;;
37756633;https://alladin116.amocrm.ru/leads/detail/37756633;Коол Центр;Закрыто и не реализовано;05.06.2026;;;;;;;;;;;;;;;СТУ;Закрыто и не реализовано;;;;;;;;;;;;;;;;;;;;;;;;;;;;;;;;;;;;;;;;;;;;;;;;;;;;;;;;;;;;;;;;;;;;;;;;;;;;
37756635;https://alladin116.amocrm.ru/leads/detail/37756635;обзвон Базы;Закрыто и не реализовано;05.06.2026;;;;;;;;;;;;;;;СТУ;Закрыто и не реализовано;;;;;;;;;;;;;;;;;;;;;;;;;;;;;;;;;;;;;;;;;;;;;;;;;;;;;;;;;;;;;;;;;;;;;;;;;;;;
37756643;https://alladin116.amocrm.ru/leads/detail/37756643;СЕО;Закрыто и не реализовано;05.06.2026;;;;;;;;;;;;;;;Лиды обработка;Закрыто и не реализовано;;;;;;;;;;;;;;;;;;;;;;;;;;;;;;;;;;;;;;;;;;;;;;;;;;;;;;;;;;;;;;;;;;;;;;;;;;;;
37756647;https://alladin116.amocrm.ru/leads/detail/37756647;Коол Центр;;05.06.2026;;;;;;;;;;;;;;;СТУ;Обзвон Базы;;;СТУ;Обзвон Базы;;;СТУ;Обзвон Базы;;;СТУ;Обзвон Базы;;;СТУ;Обзвон Базы;;;;;;;;;;;;;;;;;;;;;;;;;;;;;;;;;;;;;;;;;;;;;;;;;;;;;;;;;;;;
37756653;https://alladin116.amocrm.ru/leads/detail/37756653;;Закрыто и не реализовано;05.06.2026;;;;;;;;;;;;;;;Лиды обработка;Закрыто и не реализовано;;;;;;;;;;;;;;;;;;;;;;;;;;;;;;;;;;;;;;;;;;;;;;;;;;;;;;;;;;;;;;;;;;;;;;;;;;;;
37756655;https://alladin116.amocrm.ru/leads/detail/37756655;обзвон Базы;Закрыто и не реализовано;05.06.2026;;;;;;;;;;;;;;;СТУ;Закрыто и не реализовано;;;;;;;;;;;;;;;;;;;;;;;;;;;;;;;;;;;;;;;;;;;;;;;;;;;;;;;;;;;;;;;;;;;;;;;;;;;;
37756657;https://alladin116.amocrm.ru/leads/detail/37756657;обзвон Базы;Закрыто и не реализовано;05.06.2026;;;;;;;;;;;;;;;СТУ;Закрыто и не реализовано;;;;;;;;;;;;;;;;;;;;;;;;;;;;;;;;;;;;;;;;;;;;;;;;;;;;;;;;;;;;;;;;;;;;;;;;;;;;
37756663;https://alladin116.amocrm.ru/leads/detail/37756663;Коол Центр;Закрыто и не реализовано;05.06.2026;;;;;;;;;;;;;;;СТУ;Закрыто и не реализовано;;;;;;;;;;;;;;;;;;;;;;;;;;;;;;;;;;;;;;;;;;;;;;;;;;;;;;;;;;;;;;;;;;;;;;;;;;;;
37756671;https://alladin116.amocrm.ru/leads/detail/37756671;обзвон Базы;Закрыто и не реализовано;05.06.2026;;;;;;;;;;;;;;;СТУ;Закрыто и не реализовано;;;;;;;;;;;;;;;;;;;;;;;;;;;;;;;;;;;;;;;;;;;;;;;;;;;;;;;;;;;;;;;;;;;;;;;;;;;;
37756675;https://alladin116.amocrm.ru/leads/detail/37756675;Коол Центр;Закрыто и не реализовано;05.06.2026;;;;;;;;;;;;;;;СТУ;Обзвон Базы;;;СТУ;Закрыто и не реализовано;;;;;;;;;;;;;;;;;;;;;;;;;;;;;;;;;;;;;;;;;;;;;;;;;;;;;;;;;;;;;;;;;;;;;;;;
37756677;https://alladin116.amocrm.ru/leads/detail/37756677;Коол Центр;Закрыто и не реализовано;05.06.2026;;;;;;;;;;;;;;;СТУ;Обзвон Базы;;;СТУ;Обзвон Базы;;;СТУ;Обзвон Базы;;;СТУ;Обзвон Базы;;;СТУ;Закрыто и не реализовано;;;;;;;;;;;;;;;;;;;;;;;;;;;;;;;;;;;;;;;;;;;;;;;;;;;;;;;;;;;;
37756681;https://alladin116.amocrm.ru/leads/detail/37756681;обзвон Базы;Закрыто и не реализовано;05.06.2026;;;;;;;;;;;;;;;СТУ;Закрыто и не реализовано;;;;;;;;;;;;;;;;;;;;;;;;;;;;;;;;;;;;;;;;;;;;;;;;;;;;;;;;;;;;;;;;;;;;;;;;;;;;
37756683;https://alladin116.amocrm.ru/leads/detail/37756683;Коол Центр;;05.06.2026;;;;;;;;;;;;;;;СТУ;Обзвон Базы;;;СТУ;Обзвон Базы;;;СТУ;Обзвон Базы;;;СТУ;Обзвон Базы;;;СТУ;Обзвон Базы;;;;;;;;;;;;;;;;;;;;;;;;;;;;;;;;;;;;;;;;;;;;;;;;;;;;;;;;;;;;
37756687;https://alladin116.amocrm.ru/leads/detail/37756687;обзвон Базы;Закрыто и не реализовано;05.06.2026;;;;;;;;;;;;;;;СТУ;Обзвон Базы;;;СТУ;Закрыто и не реализовано;;;;;;;;;;;;;;;;;;;;;;;;;;;;;;;;;;;;;;;;;;;;;;;;;;;;;;;;;;;;;;;;;;;;;;;;
37756703;https://alladin116.amocrm.ru/leads/detail/37756703;;Закрыто и не реализовано;05.06.2026;;;;;;;;;;;;;;;СТУ;Обзвон Базы;;;СТУ;Закрыто и не реализовано;;;;;;;;;;;;;;;;;;;;;;;;;;;;;;;;;;;;;;;;;;;;;;;;;;;;;;;;;;;;;;;;;;;;;;;;
37756869;https://alladin116.amocrm.ru/leads/detail/37756869;Коол Центр;;08.06.2026;;;;;;;;;;;;;;;;;;;;;;;;;;;Лиды обработка;Недозвон;;;СТУ;ОБРАБОТАНО Коммутатором;;;;;;;;;;;;;;;;;;;;;;;;;;;;;;;;;;;;;;;;;;;;;;;;;;;;;;;;;;;;
37756873;https://alladin116.amocrm.ru/leads/detail/37756873;СЕО;Закрыто и не реализовано;08.06.2026;;;;;;;;;;;;;;;;;;;;;;;;;;;Лиды обработка;Закрыто и не реализовано;;;;;;;;;;;;;;;;;;;;;;;;;;;;;;;;;;;;;;;;;;;;;;;;;;;;;;;;;;;;;;;;
37756875;https://alladin116.amocrm.ru/leads/detail/37756875;Коол Центр;;08.06.2026;;;;;;;;;;;;;;;;;;;;;;;;;;;АПС;ОБРАБОТАНО КОММУТАТОРОМ;;;АПС;ОБРАБОТАНО КОММУТАТОРОМ;;;;;;;;;;;;;;;;;;;;;;;;;;;;;;;;;;;;;;;;;;;;;;;;;;;;;;;;;;;;
37756885;https://alladin116.amocrm.ru/leads/detail/37756885;;Закрыто и не реализовано;08.06.2026;;;;;;;;;;;;;;;;;;;;;;;;;;;Лиды обработка;Закрыто и не реализовано;;;;;;;;;;;;;;;;;;;;;;;;;;;;;;;;;;;;;;;;;;;;;;;;;;;;;;;;;;;;;;;;
37756907;https://alladin116.amocrm.ru/leads/detail/37756907;Коол Центр;;08.06.2026;;;;;;;;;;;;;;;;;;;;;;;;;;;Лиды обработка;Недозвон;;;Лиды обработка;Недозвон;;;;;;;;;;;;;;;;;;;;;;;;;;;;;;;;;;;;;;;;;;;;;;;;;;;;;;;;;;;;
37756909;https://alladin116.amocrm.ru/leads/detail/37756909;;Закрыто и не реализовано;08.06.2026;;;;;;;;;;;;;;;;;;;;;;;;;;;Лиды обработка;Закрыто и не реализовано;;;;;;;;;;;;;;;;;;;;;;;;;;;;;;;;;;;;;;;;;;;;;;;;;;;;;;;;;;;;;;;;
37756915;https://alladin116.amocrm.ru/leads/detail/37756915;Коол Центр;Закрыто и не реализовано;08.06.2026;;;;;;;;;;;;;;;;;;;;;;;;;;;СТУ;Обзвон Базы;;;СТУ;Закрыто и не реализовано;;;;;;;;;;;;;;;;;;;;;;;;;;;;;;;;;;;;;;;;;;;;;;;;;;;;;;;;;;;;
37756941;https://alladin116.amocrm.ru/leads/detail/37756941;Коол Центр;Закрыто и не реализовано;08.06.2026;;;;;;;;;;;;;;;;;;;;;;;;;;;СТУ;Закрыто и не реализовано;;;;;;;;;;;;;;;;;;;;;;;;;;;;;;;;;;;;;;;;;;;;;;;;;;;;;;;;;;;;;;;;
37756943;https://alladin116.amocrm.ru/leads/detail/37756943;повторный заказ;Закрыто и не реализовано;08.06.2026;;;;;;;;;;;;;;;;;;;;;;;;;;;Лиды обработка;Закрыто и не реализовано;;;;;;;;;;;;;;;;;;;;;;;;;;;;;;;;;;;;;;;;;;;;;;;;;;;;;;;;;;;;;;;;
37756945;https://alladin116.amocrm.ru/leads/detail/37756945;обзвон Базы;Закрыто и не реализовано;08.06.2026;;;;;;;;;;;;;;;;;;;;;;;;;;;СТУ;Закрыто и не реализовано;;;;;;;;;;;;;;;;;;;;;;;;;;;;;;;;;;;;;;;;;;;;;;;;;;;;;;;;;;;;;;;;
37756953;https://alladin116.amocrm.ru/leads/detail/37756953;обзвон Базы;Закрыто и не реализовано;08.06.2026;;;;;;;;;;;;;;;;;;;;;;;;;;;СТУ;Закрыто и не реализовано;;;;;;;;;;;;;;;;;;;;;;;;;;;;;;;;;;;;;;;;;;;;;;;;;;;;;;;;;;;;;;;;
37756957;https://alladin116.amocrm.ru/leads/detail/37756957;обзвон Базы;;08.06.2026;;;;;;;;;;;;;;;;;;;;;;;;;;;СТУ;Обзвон Базы;;;СТУ;Обзвон Базы;;;;;;;;;;;;;;;;;;;;;;;;;;;;;;;;;;;;;;;;;;;;;;;;;;;;;;;;;;;;
37756959;https://alladin116.amocrm.ru/leads/detail/37756959;;Закрыто и не реализовано;08.06.2026;;;;;;;;;;;;;;;;;;;;;;;;;;;Лиды обработка;Закрыто и не реализовано;;;;;;;;;;;;;;;;;;;;;;;;;;;;;;;;;;;;;;;;;;;;;;;;;;;;;;;;;;;;;;;;
37756961;https://alladin116.amocrm.ru/leads/detail/37756961;;Закрыто и не реализовано;08.06.2026;;;;;;;;;;;;;;;;;;;;;;;;;;;Лиды обработка;Закрыто и не реализовано;;;;;;;;;;;;;;;;;;;;;;;;;;;;;;;;;;;;;;;;;;;;;;;;;;;;;;;;;;;;;;;;
37756963;https://alladin116.amocrm.ru/leads/detail/37756963;обзвон Базы;Закрыто и не реализовано;08.06.2026;;;;;;;;;;;;;;;;;;;;;;;;;;;СТУ;Закрыто и не реализовано;;;;;;;;;;;;;;;;;;;;;;;;;;;;;;;;;;;;;;;;;;;;;;;;;;;;;;;;;;;;;;;;
37756967;https://alladin116.amocrm.ru/leads/detail/37756967;обзвон Базы;;08.06.2026;;;;;;;;;;;;;;;;;;;;;;;;;;;СТУ;Обзвон Базы;;;СТУ;Обзвон Базы;;;;;;;;;;;;;;;;;;;;;;;;;;;;;;;;;;;;;;;;;;;;;;;;;;;;;;;;;;;;
37756973;https://alladin116.amocrm.ru/leads/detail/37756973;повторный заказ;;08.06.2026;;;;;;;;;;;;;;;;;;;;;;;;;;;Другое;ДАННЫЕ ПРЕДОСТАВЛЕНЫ;;;Другое;ДАННЫЕ ПРЕДОСТАВЛЕНЫ;;;;;;;;;;;;;;;;;;;;;;;;;;;;;;;;;;;;;;;;;;;;;;;;;;;;;;;;;;;;
37756981;https://alladin116.amocrm.ru/leads/detail/37756981;СЕО;;08.06.2026;;;;;;;;;;;;;;;;;;;;;;;;;;;Планы эвакуации;ДАННЫЕ ПРЕДОСТАВЛЕНЫ;;;Планы эвакуации;Договор/счет отправлен;;;;;;;;;;;;;;;;;;;;;;;;;;;;;;;;;;;;;;;;;;;;;;;;;;;;;;;;;;;;
37756987;https://alladin116.amocrm.ru/leads/detail/37756987;обзвон Базы;Закрыто и не реализовано;08.06.2026;;;;;;;;;;;;;;;;;;;;;;;;;;;СТУ;Закрыто и не реализовано;;;;;;;;;;;;;;;;;;;;;;;;;;;;;;;;;;;;;;;;;;;;;;;;;;;;;;;;;;;;;;;;
37756991;https://alladin116.amocrm.ru/leads/detail/37756991;обзвон Базы;Закрыто и не реализовано;08.06.2026;;;;;;;;;;;;;;;;;;;;;;;;;;;СТУ;Закрыто и не реализовано;;;;;;;;;;;;;;;;;;;;;;;;;;;;;;;;;;;;;;;;;;;;;;;;;;;;;;;;;;;;;;;;
37756999;https://alladin116.amocrm.ru/leads/detail/37756999;обзвон Базы;Закрыто и не реализовано;08.06.2026;;;;;;;;;;;;;;;;;;;;;;;;;;;СТУ;Закрыто и не реализовано;;;;;;;;;;;;;;;;;;;;;;;;;;;;;;;;;;;;;;;;;;;;;;;;;;;;;;;;;;;;;;;;
37757003;https://alladin116.amocrm.ru/leads/detail/37757003;обзвон Базы;Закрыто и не реализовано;08.06.2026;;;;;;;;;;;;;;;;;;;;;;;;;;;СТУ;Обзвон Базы;;;СТУ;Закрыто и не реализовано;;;;;;;;;;;;;;;;;;;;;;;;;;;;;;;;;;;;;;;;;;;;;;;;;;;;;;;;;;;;
37757005;https://alladin116.amocrm.ru/leads/detail/37757005;обзвон Базы;Закрыто и не реализовано;08.06.2026;;;;;;;;;;;;;;;;;;;;;;;;;;;СТУ;Закрыто и не реализовано;;;;;;;;;;;;;;;;;;;;;;;;;;;;;;;;;;;;;;;;;;;;;;;;;;;;;;;;;;;;;;;;
37757007;https://alladin116.amocrm.ru/leads/detail/37757007;обзвон Базы;;08.06.2026;;;;;;;;;;;;;;;;;;;;;;;;;;;СТУ;Обзвон Базы;;;СТУ;Обзвон Базы;;;;;;;;;;;;;;;;;;;;;;;;;;;;;;;;;;;;;;;;;;;;;;;;;;;;;;;;;;;;
37757009;https://alladin116.amocrm.ru/leads/detail/37757009;обзвон Базы;Закрыто и не реализовано;08.06.2026;;;;;;;;;;;;;;;;;;;;;;;;;;;СТУ;Закрыто и не реализовано;;;;;;;;;;;;;;;;;;;;;;;;;;;;;;;;;;;;;;;;;;;;;;;;;;;;;;;;;;;;;;;;
37757011;https://alladin116.amocrm.ru/leads/detail/37757011;обзвон Базы;Закрыто и не реализовано;08.06.2026;;;;;;;;;;;;;;;;;;;;;;;;;;;СТУ;Закрыто и не реализовано;;;;;;;;;;;;;;;;;;;;;;;;;;;;;;;;;;;;;;;;;;;;;;;;;;;;;;;;;;;;;;;;
37757013;https://alladin116.amocrm.ru/leads/detail/37757013;Коол Центр;Закрыто и не реализовано;08.06.2026;;;;;;;;;;;;;;;;;;;;;;;;;;;Лиды обработка;Закрыто и не реализовано;;;;;;;;;;;;;;;;;;;;;;;;;;;;;;;;;;;;;;;;;;;;;;;;;;;;;;;;;;;;;;;;
37757015;https://alladin116.amocrm.ru/leads/detail/37757015;обзвон Базы;Закрыто и не реализовано;08.06.2026;;;;;;;;;;;;;;;;;;;;;;;;;;;СТУ;Закрыто и не реализовано;;;;;;;;;;;;;;;;;;;;;;;;;;;;;;;;;;;;;;;;;;;;;;;;;;;;;;;;;;;;;;;;
37757017;https://alladin116.amocrm.ru/leads/detail/37757017;обзвон Базы;Закрыто и не реализовано;08.06.2026;;;;;;;;;;;;;;;;;;;;;;;;;;;СТУ;Закрыто и не реализовано;;;;;;;;;;;;;;;;;;;;;;;;;;;;;;;;;;;;;;;;;;;;;;;;;;;;;;;;;;;;;;;;
37757019;https://alladin116.amocrm.ru/leads/detail/37757019;обзвон Базы;Закрыто и не реализовано;08.06.2026;;;;;;;;;;;;;;;;;;;;;;;;;;;СТУ;Закрыто и не реализовано;;;;;;;;;;;;;;;;;;;;;;;;;;;;;;;;;;;;;;;;;;;;;;;;;;;;;;;;;;;;;;;;
37757021;https://alladin116.amocrm.ru/leads/detail/37757021;обзвон Базы;Закрыто и не реализовано;08.06.2026;;;;;;;;;;;;;;;;;;;;;;;;;;;СТУ;Закрыто и не реализовано;;;;;;;;;;;;;;;;;;;;;;;;;;;;;;;;;;;;;;;;;;;;;;;;;;;;;;;;;;;;;;;;
37757023;https://alladin116.amocrm.ru/leads/detail/37757023;обзвон Базы;Закрыто и не реализовано;08.06.2026;;;;;;;;;;;;;;;;;;;;;;;;;;;СТУ;Закрыто и не реализовано;;;;;;;;;;;;;;;;;;;;;;;;;;;;;;;;;;;;;;;;;;;;;;;;;;;;;;;;;;;;;;;;
37757025;https://alladin116.amocrm.ru/leads/detail/37757025;обзвон Базы;Закрыто и не реализовано;08.06.2026;;;;;;;;;;;;;;;;;;;;;;;;;;;СТУ;Закрыто и не реализовано;;;;;;;;;;;;;;;;;;;;;;;;;;;;;;;;;;;;;;;;;;;;;;;;;;;;;;;;;;;;;;;;
37757027;https://alladin116.amocrm.ru/leads/detail/37757027;обзвон Базы;;08.06.2026;;;;;;;;;;;;;;;;;;;;;;;;;;;СТУ;Обзвон Базы;;;СТУ;Обзвон Базы;;;;;;;;;;;;;;;;;;;;;;;;;;;;;;;;;;;;;;;;;;;;;;;;;;;;;;;;;;;;
37757029;https://alladin116.amocrm.ru/leads/detail/37757029;обзвон Базы;Закрыто и не реализовано;08.06.2026;;;;;;;;;;;;;;;;;;;;;;;;;;;СТУ;Закрыто и не реализовано;;;;;;;;;;;;;;;;;;;;;;;;;;;;;;;;;;;;;;;;;;;;;;;;;;;;;;;;;;;;;;;;
37757031;https://alladin116.amocrm.ru/leads/detail/37757031;почта;;08.06.2026;;;;;;;;;;;;;;;;;;;;;;;;;;;Другое;Кп отправлено;;;Другое;Контрольный звонок КП;;;;;;;;;;;;;;;;;;;;;;;;;;;;;;;;;;;;;;;;;;;;;;;;;;;;;;;;;;;;
37757035;https://alladin116.amocrm.ru/leads/detail/37757035;обзвон Базы;Закрыто и не реализовано;08.06.2026;;;;;;;;;;;;;;;;;;;;;;;;;;;СТУ;Закрыто и не реализовано;;;;;;;;;;;;;;;;;;;;;;;;;;;;;;;;;;;;;;;;;;;;;;;;;;;;;;;;;;;;;;;;
37757037;https://alladin116.amocrm.ru/leads/detail/37757037;обзвон Базы;Закрыто и не реализовано;08.06.2026;;;;;;;;;;;;;;;;;;;;;;;;;;;СТУ;Закрыто и не реализовано;;;;;;;;;;;;;;;;;;;;;;;;;;;;;;;;;;;;;;;;;;;;;;;;;;;;;;;;;;;;;;;;
37757039;https://alladin116.amocrm.ru/leads/detail/37757039;обзвон Базы;Закрыто и не реализовано;08.06.2026;;;;;;;;;;;;;;;;;;;;;;;;;;;СТУ;Закрыто и не реализовано;;;;;;;;;;;;;;;;;;;;;;;;;;;;;;;;;;;;;;;;;;;;;;;;;;;;;;;;;;;;;;;;
37757041;https://alladin116.amocrm.ru/leads/detail/37757041;обзвон Базы;Закрыто и не реализовано;08.06.2026;;;;;;;;;;;;;;;;;;;;;;;;;;;СТУ;Закрыто и не реализовано;;;;;;;;;;;;;;;;;;;;;;;;;;;;;;;;;;;;;;;;;;;;;;;;;;;;;;;;;;;;;;;;
37757043;https://alladin116.amocrm.ru/leads/detail/37757043;обзвон Базы;Закрыто и не реализовано;08.06.2026;;;;;;;;;;;;;;;;;;;;;;;;;;;СТУ;Закрыто и не реализовано;;;;;;;;;;;;;;;;;;;;;;;;;;;;;;;;;;;;;;;;;;;;;;;;;;;;;;;;;;;;;;;;
37757045;https://alladin116.amocrm.ru/leads/detail/37757045;повторный заказ;Закрыто и не реализовано;08.06.2026;;;;;;;;;;;;;;;;;;;;;;;;;;;Лиды обработка;Закрыто и не реализовано;;;;;;;;;;;;;;;;;;;;;;;;;;;;;;;;;;;;;;;;;;;;;;;;;;;;;;;;;;;;;;;;
37757047;https://alladin116.amocrm.ru/leads/detail/37757047;обзвон Базы;Закрыто и не реализовано;08.06.2026;;;;;;;;;;;;;;;;;;;;;;;;;;;СТУ;Закрыто и не реализовано;;;;;;;;;;;;;;;;;;;;;;;;;;;;;;;;;;;;;;;;;;;;;;;;;;;;;;;;;;;;;;;;
37757053;https://alladin116.amocrm.ru/leads/detail/37757053;обзвон Базы;Закрыто и не реализовано;08.06.2026;;;;;;;;;;;;;;;;;;;;;;;;;;;СТУ;Закрыто и не реализовано;;;;;;;;;;;;;;;;;;;;;;;;;;;;;;;;;;;;;;;;;;;;;;;;;;;;;;;;;;;;;;;;
37757055;https://alladin116.amocrm.ru/leads/detail/37757055;обзвон Базы;Закрыто и не реализовано;08.06.2026;;;;;;;;;;;;;;;;;;;;;;;;;;;СТУ;Закрыто и не реализовано;;;;;;;;;;;;;;;;;;;;;;;;;;;;;;;;;;;;;;;;;;;;;;;;;;;;;;;;;;;;;;;;
37757057;https://alladin116.amocrm.ru/leads/detail/37757057;обзвон Базы;Закрыто и не реализовано;08.06.2026;;;;;;;;;;;;;;;;;;;;;;;;;;;СТУ;Закрыто и не реализовано;;;;;;;;;;;;;;;;;;;;;;;;;;;;;;;;;;;;;;;;;;;;;;;;;;;;;;;;;;;;;;;;
37757059;https://alladin116.amocrm.ru/leads/detail/37757059;обзвон Базы;Закрыто и не реализовано;08.06.2026;;;;;;;;;;;;;;;;;;;;;;;;;;;СТУ;Закрыто и не реализовано;;;;;;;;;;;;;;;;;;;;;;;;;;;;;;;;;;;;;;;;;;;;;;;;;;;;;;;;;;;;;;;;
37757063;https://alladin116.amocrm.ru/leads/detail/37757063;обзвон Базы;Закрыто и не реализовано;08.06.2026;;;;;;;;;;;;;;;;;;;;;;;;;;;СТУ;Закрыто и не реализовано;;;;;;;;;;;;;;;;;;;;;;;;;;;;;;;;;;;;;;;;;;;;;;;;;;;;;;;;;;;;;;;;
37757065;https://alladin116.amocrm.ru/leads/detail/37757065;обзвон Базы;Закрыто и не реализовано;08.06.2026;;;;;;;;;;;;;;;;;;;;;;;;;;;СТУ;Закрыто и не реализовано;;;;;;;;;;;;;;;;;;;;;;;;;;;;;;;;;;;;;;;;;;;;;;;;;;;;;;;;;;;;;;;;
37757071;https://alladin116.amocrm.ru/leads/detail/37757071;обзвон Базы;Закрыто и не реализовано;08.06.2026;;;;;;;;;;;;;;;;;;;;;;;;;;;СТУ;Закрыто и не реализовано;;;;;;;;;;;;;;;;;;;;;;;;;;;;;;;;;;;;;;;;;;;;;;;;;;;;;;;;;;;;;;;;
37757073;https://alladin116.amocrm.ru/leads/detail/37757073;обзвон Базы;Закрыто и не реализовано;08.06.2026;;;;;;;;;;;;;;;;;;;;;;;;;;;СТУ;Обзвон Базы;;;СТУ;Закрыто и не реализовано;;;;;;;;;;;;;;;;;;;;;;;;;;;;;;;;;;;;;;;;;;;;;;;;;;;;;;;;;;;;
37757075;https://alladin116.amocrm.ru/leads/detail/37757075;обзвон Базы;Закрыто и не реализовано;08.06.2026;;;;;;;;;;;;;;;;;;;;;;;;;;;СТУ;Закрыто и не реализовано;;;;;;;;;;;;;;;;;;;;;;;;;;;;;;;;;;;;;;;;;;;;;;;;;;;;;;;;;;;;;;;;
37757077;https://alladin116.amocrm.ru/leads/detail/37757077;обзвон Базы;Закрыто и не реализовано;08.06.2026;;;;;;;;;;;;;;;;;;;;;;;;;;;СТУ;Закрыто и не реализовано;;;;;;;;;;;;;;;;;;;;;;;;;;;;;;;;;;;;;;;;;;;;;;;;;;;;;;;;;;;;;;;;
37757079;https://alladin116.amocrm.ru/leads/detail/37757079;обзвон Базы;;08.06.2026;;;;;;;;;;;;;;;;;;;;;;;;;;;СТУ;Обзвон Базы;;;СТУ;Обзвон Базы;;;;;;;;;;;;;;;;;;;;;;;;;;;;;;;;;;;;;;;;;;;;;;;;;;;;;;;;;;;;
37757081;https://alladin116.amocrm.ru/leads/detail/37757081;обзвон Базы;Закрыто и не реализовано;08.06.2026;;;;;;;;;;;;;;;;;;;;;;;;;;;СТУ;Закрыто и не реализовано;;;;;;;;;;;;;;;;;;;;;;;;;;;;;;;;;;;;;;;;;;;;;;;;;;;;;;;;;;;;;;;;
37757083;https://alladin116.amocrm.ru/leads/detail/37757083;обзвон Базы;Закрыто и не реализовано;08.06.2026;;;;;;;;;;;;;;;;;;;;;;;;;;;СТУ;Обзвон Базы;;;СТУ;Закрыто и не реализовано;;;;;;;;;;;;;;;;;;;;;;;;;;;;;;;;;;;;;;;;;;;;;;;;;;;;;;;;;;;;
37757085;https://alladin116.amocrm.ru/leads/detail/37757085;обзвон Базы;Закрыто и не реализовано;08.06.2026;;;;;;;;;;;;;;;;;;;;;;;;;;;СТУ;Обзвон Базы;;;СТУ;Закрыто и не реализовано;;;;;;;;;;;;;;;;;;;;;;;;;;;;;;;;;;;;;;;;;;;;;;;;;;;;;;;;;;;;
37757087;https://alladin116.amocrm.ru/leads/detail/37757087;обзвон Базы;Закрыто и не реализовано;08.06.2026;;;;;;;;;;;;;;;;;;;;;;;;;;;СТУ;Закрыто и не реализовано;;;;;;;;;;;;;;;;;;;;;;;;;;;;;;;;;;;;;;;;;;;;;;;;;;;;;;;;;;;;;;;;
37757089;https://alladin116.amocrm.ru/leads/detail/37757089;обзвон Базы;Закрыто и не реализовано;08.06.2026;;;;;;;;;;;;;;;;;;;;;;;;;;;СТУ;Обзвон Базы;;;СТУ;Закрыто и не реализовано;;;;;;;;;;;;;;;;;;;;;;;;;;;;;;;;;;;;;;;;;;;;;;;;;;;;;;;;;;;;
37757093;https://alladin116.amocrm.ru/leads/detail/37757093;повторный заказ;Закрыто и не реализовано;08.06.2026;;;;;;;;;;;;;;;;;;;;;;;;;;;Лиды обработка;Закрыто и не реализовано;;;;;;;;;;;;;;;;;;;;;;;;;;;;;;;;;;;;;;;;;;;;;;;;;;;;;;;;;;;;;;;;
37757095;https://alladin116.amocrm.ru/leads/detail/37757095;обзвон Базы;;08.06.2026;;;;;;;;;;;;;;;;;;;;;;;;;;;СТУ;Обзвон Базы;;;СТУ;Обзвон Базы;;;;;;;;;;;;;;;;;;;;;;;;;;;;;;;;;;;;;;;;;;;;;;;;;;;;;;;;;;;;
37757101;https://alladin116.amocrm.ru/leads/detail/37757101;обзвон Базы;Закрыто и не реализовано;08.06.2026;;;;;;;;;;;;;;;;;;;;;;;;;;;СТУ;Закрыто и не реализовано;;;;;;;;;;;;;;;;;;;;;;;;;;;;;;;;;;;;;;;;;;;;;;;;;;;;;;;;;;;;;;;;
37757103;https://alladin116.amocrm.ru/leads/detail/37757103;обзвон Базы;Закрыто и не реализовано;08.06.2026;;;;;;;;;;;;;;;;;;;;;;;;;;;СТУ;Обзвон Базы;;;СТУ;Закрыто и не реализовано;;;;;;;;;;;;;;;;;;;;;;;;;;;;;;;;;;;;;;;;;;;;;;;;;;;;;;;;;;;;
37757105;https://alladin116.amocrm.ru/leads/detail/37757105;обзвон Базы;Закрыто и не реализовано;08.06.2026;;;;;;;;;;;;;;;;;;;;;;;;;;;СТУ;Обзвон Базы;;;СТУ;Закрыто и не реализовано;;;;;;;;;;;;;;;;;;;;;;;;;;;;;;;;;;;;;;;;;;;;;;;;;;;;;;;;;;;;
37757107;https://alladin116.amocrm.ru/leads/detail/37757107;обзвон Базы;Закрыто и не реализовано;08.06.2026;;;;;;;;;;;;;;;;;;;;;;;;;;;СТУ;Закрыто и не реализовано;;;;;;;;;;;;;;;;;;;;;;;;;;;;;;;;;;;;;;;;;;;;;;;;;;;;;;;;;;;;;;;;
37757113;https://alladin116.amocrm.ru/leads/detail/37757113;обзвон Базы;Закрыто и не реализовано;08.06.2026;;;;;;;;;;;;;;;;;;;;;;;;;;;СТУ;Обзвон Базы;;;СТУ;Закрыто и не реализовано;;;;;;;;;;;;;;;;;;;;;;;;;;;;;;;;;;;;;;;;;;;;;;;;;;;;;;;;;;;;
37757115;https://alladin116.amocrm.ru/leads/detail/37757115;обзвон Базы;Закрыто и не реализовано;08.06.2026;;;;;;;;;;;;;;;;;;;;;;;;;;;СТУ;Обзвон Базы;;;СТУ;Закрыто и не реализовано;;;;;;;;;;;;;;;;;;;;;;;;;;;;;;;;;;;;;;;;;;;;;;;;;;;;;;;;;;;;
37757117;https://alladin116.amocrm.ru/leads/detail/37757117;обзвон Базы;Закрыто и не реализовано;08.06.2026;;;;;;;;;;;;;;;;;;;;;;;;;;;СТУ;Обзвон Базы;;;СТУ;Закрыто и не реализовано;;;;;;;;;;;;;;;;;;;;;;;;;;;;;;;;;;;;;;;;;;;;;;;;;;;;;;;;;;;;
37757119;https://alladin116.amocrm.ru/leads/detail/37757119;обзвон Базы;;08.06.2026;;;;;;;;;;;;;;;;;;;;;;;;;;;СТУ;Обзвон Базы;;;СТУ;Обзвон Базы;;;;;;;;;;;;;;;;;;;;;;;;;;;;;;;;;;;;;;;;;;;;;;;;;;;;;;;;;;;;
37757121;https://alladin116.amocrm.ru/leads/detail/37757121;обзвон Базы;;08.06.2026;;;;;;;;;;;;;;;;;;;;;;;;;;;СТУ;Обзвон Базы;;;СТУ;Обзвон Базы;;;;;;;;;;;;;;;;;;;;;;;;;;;;;;;;;;;;;;;;;;;;;;;;;;;;;;;;;;;;
37757125;https://alladin116.amocrm.ru/leads/detail/37757125;обзвон Базы;Закрыто и не реализовано;08.06.2026;;;;;;;;;;;;;;;;;;;;;;;;;;;СТУ;Обзвон Базы;;;СТУ;Закрыто и не реализовано;;;;;;;;;;;;;;;;;;;;;;;;;;;;;;;;;;;;;;;;;;;;;;;;;;;;;;;;;;;;
37757131;https://alladin116.amocrm.ru/leads/detail/37757131;обзвон Базы;;08.06.2026;;;;;;;;;;;;;;;;;;;;;;;;;;;СТУ;Обзвон Базы;;;СТУ;Обзвон Базы;;;;;;;;;;;;;;;;;;;;;;;;;;;;;;;;;;;;;;;;;;;;;;;;;;;;;;;;;;;;
37757133;https://alladin116.amocrm.ru/leads/detail/37757133;обзвон Базы;;08.06.2026;;;;;;;;;;;;;;;;;;;;;;;;;;;СТУ;Обзвон Базы;;;СТУ;Обзвон Базы;;;;;;;;;;;;;;;;;;;;;;;;;;;;;;;;;;;;;;;;;;;;;;;;;;;;;;;;;;;;
37757137;https://alladin116.amocrm.ru/leads/detail/37757137;обзвон Базы;Закрыто и не реализовано;08.06.2026;;;;;;;;;;;;;;;;;;;;;;;;;;;СТУ;Закрыто и не реализовано;;;;;;;;;;;;;;;;;;;;;;;;;;;;;;;;;;;;;;;;;;;;;;;;;;;;;;;;;;;;;;;;
37757139;https://alladin116.amocrm.ru/leads/detail/37757139;обзвон Базы;Закрыто и не реализовано;08.06.2026;;;;;;;;;;;;;;;;;;;;;;;;;;;СТУ;Закрыто и не реализовано;;;;;;;;;;;;;;;;;;;;;;;;;;;;;;;;;;;;;;;;;;;;;;;;;;;;;;;;;;;;;;;;
37757141;https://alladin116.amocrm.ru/leads/detail/37757141;обзвон Базы;;08.06.2026;;;;;;;;;;;;;;;;;;;;;;;;;;;СТУ;Обзвон Базы;;;СТУ;Обзвон Базы;;;;;;;;;;;;;;;;;;;;;;;;;;;;;;;;;;;;;;;;;;;;;;;;;;;;;;;;;;;;
37757143;https://alladin116.amocrm.ru/leads/detail/37757143;;Закрыто и не реализовано;08.06.2026;;;;;;;;;;;;;;;;;;;;;;;;;;;Лиды обработка;Закрыто и не реализовано;;;;;;;;;;;;;;;;;;;;;;;;;;;;;;;;;;;;;;;;;;;;;;;;;;;;;;;;;;;;;;;;
37757147;https://alladin116.amocrm.ru/leads/detail/37757147;обзвон Базы;;08.06.2026;;;;;;;;;;;;;;;;;;;;;;;;;;;СТУ;ОБРАБОТАНО Коммутатором;;;СТУ;Обзвон Базы;;;;;;;;;;;;;;;;;;;;;;;;;;;;;;;;;;;;;;;;;;;;;;;;;;;;;;;;;;;;
37757155;https://alladin116.amocrm.ru/leads/detail/37757155;Коол Центр;;08.06.2026;;;;;;;;;;;;;;;;;;;;;;;;;;;СТУ;Обзвон Базы;;;СТУ;Обзвон Базы;;;;;;;;;;;;;;;;;;;;;;;;;;;;;;;;;;;;;;;;;;;;;;;;;;;;;;;;;;;;
37757167;https://alladin116.amocrm.ru/leads/detail/37757167;;;08.06.2026;;;;;;;;;;;;;;;;;;;;;;;;;;;Лиды обработка;Скорозвон;;;СТУ;ОБРАБОТАНО Коммутатором;;;;;;;;;;;;;;;;;;;;;;;;;;;;;;;;;;;;;;;;;;;;;;;;;;;;;;;;;;;;
37757185;https://alladin116.amocrm.ru/leads/detail/37757185;повторный заказ;;08.06.2026;;;;;;;;;;;;;;;;;;;;;;;;;;;Другое;ДАННЫЕ ПРЕДОСТАВЛЕНЫ;;;Другое;ДАННЫЕ ПРЕДОСТАВЛЕНЫ;;;;;;;;;;;;;;;;;;;;;;;;;;;;;;;;;;;;;;;;;;;;;;;;;;;;;;;;;;;;
37757187;https://alladin116.amocrm.ru/leads/detail/37757187;повторный заказ;;08.06.2026;;;;;;;;;;;;;;;;;;;;;;;;;;;Планы эвакуации;ДАННЫЕ ПРЕДОСТАВЛЕНЫ;;;Планы эвакуации;Контрольный звонок КП договоренности;;;;;;;;;;;;;;;;;;;;;;;;;;;;;;;;;;;;;;;;;;;;;;;;;;;;;;;;;;;;
37757235;https://alladin116.amocrm.ru/leads/detail/37757235;Своя база;;09.06.2026;;;;;;;;;;;;;;;;;;;;;;;;;;;;;;;СТУ;Обзвон Базы;;;;;;;;;;;;;;;;;;;;;;;;;;;;;;;;;;;;;;;;;;;;;;;;;;;;;;;;;;;;
37757239;https://alladin116.amocrm.ru/leads/detail/37757239;Коол Центр;;09.06.2026;;;;;;;;;;;;;;;;;;;;;;;;;;;;;;;СТУ;Обзвон Базы;;;;;;;;;;;;;;;;;;;;;;;;;;;;;;;;;;;;;;;;;;;;;;;;;;;;;;;;;;;;
37757243;https://alladin116.amocrm.ru/leads/detail/37757243;Своя база;;09.06.2026;;;;;;;;;;;;;;;;;;;;;;;;;;;;;;;СТУ;Обзвон Базы;;;;;;;;;;;;;;;;;;;;;;;;;;;;;;;;;;;;;;;;;;;;;;;;;;;;;;;;;;;;
37757247;https://alladin116.amocrm.ru/leads/detail/37757247;Своя база;;09.06.2026;;;;;;;;;;;;;;;;;;;;;;;;;;;;;;;СТУ;Обзвон Базы;;;;;;;;;;;;;;;;;;;;;;;;;;;;;;;;;;;;;;;;;;;;;;;;;;;;;;;;;;;;
37757251;https://alladin116.amocrm.ru/leads/detail/37757251;Своя база;;09.06.2026;;;;;;;;;;;;;;;;;;;;;;;;;;;;;;;СТУ;Обзвон Базы;;;;;;;;;;;;;;;;;;;;;;;;;;;;;;;;;;;;;;;;;;;;;;;;;;;;;;;;;;;;
37757257;https://alladin116.amocrm.ru/leads/detail/37757257;Своя база;;09.06.2026;;;;;;;;;;;;;;;;;;;;;;;;;;;;;;;СТУ;Обзвон Базы;;;;;;;;;;;;;;;;;;;;;;;;;;;;;;;;;;;;;;;;;;;;;;;;;;;;;;;;;;;;
37757265;https://alladin116.amocrm.ru/leads/detail/37757265;Своя база;;09.06.2026;;;;;;;;;;;;;;;;;;;;;;;;;;;;;;;СТУ;Обзвон Базы;;;;;;;;;;;;;;;;;;;;;;;;;;;;;;;;;;;;;;;;;;;;;;;;;;;;;;;;;;;;
37757267;https://alladin116.amocrm.ru/leads/detail/37757267;Своя база;;09.06.2026;;;;;;;;;;;;;;;;;;;;;;;;;;;;;;;СТУ;Обзвон Базы;;;;;;;;;;;;;;;;;;;;;;;;;;;;;;;;;;;;;;;;;;;;;;;;;;;;;;;;;;;;
37757271;https://alladin116.amocrm.ru/leads/detail/37757271;;;09.06.2026;;;;;;;;;;;;;;;;;;;;;;;;;;;;;;;СТУ;Обзвон Базы;;;;;;;;;;;;;;;;;;;;;;;;;;;;;;;;;;;;;;;;;;;;;;;;;;;;;;;;;;;;
37757289;https://alladin116.amocrm.ru/leads/detail/37757289;yandex;Закрыто и не реализовано;09.06.2026;;;;;;;;;;;;;;;;;;;;;;;;;;;;;;;Лиды обработка;Закрыто и не реализовано;;;;;;;;;;;;;;;;;;;;;;;;;;;;;;;;;;;;;;;;;;;;;;;;;;;;;;;;;;;;
37757295;https://alladin116.amocrm.ru/leads/detail/37757295;обзвон Базы;Закрыто и не реализовано;09.06.2026;;;;;;;;;;;;;;;;;;;;;;;;;;;;;;;СТУ;Закрыто и не реализовано;;;;;;;;;;;;;;;;;;;;;;;;;;;;;;;;;;;;;;;;;;;;;;;;;;;;;;;;;;;;
37757299;https://alladin116.amocrm.ru/leads/detail/37757299;обзвон Базы;;09.06.2026;;;;;;;;;;;;;;;;;;;;;;;;;;;;;;;СТУ;Обзвон Базы;;;;;;;;;;;;;;;;;;;;;;;;;;;;;;;;;;;;;;;;;;;;;;;;;;;;;;;;;;;;
37757301;https://alladin116.amocrm.ru/leads/detail/37757301;обзвон Базы;Закрыто и не реализовано;09.06.2026;;;;;;;;;;;;;;;;;;;;;;;;;;;;;;;СТУ;Закрыто и не реализовано;;;;;;;;;;;;;;;;;;;;;;;;;;;;;;;;;;;;;;;;;;;;;;;;;;;;;;;;;;;;
37757305;https://alladin116.amocrm.ru/leads/detail/37757305;yandex;Закрыто и не реализовано;09.06.2026;;;;;;;;;;;;;;;;;;;;;;;;;;;;;;;Лиды обработка;Закрыто и не реализовано;;;;;;;;;;;;;;;;;;;;;;;;;;;;;;;;;;;;;;;;;;;;;;;;;;;;;;;;;;;;
37757309;https://alladin116.amocrm.ru/leads/detail/37757309;обзвон Базы;;09.06.2026;;;;;;;;;;;;;;;;;;;;;;;;;;;;;;;СТУ;Обзвон Базы;;;;;;;;;;;;;;;;;;;;;;;;;;;;;;;;;;;;;;;;;;;;;;;;;;;;;;;;;;;;
37757317;https://alladin116.amocrm.ru/leads/detail/37757317;обзвон Базы;;09.06.2026;;;;;;;;;;;;;;;;;;;;;;;;;;;;;;;СТУ;Обзвон Базы;;;;;;;;;;;;;;;;;;;;;;;;;;;;;;;;;;;;;;;;;;;;;;;;;;;;;;;;;;;;
37757323;https://alladin116.amocrm.ru/leads/detail/37757323;обзвон Базы;Закрыто и не реализовано;09.06.2026;;;;;;;;;;;;;;;;;;;;;;;;;;;;;;;СТУ;Закрыто и не реализовано;;;;;;;;;;;;;;;;;;;;;;;;;;;;;;;;;;;;;;;;;;;;;;;;;;;;;;;;;;;;
37757325;https://alladin116.amocrm.ru/leads/detail/37757325;обзвон Базы;Закрыто и не реализовано;09.06.2026;;;;;;;;;;;;;;;;;;;;;;;;;;;;;;;СТУ;Закрыто и не реализовано;;;;;;;;;;;;;;;;;;;;;;;;;;;;;;;;;;;;;;;;;;;;;;;;;;;;;;;;;;;;
37757327;https://alladin116.amocrm.ru/leads/detail/37757327;обзвон Базы;;09.06.2026;;;;;;;;;;;;;;;;;;;;;;;;;;;;;;;СТУ;Обзвон Базы;;;;;;;;;;;;;;;;;;;;;;;;;;;;;;;;;;;;;;;;;;;;;;;;;;;;;;;;;;;;
37757329;https://alladin116.amocrm.ru/leads/detail/37757329;обзвон Базы;Закрыто и не реализовано;09.06.2026;;;;;;;;;;;;;;;;;;;;;;;;;;;;;;;СТУ;Закрыто и не реализовано;;;;;;;;;;;;;;;;;;;;;;;;;;;;;;;;;;;;;;;;;;;;;;;;;;;;;;;;;;;;
37757333;https://alladin116.amocrm.ru/leads/detail/37757333;обзвон Базы;Закрыто и не реализовано;09.06.2026;;;;;;;;;;;;;;;;;;;;;;;;;;;;;;;СТУ;Закрыто и не реализовано;;;;;;;;;;;;;;;;;;;;;;;;;;;;;;;;;;;;;;;;;;;;;;;;;;;;;;;;;;;;
37757335;https://alladin116.amocrm.ru/leads/detail/37757335;Коол Центр;Закрыто и не реализовано;09.06.2026;;;;;;;;;;;;;;;;;;;;;;;;;;;;;;;Другое;Закрыто и не реализовано;;;;;;;;;;;;;;;;;;;;;;;;;;;;;;;;;;;;;;;;;;;;;;;;;;;;;;;;;;;;
37757341;https://alladin116.amocrm.ru/leads/detail/37757341;обзвон Базы;;09.06.2026;;;;;;;;;;;;;;;;;;;;;;;;;;;;;;;СТУ;Обзвон Базы;;;;;;;;;;;;;;;;;;;;;;;;;;;;;;;;;;;;;;;;;;;;;;;;;;;;;;;;;;;;
37757343;https://alladin116.amocrm.ru/leads/detail/37757343;обзвон Базы;Закрыто и не реализовано;09.06.2026;;;;;;;;;;;;;;;;;;;;;;;;;;;;;;;СТУ;Закрыто и не реализовано;;;;;;;;;;;;;;;;;;;;;;;;;;;;;;;;;;;;;;;;;;;;;;;;;;;;;;;;;;;;
37757351;https://alladin116.amocrm.ru/leads/detail/37757351;Коол Центр;;09.06.2026;;;;;;;;;;;;;;;;;;;;;;;;;;;;;;;Документы ПБ;Контрольный звонок данные;;;;;;;;;;;;;;;;;;;;;;;;;;;;;;;;;;;;;;;;;;;;;;;;;;;;;;;;;;;;
37757355;https://alladin116.amocrm.ru/leads/detail/37757355;;Закрыто и не реализовано;09.06.2026;;;;;;;;;;;;;;;;;;;;;;;;;;;;;;;Лиды обработка;Закрыто и не реализовано;;;;;;;;;;;;;;;;;;;;;;;;;;;;;;;;;;;;;;;;;;;;;;;;;;;;;;;;;;;;
37757361;https://alladin116.amocrm.ru/leads/detail/37757361;обзвон Базы;;09.06.2026;;;;;;;;;;;;;;;;;;;;;;;;;;;;;;;СТУ;Обзвон Базы;;;;;;;;;;;;;;;;;;;;;;;;;;;;;;;;;;;;;;;;;;;;;;;;;;;;;;;;;;;;
37757365;https://alladin116.amocrm.ru/leads/detail/37757365;обзвон Базы;;09.06.2026;;;;;;;;;;;;;;;;;;;;;;;;;;;;;;;СТУ;Обзвон Базы;;;;;;;;;;;;;;;;;;;;;;;;;;;;;;;;;;;;;;;;;;;;;;;;;;;;;;;;;;;;
37757369;https://alladin116.amocrm.ru/leads/detail/37757369;обзвон Базы;Закрыто и не реализовано;09.06.2026;;;;;;;;;;;;;;;;;;;;;;;;;;;;;;;СТУ;Закрыто и не реализовано;;;;;;;;;;;;;;;;;;;;;;;;;;;;;;;;;;;;;;;;;;;;;;;;;;;;;;;;;;;;
37757371;https://alladin116.amocrm.ru/leads/detail/37757371;обзвон Базы;Закрыто и не реализовано;09.06.2026;;;;;;;;;;;;;;;;;;;;;;;;;;;;;;;СТУ;Закрыто и не реализовано;;;;;;;;;;;;;;;;;;;;;;;;;;;;;;;;;;;;;;;;;;;;;;;;;;;;;;;;;;;;
37757373;https://alladin116.amocrm.ru/leads/detail/37757373;обзвон Базы;Закрыто и не реализовано;09.06.2026;;;;;;;;;;;;;;;;;;;;;;;;;;;;;;;СТУ;Закрыто и не реализовано;;;;;;;;;;;;;;;;;;;;;;;;;;;;;;;;;;;;;;;;;;;;;;;;;;;;;;;;;;;;
37757375;https://alladin116.amocrm.ru/leads/detail/37757375;yandex;Закрыто и не реализовано;09.06.2026;;;;;;;;;;;;;;;;;;;;;;;;;;;;;;;Лиды обработка;Закрыто и не реализовано;;;;;;;;;;;;;;;;;;;;;;;;;;;;;;;;;;;;;;;;;;;;;;;;;;;;;;;;;;;;
37757377;https://alladin116.amocrm.ru/leads/detail/37757377;обзвон Базы;Закрыто и не реализовано;09.06.2026;;;;;;;;;;;;;;;;;;;;;;;;;;;;;;;СТУ;Закрыто и не реализовано;;;;;;;;;;;;;;;;;;;;;;;;;;;;;;;;;;;;;;;;;;;;;;;;;;;;;;;;;;;;
37757383;https://alladin116.amocrm.ru/leads/detail/37757383;обзвон Базы;;09.06.2026;;;;;;;;;;;;;;;;;;;;;;;;;;;;;;;СТУ;Обзвон Базы;;;;;;;;;;;;;;;;;;;;;;;;;;;;;;;;;;;;;;;;;;;;;;;;;;;;;;;;;;;;
37757391;https://alladin116.amocrm.ru/leads/detail/37757391;Своя база;Закрыто и не реализовано;09.06.2026;;;;;;;;;;;;;;;;;;;;;;;;;;;;;;;Лиды обработка;Закрыто и не реализовано;;;;;;;;;;;;;;;;;;;;;;;;;;;;;;;;;;;;;;;;;;;;;;;;;;;;;;;;;;;;
37757393;https://alladin116.amocrm.ru/leads/detail/37757393;СЕО;;09.06.2026;;;;;;;;;;;;;;;;;;;;;;;;;;;;;;;АПС;ДАННЫЕ ПРЕДОСТАВЛЕНЫ;;;;;;;;;;;;;;;;;;;;;;;;;;;;;;;;;;;;;;;;;;;;;;;;;;;;;;;;;;;;
37757411;https://alladin116.amocrm.ru/leads/detail/37757411;Партнерская СРМ;;09.06.2026;;;;;;;;;;;;;;;;;;;;;;;;;;;;;;;АПС;ДАННЫЕ ПРЕДОСТАВЛЕНЫ;;;;;;;;;;;;;;;;;;;;;;;;;;;;;;;;;;;;;;;;;;;;;;;;;;;;;;;;;;;;
37757413;https://alladin116.amocrm.ru/leads/detail/37757413;Коол Центр;;09.06.2026;;;;;;;;;;;;;;;;;;;;;;;;;;;;;;;СТУ;Обзвон Базы;;;;;;;;;;;;;;;;;;;;;;;;;;;;;;;;;;;;;;;;;;;;;;;;;;;;;;;;;;;;
37757427;https://alladin116.amocrm.ru/leads/detail/37757427;обзвон Базы;Закрыто и не реализовано;09.06.2026;;;;;;;;;;;;;;;;;;;;;;;;;;;;;;;СТУ;Закрыто и не реализовано;;;;;;;;;;;;;;;;;;;;;;;;;;;;;;;;;;;;;;;;;;;;;;;;;;;;;;;;;;;;
37757435;https://alladin116.amocrm.ru/leads/detail/37757435;Коол Центр;;09.06.2026;;;;;;;;;;;;;;;;;;;;;;;;;;;;;;;АПС;Запросили данные;;;;;;;;;;;;;;;;;;;;;;;;;;;;;;;;;;;;;;;;;;;;;;;;;;;;;;;;;;;;
37757447;https://alladin116.amocrm.ru/leads/detail/37757447;обзвон Базы;;09.06.2026;;;;;;;;;;;;;;;;;;;;;;;;;;;;;;;СТУ;Обзвон Базы;;;;;;;;;;;;;;;;;;;;;;;;;;;;;;;;;;;;;;;;;;;;;;;;;;;;;;;;;;;;
37757451;https://alladin116.amocrm.ru/leads/detail/37757451;обзвон Базы;;09.06.2026;;;;;;;;;;;;;;;;;;;;;;;;;;;;;;;СТУ;Обзвон Базы;;;;;;;;;;;;;;;;;;;;;;;;;;;;;;;;;;;;;;;;;;;;;;;;;;;;;;;;;;;;
37757461;https://alladin116.amocrm.ru/leads/detail/37757461;обзвон Базы;;09.06.2026;;;;;;;;;;;;;;;;;;;;;;;;;;;;;;;СТУ;Обзвон Базы;;;;;;;;;;;;;;;;;;;;;;;;;;;;;;;;;;;;;;;;;;;;;;;;;;;;;;;;;;;;
37757467;https://alladin116.amocrm.ru/leads/detail/37757467;обзвон Базы;Закрыто и не реализовано;09.06.2026;;;;;;;;;;;;;;;;;;;;;;;;;;;;;;;СТУ;Закрыто и не реализовано;;;;;;;;;;;;;;;;;;;;;;;;;;;;;;;;;;;;;;;;;;;;;;;;;;;;;;;;;;;;
37757469;https://alladin116.amocrm.ru/leads/detail/37757469;обзвон Базы;Закрыто и не реализовано;09.06.2026;;;;;;;;;;;;;;;;;;;;;;;;;;;;;;;СТУ;Закрыто и не реализовано;;;;;;;;;;;;;;;;;;;;;;;;;;;;;;;;;;;;;;;;;;;;;;;;;;;;;;;;;;;;
37757471;https://alladin116.amocrm.ru/leads/detail/37757471;обзвон Базы;;09.06.2026;;;;;;;;;;;;;;;;;;;;;;;;;;;;;;;СТУ;Обзвон Базы;;;;;;;;;;;;;;;;;;;;;;;;;;;;;;;;;;;;;;;;;;;;;;;;;;;;;;;;;;;;
37757473;https://alladin116.amocrm.ru/leads/detail/37757473;обзвон Базы;;09.06.2026;;;;;;;;;;;;;;;;;;;;;;;;;;;;;;;СТУ;Обзвон Базы;;;;;;;;;;;;;;;;;;;;;;;;;;;;;;;;;;;;;;;;;;;;;;;;;;;;;;;;;;;;
37757479;https://alladin116.amocrm.ru/leads/detail/37757479;обзвон Базы;Закрыто и не реализовано;09.06.2026;;;;;;;;;;;;;;;;;;;;;;;;;;;;;;;СТУ;Закрыто и не реализовано;;;;;;;;;;;;;;;;;;;;;;;;;;;;;;;;;;;;;;;;;;;;;;;;;;;;;;;;;;;;
37757481;https://alladin116.amocrm.ru/leads/detail/37757481;обзвон Базы;Закрыто и не реализовано;09.06.2026;;;;;;;;;;;;;;;;;;;;;;;;;;;;;;;СТУ;Закрыто и не реализовано;;;;;;;;;;;;;;;;;;;;;;;;;;;;;;;;;;;;;;;;;;;;;;;;;;;;;;;;;;;;
37757483;https://alladin116.amocrm.ru/leads/detail/37757483;обзвон Базы;Закрыто и не реализовано;09.06.2026;;;;;;;;;;;;;;;;;;;;;;;;;;;;;;;СТУ;Закрыто и не реализовано;;;;;;;;;;;;;;;;;;;;;;;;;;;;;;;;;;;;;;;;;;;;;;;;;;;;;;;;;;;;
37757485;https://alladin116.amocrm.ru/leads/detail/37757485;обзвон Базы;Закрыто и не реализовано;09.06.2026;;;;;;;;;;;;;;;;;;;;;;;;;;;;;;;СТУ;Закрыто и не реализовано;;;;;;;;;;;;;;;;;;;;;;;;;;;;;;;;;;;;;;;;;;;;;;;;;;;;;;;;;;;;
37757487;https://alladin116.amocrm.ru/leads/detail/37757487;обзвон Базы;;09.06.2026;;;;;;;;;;;;;;;;;;;;;;;;;;;;;;;СТУ;Обзвон Базы;;;;;;;;;;;;;;;;;;;;;;;;;;;;;;;;;;;;;;;;;;;;;;;;;;;;;;;;;;;;
37757489;https://alladin116.amocrm.ru/leads/detail/37757489;обзвон Базы;Закрыто и не реализовано;09.06.2026;;;;;;;;;;;;;;;;;;;;;;;;;;;;;;;СТУ;Закрыто и не реализовано;;;;;;;;;;;;;;;;;;;;;;;;;;;;;;;;;;;;;;;;;;;;;;;;;;;;;;;;;;;;
37757493;https://alladin116.amocrm.ru/leads/detail/37757493;обзвон Базы;;09.06.2026;;;;;;;;;;;;;;;;;;;;;;;;;;;;;;;СТУ;Обзвон Базы;;;;;;;;;;;;;;;;;;;;;;;;;;;;;;;;;;;;;;;;;;;;;;;;;;;;;;;;;;;;
37757497;https://alladin116.amocrm.ru/leads/detail/37757497;обзвон Базы;;09.06.2026;;;;;;;;;;;;;;;;;;;;;;;;;;;;;;;СТУ;Обзвон Базы;;;;;;;;;;;;;;;;;;;;;;;;;;;;;;;;;;;;;;;;;;;;;;;;;;;;;;;;;;;;
37757499;https://alladin116.amocrm.ru/leads/detail/37757499;обзвон Базы;;09.06.2026;;;;;;;;;;;;;;;;;;;;;;;;;;;;;;;СТУ;Обзвон Базы;;;;;;;;;;;;;;;;;;;;;;;;;;;;;;;;;;;;;;;;;;;;;;;;;;;;;;;;;;;;
37757501;https://alladin116.amocrm.ru/leads/detail/37757501;обзвон Базы;;09.06.2026;;;;;;;;;;;;;;;;;;;;;;;;;;;;;;;СТУ;Обзвон Базы;;;;;;;;;;;;;;;;;;;;;;;;;;;;;;;;;;;;;;;;;;;;;;;;;;;;;;;;;;;;
37757507;https://alladin116.amocrm.ru/leads/detail/37757507;;;09.06.2026;;;;;;;;;;;;;;;;;;;;;;;;;;;;;;;Лиды обработка;Скорозвон;;;;;;;;;;;;;;;;;;;;;;;;;;;;;;;;;;;;;;;;;;;;;;;;;;;;;;;;;;;;
