lead_id;lead_link;source;final_stage;date_added;pipeline_01.05.2026;stage_01.05.2026;pipeline_01.06.2026;stage_01.06.2026;pipeline_02.05.2026;stage_02.05.2026;pipeline_02.06.2026;stage_02.06.2026;pipeline_03.05.2026;stage_03.05.2026;pipeline_03.06.2026;stage_03.06.2026;pipeline_04.05.2026;stage_04.05.2026;pipeline_05.05.2026;stage_05.05.2026;pipeline_05.06.2026;stage_05.06.2026;pipeline_06.05.2026;stage_06.05.2026;pipeline_06.06.2026;stage_06.06.2026;pipeline_07.05.2026;stage_07.05.2026;pipeline_07.06.2026;stage_07.06.2026;pipeline_08.05.2026;stage_08.05.2026;pipeline_08.06.2026;stage_08.06.2026;pipeline_09.06.2026;stage_09.06.2026;pipeline_10.05.2026;stage_10.05.2026;pipeline_11.05.2026;stage_11.05.2026;pipeline_12.05.2026;stage_12.05.2026;pipeline_13.05.2026;stage_13.05.2026;pipeline_14.05.2026;stage_14.05.2026;pipeline_15.05.2026;stage_15.05.2026;pipeline_16.05.2026;stage_16.05.2026;pipeline_17.05.2026;stage_17.05.2026;pipeline_18.05.2025;stage_18.05.2025;pipeline_18.05.2026;stage_18.05.2026;pipeline_19.05.2026;stage_19.05.2026;pipeline_20.05.2026;stage_20.05.2026;pipeline_21.05.2026;stage_21.05.2026;pipeline_22.04.2026;stage_22.04.2026;pipeline_22.05.2026;stage_22.05.2026;pipeline_23.04.2026;stage_23.04.2026;pipeline_23.05.2026;stage_23.05.2026;pipeline_24.04.2026;stage_24.04.2026;pipeline_24.05.2026;stage_24.05.2026;pipeline_25.05.2026;stage_25.05.2026;pipeline_26.05.2026;stage_26.05.2026;pipeline_27.04.2026;stage_27.04.2026;pipeline_27.05.2026;stage_27.05.2026;pipeline_28.04.2026;stage_28.04.2026;pipeline_28.05.2026;stage_28.05.2026;pipeline_29.04.2026;stage_29.04.2026;pipeline_29.05.2026;stage_29.05.2026;pipeline_30.04.2026;stage_30.04.2026;pipeline_30.05.2026;stage_30.05.2026;pipeline_31.05.2026;stage_31.05.2026
37743681;https://alladin116.amocrm.ru/leads/detail/37743681;Коол Центр;Закрыто и не реализовано;;;;;;;;;;;;;;;;;;;;;;;;;;;;;;;;;;;;;;;;;;;;;;;;;;;;;;;;;;;;1. ОГЗ Квалификация;Закрыто и не реализовано;;;;;;;;;;;;;;;;;;;;;;;;;;;;;;;;
37743639;https://alladin116.amocrm.ru/leads/detail/37743639;yandex;Закрыто и не реализовано;;;;;;;;;;;;;;;;;;;;;;;;;;;;;;;;;;;;;;;;;;;;;;;;;;;;;;;;;;;;1. ОГЗ Квалификация;Закрыто и не реализовано;;;;;;;;;;;;;;;;;;;;;;;;;;;;;;;;
37743597;https://alladin116.amocrm.ru/leads/detail/37743597;Коол Центр;Закрыто и не реализовано;;3. ОГЗ Упрощенное;Назначена дата презентации КП и запрошены материалы;;;3. ОГЗ Упрощенное;Назначена дата презентации КП и запрошены материалы;;;3. ОГЗ Упрощенное;Назначена дата презентации КП и запрошены материалы;;;3. ОГЗ Упрощенное;Назначена дата презентации КП и запрошены материалы;3. ОГЗ Упрощенное;Назначена дата презентации КП и запрошены материалы;;;3. ОГЗ Упрощенное;Назначена дата презентации КП и запрошены материалы;;;3. ОГЗ Упрощенное;Назначена дата презентации КП и запрошены материалы;;;3. ОГЗ Упрощенное;Назначена дата презентации КП и запрошены материалы;;;3. ОГЗ Упрощенное;Назначена дата презентации КП и запрошены материалы;3. ОГЗ Упрощенное;Назначена дата презентации КП и запрошены материалы;3. ОГЗ Упрощенное;Назначена дата презентации КП и запрошены материалы;3. ОГЗ Упрощенное;Назначена дата презентации КП и запрошены материалы;3. ОГЗ Упрощенное;Назначена дата презентации КП и запрошены материалы;3. ОГЗ Упрощенное;Закрыто и не реализовано;;;;;;;;;;;;;;;;;3. ОГЗ Упрощенное;Назначена дата презентации КП и запрошены материалы;;;3. ОГЗ Упрощенное;Назначена дата презентации КП и запрошены материалы;;;3. ОГЗ Упрощенное;Назначена дата презентации КП и запрошены материалы;;;;;;;3. ОГЗ Упрощенное;Назначена дата презентации КП и запрошены материалы;;;3. ОГЗ Упрощенное;Назначена дата презентации КП и запрошены материалы;;;3. ОГЗ Упрощенное;Назначена дата презентации КП и запрошены материалы;;;3. ОГЗ Упрощенное;Назначена дата презентации КП и запрошены материалы;;;;
37743583;https://alladin116.amocrm.ru/leads/detail/37743583;Коол Центр;Закрыто и не реализовано;;;;;;;;;;;;;;;;;;;;;;;;;;;;;;;;;;;;;;;;;;;;;;;;;;;;;;;;;;;;1. ОГЗ Квалификация;Закрыто и не реализовано;;;;;;;;;;;;;;;;;;;;;;;;;;;;;;;;
37743551;https://alladin116.amocrm.ru/leads/detail/37743551;yandex;Закрыто и не реализовано;;;;;;;;;;;;;;;;;;;;;;;;;;;;;;;;;;;;;;;;;;;;;;;;;;;;;;;;;;;;1. ОГЗ Квалификация;Недозвон;;;1. ОГЗ Квалификация;Закрыто и не реализовано;;;;;;;;;;;;;;;;;;;;;;;;;;;;
37743529;https://alladin116.amocrm.ru/leads/detail/37743529;Коол Центр;Закрыто и не реализовано;;;;;;;;;;;;;;;;;;;;;;;;;;;;;;;;;;;;;;;;;;;;;;;;;;;;;;;;;;;;1. ОГЗ Квалификация;Закрыто и не реализовано;;;;;;;;;;;;;;;;;;;;;;;;;;;;;;;;
37743517;https://alladin116.amocrm.ru/leads/detail/37743517;Коол Центр;Закрыто и не реализовано;;;;;;;;;;;;;;;;;;;;;;;;;;;;;;;;;;;;;;;;;;;;;;;;;;;;;;;;;;;;1. ОГЗ Квалификация;Закрыто и не реализовано;;;;;;;;;;;;;;;;;;;;;;;;;;;;;;;;
37743513;https://alladin116.amocrm.ru/leads/detail/37743513;повторный заказ;Закрыто и не реализовано;;;;;;;;;;;;;;;;;;;;;;;;;;;;;;;;;;;;;;;;;;;;;;;;;;;;;;;;;;;;1. ОГЗ Квалификация;Закрыто и не реализовано;;;;;;;;;;;;;;;;;;;;;;;;;;;;;;;;
37743467;https://alladin116.amocrm.ru/leads/detail/37743467;Коол Центр;Закрыто и не реализовано;;;;;;;;;;;;;;;;;;;;;;;;;;;;;;;;;;;;;;;;;;;;;;;;;;;;;;;;;;;;1. ОГЗ Квалификация;Закрыто и не реализовано;;;;;;;;;;;;;;;;;;;;;;;;;;;;;;;;
37743465;https://alladin116.amocrm.ru/leads/detail/37743465;Коол Центр;Закрыто и не реализовано;;4. ОГЗ Долгосрочные;6 месяцев;;;4. ОГЗ Долгосрочные;6 месяцев;;;4. ОГЗ Долгосрочные;6 месяцев;;;4. ОГЗ Долгосрочные;6 месяцев;4. ОГЗ Долгосрочные;Закрыто и не реализовано;;;;;;;;;;;;;;;;;;;;;;;;;;;;;;;;;;;;;;;;;;;4. ОГЗ Долгосрочные;6 месяцев;;;4. ОГЗ Долгосрочные;6 месяцев;;;4. ОГЗ Долгосрочные;6 месяцев;;;;;;;4. ОГЗ Долгосрочные;6 месяцев;;;4. ОГЗ Долгосрочные;6 месяцев;;;4. ОГЗ Долгосрочные;6 месяцев;;;4. ОГЗ Долгосрочные;6 месяцев;;;;
37743461;https://alladin116.amocrm.ru/leads/detail/37743461;Коол Центр;;;4. ОГЗ Долгосрочные;12+ месяцев;4. ОГЗ Долгосрочные;12+ месяцев;4. ОГЗ Долгосрочные;12+ месяцев;4. ОГЗ Долгосрочные;12+ месяцев;4. ОГЗ Долгосрочные;12+ месяцев;4. ОГЗ Долгосрочные;12+ месяцев;4. ОГЗ Долгосрочные;12+ месяцев;4. ОГЗ Долгосрочные;12+ месяцев;4. ОГЗ Долгосрочные;12+ месяцев;4. ОГЗ Долгосрочные;12+ месяцев;4. ОГЗ Долгосрочные;12+ месяцев;4. ОГЗ Долгосрочные;12+ месяцев;4. ОГЗ Долгосрочные;12+ месяцев;4. ОГЗ Долгосрочные;12+ месяцев;4. ОГЗ Долгосрочные;12+ месяцев;4. ОГЗ Долгосрочные;12+ месяцев;4. ОГЗ Долгосрочные;12+ месяцев;4. ОГЗ Долгосрочные;12+ месяцев;4. ОГЗ Долгосрочные;12+ месяцев;4. ОГЗ Долгосрочные;12+ месяцев;4. ОГЗ Долгосрочные;12+ месяцев;4. ОГЗ Долгосрочные;12+ месяцев;4. ОГЗ Долгосрочные;12+ месяцев;4. ОГЗ Долгосрочные;12+ месяцев;4. ОГЗ Долгосрочные;12+ месяцев;4. ОГЗ Долгосрочные;12+ месяцев;4. ОГЗ Долгосрочные;12+ месяцев;4. ОГЗ Долгосрочные;12+ месяцев;4. ОГЗ Долгосрочные;12+ месяцев;4. ОГЗ Долгосрочные;12+ месяцев;4. ОГЗ Долгосрочные;12+ месяцев;4. ОГЗ Долгосрочные;12+ месяцев;4. ОГЗ Долгосрочные;12+ месяцев;4. ОГЗ Долгосрочные;12+ месяцев;4. ОГЗ Долгосрочные;12+ месяцев;4. ОГЗ Долгосрочные;12+ месяцев;4. ОГЗ Долгосрочные;12+ месяцев;4. ОГЗ Долгосрочные;12+ месяцев;4. ОГЗ Долгосрочные;12+ месяцев;4. ОГЗ Долгосрочные;12+ месяцев;4. ОГЗ Долгосрочные;12+ месяцев;4. ОГЗ Долгосрочные;12+ месяцев;4. ОГЗ Долгосрочные;12+ месяцев;4. ОГЗ Долгосрочные;12+ месяцев;4. ОГЗ Долгосрочные;12+ месяцев;4. ОГЗ Долгосрочные;12+ месяцев
37743455;https://alladin116.amocrm.ru/leads/detail/37743455;Коол Центр;Закрыто и не реализовано;;;;;;;;;;;;;;;;;;;;;;;;;;;;;;;;;;;;;;;;;;;;;;;;;;;;;;;;;;;;1. ОГЗ Квалификация;Закрыто и не реализовано;;;1. ОГЗ Квалификация;Контакт установлен;;;1. ОГЗ Квалификация;Контакт установлен;;;;;;;;;;;;;;;;;;;;;;;;
37743451;https://alladin116.amocrm.ru/leads/detail/37743451;Коол Центр;;;4. ОГЗ Долгосрочные;9 месяцев;4. ОГЗ Долгосрочные;9 месяцев;4. ОГЗ Долгосрочные;9 месяцев;4. ОГЗ Долгосрочные;9 месяцев;4. ОГЗ Долгосрочные;9 месяцев;4. ОГЗ Долгосрочные;9 месяцев;4. ОГЗ Долгосрочные;9 месяцев;4. ОГЗ Долгосрочные;9 месяцев;4. ОГЗ Долгосрочные;9 месяцев;4. ОГЗ Долгосрочные;9 месяцев;4. ОГЗ Долгосрочные;9 месяцев;4. ОГЗ Долгосрочные;9 месяцев;4. ОГЗ Долгосрочные;9 месяцев;4. ОГЗ Долгосрочные;9 месяцев;4. ОГЗ Долгосрочные;9 месяцев;4. ОГЗ Долгосрочные;9 месяцев;4. ОГЗ Долгосрочные;9 месяцев;4. ОГЗ Долгосрочные;9 месяцев;4. ОГЗ Долгосрочные;9 месяцев;4. ОГЗ Долгосрочные;9 месяцев;4. ОГЗ Долгосрочные;9 месяцев;4. ОГЗ Долгосрочные;9 месяцев;4. ОГЗ Долгосрочные;9 месяцев;4. ОГЗ Долгосрочные;9 месяцев;4. ОГЗ Долгосрочные;9 месяцев;4. ОГЗ Долгосрочные;9 месяцев;4. ОГЗ Долгосрочные;9 месяцев;4. ОГЗ Долгосрочные;9 месяцев;4. ОГЗ Долгосрочные;9 месяцев;4. ОГЗ Долгосрочные;9 месяцев;4. ОГЗ Долгосрочные;9 месяцев;4. ОГЗ Долгосрочные;9 месяцев;4. ОГЗ Долгосрочные;9 месяцев;4. ОГЗ Долгосрочные;9 месяцев;4. ОГЗ Долгосрочные;9 месяцев;4. ОГЗ Долгосрочные;9 месяцев;4. ОГЗ Долгосрочные;9 месяцев;4. ОГЗ Долгосрочные;9 месяцев;4. ОГЗ Долгосрочные;9 месяцев;4. ОГЗ Долгосрочные;9 месяцев;4. ОГЗ Долгосрочные;9 месяцев;4. ОГЗ Долгосрочные;9 месяцев;4. ОГЗ Долгосрочные;9 месяцев;4. ОГЗ Долгосрочные;9 месяцев;4. ОГЗ Долгосрочные;9 месяцев;4. ОГЗ Долгосрочные;9 месяцев
37743445;https://alladin116.amocrm.ru/leads/detail/37743445;Коол Центр;Закрыто и не реализовано;;;;;;;;;;;;;;;;;;;;;;;;;;;;;;;;;;;;;;;;;;;;;;;;;;;;;;;;;;;;1. ОГЗ Квалификация;Закрыто и не реализовано;;;;;;;;;;;;;;;;;;;;;;;;;;;;;;;;
37743411;https://alladin116.amocrm.ru/leads/detail/37743411;Коол Центр;Закрыто и не реализовано;;;;;;;;;;;;;;;;;;;;;;;;;;;;;;;;;;;;;;;;;;;;;;;;;;;;;;;;;;;;1. ОГЗ Квалификация;Закрыто и не реализовано;;;;;;;;;;;;;;;;;;;;;;;;;;;;;;;;
37743407;https://alladin116.amocrm.ru/leads/detail/37743407;Партнерская СРМ;;;3. ОГЗ Упрощенное;Подготовлено КП;3. ОГЗ Упрощенное;Подготовлено КП;3. ОГЗ Упрощенное;Подготовлено КП;3. ОГЗ Упрощенное;Подготовлено КП;3. ОГЗ Упрощенное;Подготовлено КП;3. ОГЗ Упрощенное;Подготовлено КП;3. ОГЗ Упрощенное;Подготовлено КП;3. ОГЗ Упрощенное;Подготовлено КП;3. ОГЗ Упрощенное;Подготовлено КП;3. ОГЗ Упрощенное;Подготовлено КП;3. ОГЗ Упрощенное;Подготовлено КП;3. ОГЗ Упрощенное;Подготовлено КП;3. ОГЗ Упрощенное;Подготовлено КП;3. ОГЗ Упрощенное;Подготовлено КП;3. ОГЗ Упрощенное;Подготовлено КП;3. ОГЗ Упрощенное;Подготовлено КП;3. ОГЗ Упрощенное;Подготовлено КП;3. ОГЗ Упрощенное;Подготовлено КП;3. ОГЗ Упрощенное;Подготовлено КП;3. ОГЗ Упрощенное;Подготовлено КП;3. ОГЗ Упрощенное;Подготовлено КП;3. ОГЗ Упрощенное;Подготовлено КП;3. ОГЗ Упрощенное;Подготовлено КП;3. ОГЗ Упрощенное;Подготовлено КП;3. ОГЗ Упрощенное;Подготовлено КП;3. ОГЗ Упрощенное;Подготовлено КП;3. ОГЗ Упрощенное;Подготовлено КП;3. ОГЗ Упрощенное;Подготовлено КП;3. ОГЗ Упрощенное;Подготовлено КП;3. ОГЗ Упрощенное;Получены материалы по проекту (в тч Договор);3. ОГЗ Упрощенное;Подготовлено КП;3. ОГЗ Упрощенное;Получены материалы по проекту (в тч Договор);3. ОГЗ Упрощенное;Подготовлено КП;3. ОГЗ Упрощенное;Получены материалы по проекту (в тч Договор);3. ОГЗ Упрощенное;Подготовлено КП;3. ОГЗ Упрощенное;Подготовлено КП;3. ОГЗ Упрощенное;Подготовлено КП;3. ОГЗ Упрощенное;Подготовлено КП;3. ОГЗ Упрощенное;Подготовлено КП;3. ОГЗ Упрощенное;Подготовлено КП;3. ОГЗ Упрощенное;Подготовлено КП;3. ОГЗ Упрощенное;Подготовлено КП;3. ОГЗ Упрощенное;Подготовлено КП;3. ОГЗ Упрощенное;Подготовлено КП;3. ОГЗ Упрощенное;Подготовлено КП;3. ОГЗ Упрощенное;Подготовлено КП
37744127;https://alladin116.amocrm.ru/leads/detail/37744127;Коол Центр;;;4. ОГЗ Долгосрочные;12+ месяцев;4. ОГЗ Долгосрочные;12+ месяцев;4. ОГЗ Долгосрочные;12+ месяцев;4. ОГЗ Долгосрочные;12+ месяцев;4. ОГЗ Долгосрочные;12+ месяцев;4. ОГЗ Долгосрочные;12+ месяцев;4. ОГЗ Долгосрочные;12+ месяцев;4. ОГЗ Долгосрочные;12+ месяцев;4. ОГЗ Долгосрочные;12+ месяцев;4. ОГЗ Долгосрочные;12+ месяцев;4. ОГЗ Долгосрочные;12+ месяцев;4. ОГЗ Долгосрочные;12+ месяцев;4. ОГЗ Долгосрочные;12+ месяцев;4. ОГЗ Долгосрочные;12+ месяцев;4. ОГЗ Долгосрочные;12+ месяцев;4. ОГЗ Долгосрочные;12+ месяцев;4. ОГЗ Долгосрочные;12+ месяцев;4. ОГЗ Долгосрочные;12+ месяцев;4. ОГЗ Долгосрочные;12+ месяцев;4. ОГЗ Долгосрочные;12+ месяцев;4. ОГЗ Долгосрочные;12+ месяцев;4. ОГЗ Долгосрочные;12+ месяцев;4. ОГЗ Долгосрочные;12+ месяцев;4. ОГЗ Долгосрочные;12+ месяцев;4. ОГЗ Долгосрочные;12+ месяцев;4. ОГЗ Долгосрочные;12+ месяцев;4. ОГЗ Долгосрочные;12+ месяцев;4. ОГЗ Долгосрочные;12+ месяцев;4. ОГЗ Долгосрочные;12+ месяцев;4. ОГЗ Долгосрочные;12+ месяцев;4. ОГЗ Долгосрочные;12+ месяцев;4. ОГЗ Долгосрочные;12+ месяцев;4. ОГЗ Долгосрочные;12+ месяцев;4. ОГЗ Долгосрочные;12+ месяцев;4. ОГЗ Долгосрочные;12+ месяцев;4. ОГЗ Долгосрочные;12+ месяцев;4. ОГЗ Долгосрочные;12+ месяцев;4. ОГЗ Долгосрочные;12+ месяцев;4. ОГЗ Долгосрочные;12+ месяцев;4. ОГЗ Долгосрочные;12+ месяцев;4. ОГЗ Долгосрочные;12+ месяцев;4. ОГЗ Долгосрочные;12+ месяцев;4. ОГЗ Долгосрочные;12+ месяцев;4. ОГЗ Долгосрочные;12+ месяцев;4. ОГЗ Долгосрочные;12+ месяцев;4. ОГЗ Долгосрочные;12+ месяцев
37744077;https://alladin116.amocrm.ru/leads/detail/37744077;Коол Центр;Закрыто и не реализовано;;;;;;;;;;;;;;;;;;;;;;;;;;;;;;;;;;;;;;;;;;;;;;;;;;;;;;;;;;;;;;;;1. ОГЗ Квалификация;Закрыто и не реализовано;;;;;;;;;;;;;;;;;;;;;;;;;;;;
37744063;https://alladin116.amocrm.ru/leads/detail/37744063;Коол Центр;Закрыто и не реализовано;;;;;;;;;;;;;;;;;;;;;;;;;;;;;;;;;;;;;;;;;;;;;;;;;;;;;;;;;;;;;;;;1. ОГЗ Квалификация;Закрыто и не реализовано;;;;;;;;;;;;;;;;;;;;;;;;;;;;
37744031;https://alladin116.amocrm.ru/leads/detail/37744031;Коол Центр;Закрыто и не реализовано;;;;;;;;;;;;;;;;;;;;;;;;;;;;;;;;;;;;;;;;;;;;;;;;;;;;;;;;;;;;;;;;1. ОГЗ Квалификация;Закрыто и не реализовано;;;;;;;;;;;;;;;;;;;;;;;;;;;;
37743975;https://alladin116.amocrm.ru/leads/detail/37743975;Коол Центр;Закрыто и не реализовано;;1. ОГЗ Квалификация;Контакт установлен;;;1. ОГЗ Квалификация;Контакт установлен;;;1. ОГЗ Квалификация;Контакт установлен;;;1. ОГЗ Квалификация;Закрыто и не реализовано;;;;;;;;;;;;;;;;;;;;;;;;;;;;;;;;;;;;;;;;;;;;;1. ОГЗ Квалификация;Контакт установлен;;;1. ОГЗ Квалификация;Контакт установлен;;;1. ОГЗ Квалификация;Контакт установлен;;;;;;;1. ОГЗ Квалификация;Контакт установлен;;;1. ОГЗ Квалификация;Контакт установлен;;;1. ОГЗ Квалификация;Контакт установлен;;;1. ОГЗ Квалификация;Контакт установлен;;;;
37743965;https://alladin116.amocrm.ru/leads/detail/37743965;Коол Центр;Закрыто и не реализовано;;1. ОГЗ Квалификация;Недозвон;;;1. ОГЗ Квалификация;Недозвон;;;1. ОГЗ Квалификация;Недозвон;;;1. ОГЗ Квалификация;Закрыто и не реализовано;;;;;;;;;;;;;;;;;;;;;;;;;;;;;;;;;;;;;;;;;;;;;1. ОГЗ Квалификация;Недозвон;;;1. ОГЗ Квалификация;Недозвон;;;1. ОГЗ Квалификация;Недозвон;;;;;;;1. ОГЗ Квалификация;Недозвон;;;1. ОГЗ Квалификация;Недозвон;;;1. ОГЗ Квалификация;Недозвон;;;1. ОГЗ Квалификация;Недозвон;;;;
37743953;https://alladin116.amocrm.ru/leads/detail/37743953;повторный заказ;Закрыто и не реализовано;;;;;;;;;;;;;;;;;;;;;;;;;;;;;;;;;;;;;;;;;;;;;;;;;;;;;;;;;;;;;;;;1. ОГЗ Квалификация;Закрыто и не реализовано;;;;;;;;;;;;;;;;;;;;;;;;;;;;
37743939;https://alladin116.amocrm.ru/leads/detail/37743939;Коол Центр;Закрыто и не реализовано;;;;;;;;;;;;;;;;;;;;;;;;;;;;;;;;;;;;;;;;;;;;;;;;;;;;;;;;;;;;;;;;1. ОГЗ Квалификация;Закрыто и не реализовано;;;;;;;;;;;;;;;;;;;;;;;;;;;;
37743909;https://alladin116.amocrm.ru/leads/detail/37743909;Своя база;;;Фокусные сделки ОГЗ;расчет кп готов;Фокусные сделки ОГЗ;Договор подписан;Фокусные сделки ОГЗ;расчет кп готов;исполнение ОГНЕЗАЩИТА;ПРЕДОПЛАТА ПОЛУЧЕНА;Фокусные сделки ОГЗ;расчет кп готов;исполнение ОГНЕЗАЩИТА;ПРЕДОПЛАТА ПОЛУЧЕНА;Фокусные сделки ОГЗ;выезд на контр.замер перед договором;Фокусные сделки ОГЗ;выезд на контр.замер перед договором;исполнение ОГНЕЗАЩИТА;ПРЕДОПЛАТА ПОЛУЧЕНА;Фокусные сделки ОГЗ;выезд на контр.замер перед договором;исполнение ОГНЕЗАЩИТА;ПРЕДОПЛАТА ПОЛУЧЕНА;Фокусные сделки ОГЗ;выезд на контр.замер перед договором;исполнение ОГНЕЗАЩИТА;ПРЕДОПЛАТА ПОЛУЧЕНА;Фокусные сделки ОГЗ;выезд на контр.замер перед договором;исполнение ОГНЕЗАЩИТА;ПРЕДОПЛАТА ПОЛУЧЕНА;Фокусные сделки ОГЗ;выезд на контр.замер перед договором;Фокусные сделки ОГЗ;выезд на контр.замер перед договором;Фокусные сделки ОГЗ;выезд на контр.замер перед договором;Фокусные сделки ОГЗ;выезд на контр.замер перед договором;Фокусные сделки ОГЗ;выезд на контр.замер перед договором;Фокусные сделки ОГЗ;выезд на контр.замер перед договором;Фокусные сделки ОГЗ;выезд на контр.замер перед договором;Фокусные сделки ОГЗ;выезд на контр.замер перед договором;Фокусные сделки ОГЗ;выезд на контр.замер перед договором;Фокусные сделки ОГЗ;выезд на контр.замер перед договором;Фокусные сделки ОГЗ;выезд на контр.замер перед договором;Фокусные сделки ОГЗ;выезд на контр.замер перед договором;Фокусные сделки ОГЗ;выезд на контр.замер перед договором;Фокусные сделки ОГЗ;выезд на контр.замер перед договором;Фокусные сделки ОГЗ;расчет кп готов;Фокусные сделки ОГЗ;выезд на контр.замер перед договором;Фокусные сделки ОГЗ;расчет кп готов;Фокусные сделки ОГЗ;выезд на контр.замер перед договором;Фокусные сделки ОГЗ;расчет кп готов;Фокусные сделки ОГЗ;выезд на контр.замер перед договором;Фокусные сделки ОГЗ;выезд на контр.замер перед договором;Фокусные сделки ОГЗ;выезд на контр.замер перед договором;Фокусные сделки ОГЗ;расчет кп готов;Фокусные сделки ОГЗ;Договор подписан;Фокусные сделки ОГЗ;расчет кп готов;Фокусные сделки ОГЗ;Договор подписан;Фокусные сделки ОГЗ;расчет кп готов;Фокусные сделки ОГЗ;Договор подписан;Фокусные сделки ОГЗ;расчет кп готов;Фокусные сделки ОГЗ;Договор подписан;Фокусные сделки ОГЗ;Договор подписан
37743907;https://alladin116.amocrm.ru/leads/detail/37743907;повторный заказ;Закрыто и не реализовано;;;;;;;;;;;;;;;;;;;;;;;;;;;;;;;;;;;;;;;;;;;;;;;;;;;;;;;;;;;;;;;;1. ОГЗ Квалификация;Закрыто и не реализовано;;;;;;;;;;;;;;;;;;;;;;;;;;;;
37743905;https://alladin116.amocrm.ru/leads/detail/37743905;yandex;Закрыто и не реализовано;;;;;;;;;;;;;;;;;;;;;;;;;;;;;;;;;;;;;;;;;;;;;;;;;;;;;;;;;;;;;;;;1. ОГЗ Квалификация;Закрыто и не реализовано;;;;;;;;;;;;;;;;;;;;;;;;;;;;
37743901;https://alladin116.amocrm.ru/leads/detail/37743901;По рекомендации;;;Квалификация ОГЗ;Презентация БО;Квалификация ОГЗ;Презентация БО;Квалификация ОГЗ;Презентация БО;Квалификация ОГЗ;Презентация БО;Квалификация ОГЗ;Презентация БО;Квалификация ОГЗ;Презентация БО;Квалификация ОГЗ;Презентация БО;Квалификация ОГЗ;Презентация БО;Квалификация ОГЗ;Презентация БО;Квалификация ОГЗ;Презентация БО;Квалификация ОГЗ;Презентация БО;Квалификация ОГЗ;Презентация БО;Квалификация ОГЗ;Презентация БО;Квалификация ОГЗ;Презентация БО;Квалификация ОГЗ;Презентация БО;Квалификация ОГЗ;Презентация БО;Квалификация ОГЗ;Презентация БО;Квалификация ОГЗ;Презентация БО;Квалификация ОГЗ;Презентация БО;Квалификация ОГЗ;Презентация БО;Квалификация ОГЗ;Презентация БО;Квалификация ОГЗ;Презентация БО;Квалификация ОГЗ;Презентация БО;Квалификация ОГЗ;Презентация БО;Квалификация ОГЗ;Презентация БО;Квалификация ОГЗ;Презентация БО;Квалификация ОГЗ;Презентация БО;Квалификация ОГЗ;Презентация БО;Квалификация ОГЗ;Презентация БО;Квалификация ОГЗ;Презентация БО;Квалификация ОГЗ;Презентация БО;Квалификация ОГЗ;Презентация БО;Квалификация ОГЗ;Презентация БО;Квалификация ОГЗ;Презентация БО;Квалификация ОГЗ;Презентация БО;Квалификация ОГЗ;Презентация БО;Квалификация ОГЗ;Презентация БО;Квалификация ОГЗ;Презентация БО;Квалификация ОГЗ;Презентация БО;Квалификация ОГЗ;Презентация БО;Квалификация ОГЗ;Презентация БО;Квалификация ОГЗ;Презентация БО;Квалификация ОГЗ;Презентация БО;Квалификация ОГЗ;Презентация БО;Квалификация ОГЗ;Презентация БО;Квалификация ОГЗ;Презентация БО
37743879;https://alladin116.amocrm.ru/leads/detail/37743879;Коол Центр;;;4. ОГЗ Долгосрочные;12+ месяцев;4. ОГЗ Долгосрочные;12+ месяцев;4. ОГЗ Долгосрочные;12+ месяцев;4. ОГЗ Долгосрочные;12+ месяцев;4. ОГЗ Долгосрочные;12+ месяцев;4. ОГЗ Долгосрочные;12+ месяцев;4. ОГЗ Долгосрочные;12+ месяцев;4. ОГЗ Долгосрочные;12+ месяцев;4. ОГЗ Долгосрочные;12+ месяцев;4. ОГЗ Долгосрочные;12+ месяцев;4. ОГЗ Долгосрочные;12+ месяцев;4. ОГЗ Долгосрочные;12+ месяцев;4. ОГЗ Долгосрочные;12+ месяцев;4. ОГЗ Долгосрочные;12+ месяцев;4. ОГЗ Долгосрочные;12+ месяцев;4. ОГЗ Долгосрочные;12+ месяцев;4. ОГЗ Долгосрочные;12+ месяцев;4. ОГЗ Долгосрочные;12+ месяцев;4. ОГЗ Долгосрочные;12+ месяцев;4. ОГЗ Долгосрочные;12+ месяцев;4. ОГЗ Долгосрочные;12+ месяцев;4. ОГЗ Долгосрочные;12+ месяцев;4. ОГЗ Долгосрочные;12+ месяцев;4. ОГЗ Долгосрочные;12+ месяцев;4. ОГЗ Долгосрочные;12+ месяцев;4. ОГЗ Долгосрочные;12+ месяцев;4. ОГЗ Долгосрочные;12+ месяцев;4. ОГЗ Долгосрочные;12+ месяцев;4. ОГЗ Долгосрочные;12+ месяцев;4. ОГЗ Долгосрочные;12+ месяцев;4. ОГЗ Долгосрочные;12+ месяцев;4. ОГЗ Долгосрочные;12+ месяцев;4. ОГЗ Долгосрочные;12+ месяцев;4. ОГЗ Долгосрочные;12+ месяцев;4. ОГЗ Долгосрочные;12+ месяцев;4. ОГЗ Долгосрочные;12+ месяцев;4. ОГЗ Долгосрочные;12+ месяцев;4. ОГЗ Долгосрочные;12+ месяцев;4. ОГЗ Долгосрочные;12+ месяцев;4. ОГЗ Долгосрочные;12+ месяцев;4. ОГЗ Долгосрочные;12+ месяцев;4. ОГЗ Долгосрочные;12+ месяцев;4. ОГЗ Долгосрочные;12+ месяцев;4. ОГЗ Долгосрочные;12+ месяцев;4. ОГЗ Долгосрочные;12+ месяцев;4. ОГЗ Долгосрочные;12+ месяцев
37743861;https://alladin116.amocrm.ru/leads/detail/37743861;Коол Центр;Закрыто и не реализовано;;1. ОГЗ Квалификация;Контакт установлен;;;1. ОГЗ Квалификация;Контакт установлен;;;1. ОГЗ Квалификация;Контакт установлен;;;3. ОГЗ Упрощенное;Назначена дата презентации КП и запрошены материалы;3. ОГЗ Упрощенное;Назначена дата презентации КП и запрошены материалы;;;3. ОГЗ Упрощенное;Назначена дата презентации КП и запрошены материалы;;;3. ОГЗ Упрощенное;Назначена дата презентации КП и запрошены материалы;;;3. ОГЗ Упрощенное;Назначена дата презентации КП и запрошены материалы;;;3. ОГЗ Упрощенное;Назначена дата презентации КП и запрошены материалы;3. ОГЗ Упрощенное;Назначена дата презентации КП и запрошены материалы;3. ОГЗ Упрощенное;Назначена дата презентации КП и запрошены материалы;3. ОГЗ Упрощенное;Назначена дата презентации КП и запрошены материалы;3. ОГЗ Упрощенное;Назначена дата презентации КП и запрошены материалы;3. ОГЗ Упрощенное;Назначена дата презентации КП и запрошены материалы;4. ОГЗ Долгосрочные;6 месяцев;4. ОГЗ Долгосрочные;6 месяцев;4. ОГЗ Долгосрочные;6 месяцев;4. ОГЗ Долгосрочные;6 месяцев;4. ОГЗ Долгосрочные;6 месяцев;4. ОГЗ Долгосрочные;6 месяцев;4. ОГЗ Долгосрочные;6 месяцев;4. ОГЗ Долгосрочные;6 месяцев;1. ОГЗ Квалификация;Контакт установлен;4. ОГЗ Долгосрочные;6 месяцев;1. ОГЗ Квалификация;Контакт установлен;4. ОГЗ Долгосрочные;6 месяцев;1. ОГЗ Квалификация;Контакт установлен;4. ОГЗ Долгосрочные;6 месяцев;4. ОГЗ Долгосрочные;6 месяцев;4. ОГЗ Долгосрочные;Закрыто и не реализовано;1. ОГЗ Квалификация;Контакт установлен;;;1. ОГЗ Квалификация;Контакт установлен;;;1. ОГЗ Квалификация;Контакт установлен;;;1. ОГЗ Квалификация;Контакт установлен;;;;
37743847;https://alladin116.amocrm.ru/leads/detail/37743847;Коол Центр;Закрыто и не реализовано;;;;;;;;;;;;;;;;;;;;;;;;;;;;;;;;;;;;;;;;;;;;;;;;;;;;;;;;;;;;;;;;1. ОГЗ Квалификация;Закрыто и не реализовано;;;;;;;;;;;;;;;;;;;;;;;;;;;;
37744547;https://alladin116.amocrm.ru/leads/detail/37744547;Коол Центр;Закрыто и не реализовано;;1. ОГЗ Квалификация;Контакт установлен;;;1. ОГЗ Квалификация;Контакт установлен;;;1. ОГЗ Квалификация;Контакт установлен;;;1. ОГЗ Квалификация;Контакт установлен;1. ОГЗ Квалификация;Контакт установлен;;;1. ОГЗ Квалификация;Контакт установлен;;;1. ОГЗ Квалификация;Контакт установлен;;;1. ОГЗ Квалификация;Закрыто и не реализовано;;;;;;;;;;;;;;;;;;;;;;;;;;;;;;;1. ОГЗ Квалификация;Контакт установлен;;;1. ОГЗ Квалификация;Контакт установлен;;;1. ОГЗ Квалификация;Контакт установлен;;;;;;;1. ОГЗ Квалификация;Контакт установлен;;;1. ОГЗ Квалификация;Контакт установлен;;;1. ОГЗ Квалификация;Контакт установлен;;;1. ОГЗ Квалификация;Контакт установлен;;;;
37744541;https://alladin116.amocrm.ru/leads/detail/37744541;Партнерская СРМ;;;4. ОГЗ Долгосрочные;6 месяцев;4. ОГЗ Долгосрочные;6 месяцев;4. ОГЗ Долгосрочные;6 месяцев;4. ОГЗ Долгосрочные;6 месяцев;4. ОГЗ Долгосрочные;6 месяцев;4. ОГЗ Долгосрочные;6 месяцев;4. ОГЗ Долгосрочные;6 месяцев;4. ОГЗ Долгосрочные;6 месяцев;4. ОГЗ Долгосрочные;6 месяцев;4. ОГЗ Долгосрочные;6 месяцев;4. ОГЗ Долгосрочные;6 месяцев;4. ОГЗ Долгосрочные;6 месяцев;4. ОГЗ Долгосрочные;6 месяцев;4. ОГЗ Долгосрочные;6 месяцев;4. ОГЗ Долгосрочные;6 месяцев;4. ОГЗ Долгосрочные;6 месяцев;4. ОГЗ Долгосрочные;6 месяцев;4. ОГЗ Долгосрочные;6 месяцев;4. ОГЗ Долгосрочные;6 месяцев;4. ОГЗ Долгосрочные;6 месяцев;4. ОГЗ Долгосрочные;6 месяцев;4. ОГЗ Долгосрочные;6 месяцев;4. ОГЗ Долгосрочные;6 месяцев;4. ОГЗ Долгосрочные;6 месяцев;4. ОГЗ Долгосрочные;6 месяцев;4. ОГЗ Долгосрочные;6 месяцев;4. ОГЗ Долгосрочные;6 месяцев;4. ОГЗ Долгосрочные;6 месяцев;4. ОГЗ Долгосрочные;6 месяцев;4. ОГЗ Долгосрочные;6 месяцев;4. ОГЗ Долгосрочные;6 месяцев;4. ОГЗ Долгосрочные;6 месяцев;4. ОГЗ Долгосрочные;6 месяцев;4. ОГЗ Долгосрочные;6 месяцев;4. ОГЗ Долгосрочные;6 месяцев;4. ОГЗ Долгосрочные;6 месяцев;4. ОГЗ Долгосрочные;6 месяцев;4. ОГЗ Долгосрочные;6 месяцев;4. ОГЗ Долгосрочные;6 месяцев;4. ОГЗ Долгосрочные;6 месяцев;4. ОГЗ Долгосрочные;6 месяцев;4. ОГЗ Долгосрочные;6 месяцев;4. ОГЗ Долгосрочные;6 месяцев;4. ОГЗ Долгосрочные;6 месяцев;4. ОГЗ Долгосрочные;6 месяцев;4. ОГЗ Долгосрочные;6 месяцев
37744539;https://alladin116.amocrm.ru/leads/detail/37744539;Партнерская СРМ;;;4. ОГЗ Долгосрочные;6 месяцев;4. ОГЗ Долгосрочные;6 месяцев;4. ОГЗ Долгосрочные;6 месяцев;4. ОГЗ Долгосрочные;6 месяцев;4. ОГЗ Долгосрочные;6 месяцев;4. ОГЗ Долгосрочные;6 месяцев;4. ОГЗ Долгосрочные;6 месяцев;4. ОГЗ Долгосрочные;6 месяцев;4. ОГЗ Долгосрочные;6 месяцев;4. ОГЗ Долгосрочные;6 месяцев;4. ОГЗ Долгосрочные;6 месяцев;4. ОГЗ Долгосрочные;6 месяцев;4. ОГЗ Долгосрочные;6 месяцев;4. ОГЗ Долгосрочные;6 месяцев;4. ОГЗ Долгосрочные;6 месяцев;4. ОГЗ Долгосрочные;6 месяцев;4. ОГЗ Долгосрочные;6 месяцев;4. ОГЗ Долгосрочные;6 месяцев;4. ОГЗ Долгосрочные;6 месяцев;4. ОГЗ Долгосрочные;6 месяцев;4. ОГЗ Долгосрочные;6 месяцев;4. ОГЗ Долгосрочные;6 месяцев;4. ОГЗ Долгосрочные;6 месяцев;4. ОГЗ Долгосрочные;6 месяцев;4. ОГЗ Долгосрочные;6 месяцев;4. ОГЗ Долгосрочные;6 месяцев;4. ОГЗ Долгосрочные;6 месяцев;4. ОГЗ Долгосрочные;6 месяцев;4. ОГЗ Долгосрочные;6 месяцев;4. ОГЗ Долгосрочные;6 месяцев;4. ОГЗ Долгосрочные;6 месяцев;4. ОГЗ Долгосрочные;6 месяцев;4. ОГЗ Долгосрочные;6 месяцев;4. ОГЗ Долгосрочные;6 месяцев;4. ОГЗ Долгосрочные;6 месяцев;4. ОГЗ Долгосрочные;6 месяцев;4. ОГЗ Долгосрочные;6 месяцев;4. ОГЗ Долгосрочные;6 месяцев;4. ОГЗ Долгосрочные;6 месяцев;4. ОГЗ Долгосрочные;6 месяцев;4. ОГЗ Долгосрочные;6 месяцев;4. ОГЗ Долгосрочные;6 месяцев;4. ОГЗ Долгосрочные;6 месяцев;4. ОГЗ Долгосрочные;6 месяцев;4. ОГЗ Долгосрочные;6 месяцев;4. ОГЗ Долгосрочные;6 месяцев
37744533;https://alladin116.amocrm.ru/leads/detail/37744533;Коол Центр;Закрыто и не реализовано;;;;;;;;;;;;;;;;;;;;;;;;;;;;;;;;;;;;;;;;;;;;;;;;;;;;;;;;;;;;1. ОГЗ Квалификация;Контакт установлен;;;1. ОГЗ Квалификация;Контакт установлен;;;1. ОГЗ Квалификация;Контакт установлен;;;;;;;1. ОГЗ Квалификация;Закрыто и не реализовано;;;;;;;;;;;;;;;;
37744519;https://alladin116.amocrm.ru/leads/detail/37744519;Коол Центр;Закрыто и не реализовано;;;;;;;;;;;;;;;;;;;;;;;;;;;;;;;;;;;;;;;;;;;;;;;;;;;;;;;;;;;;;;;;;;;;1. ОГЗ Квалификация;Закрыто и не реализовано;;;;;;;;;;;;;;;;;;;;;;;;
37744511;https://alladin116.amocrm.ru/leads/detail/37744511;повторный заказ;Закрыто и не реализовано;;2. ОГЗ Фокусные;Запущен процесс оформления Договора;;;2. ОГЗ Фокусные;Запущен процесс оформления Договора;;;2. ОГЗ Фокусные;Запущен процесс оформления Договора;;;2. ОГЗ Фокусные;Запущен процесс оформления Договора;2. ОГЗ Фокусные;Запущен процесс оформления Договора;;;2. ОГЗ Фокусные;Запущен процесс оформления Договора;;;2. ОГЗ Фокусные;Запущен процесс оформления Договора;;;2. ОГЗ Фокусные;Запущен процесс оформления Договора;;;2. ОГЗ Фокусные;Запущен процесс оформления Договора;2. ОГЗ Фокусные;Запущен процесс оформления Договора;2. ОГЗ Фокусные;Запущен процесс оформления Договора;2. ОГЗ Фокусные;Запущен процесс оформления Договора;2. ОГЗ Фокусные;Запущен процесс оформления Договора;2. ОГЗ Фокусные;Запущен процесс оформления Договора;2. ОГЗ Фокусные;Запущен процесс оформления Договора;2. ОГЗ Фокусные;Запущен процесс оформления Договора;2. ОГЗ Фокусные;Запущен процесс оформления Договора;2. ОГЗ Фокусные;Запущен процесс оформления Договора;2. ОГЗ Фокусные;Запущен процесс оформления Договора;2. ОГЗ Фокусные;Закрыто и не реализовано;;;;;2. ОГЗ Фокусные;Запущен процесс оформления Договора;;;2. ОГЗ Фокусные;Запущен процесс оформления Договора;;;2. ОГЗ Фокусные;Запущен процесс оформления Договора;;;;;;;2. ОГЗ Фокусные;Запущен процесс оформления Договора;;;2. ОГЗ Фокусные;Запущен процесс оформления Договора;;;2. ОГЗ Фокусные;Запущен процесс оформления Договора;;;2. ОГЗ Фокусные;Запущен процесс оформления Договора;;;;
37744469;https://alladin116.amocrm.ru/leads/detail/37744469;Коол Центр;Закрыто и не реализовано;;;;;;;;;;;;;;;;;;;;;;;;;;;;;;;;;;;;;;;;;;;;;;;;;;;;;;;;;;;;;;;;;;;;1. ОГЗ Квалификация;Закрыто и не реализовано;;;;;;;;;;;;;;;;;;;;;;;;
37744413;https://alladin116.amocrm.ru/leads/detail/37744413;Коол Центр;Закрыто и не реализовано;;;;;;;;;;;;;;;;;;;;;;;;;;;;;;;;;;;;;;;;;;;;;;;;;;;;;;;;;;;;;;;;;;;;1. ОГЗ Квалификация;Закрыто и не реализовано;;;;;;;;;;;;;;;;;;;;;;;;
37744391;https://alladin116.amocrm.ru/leads/detail/37744391;Коол Центр;Закрыто и не реализовано;;;;;;;;;;;;;;;;;;;;;;;;;;;;;;;;;;;;;;;;;;;;;;;;;;;;;;;;;;;;;;;;;;;;1. ОГЗ Квалификация;Закрыто и не реализовано;;;;;;;;;;;;;;;;;;;;;;;;
37744373;https://alladin116.amocrm.ru/leads/detail/37744373;Партнерская СРМ;;;4. ОГЗ Долгосрочные;6 месяцев;4. ОГЗ Долгосрочные;6 месяцев;4. ОГЗ Долгосрочные;6 месяцев;4. ОГЗ Долгосрочные;6 месяцев;4. ОГЗ Долгосрочные;6 месяцев;4. ОГЗ Долгосрочные;6 месяцев;4. ОГЗ Долгосрочные;6 месяцев;4. ОГЗ Долгосрочные;6 месяцев;4. ОГЗ Долгосрочные;6 месяцев;4. ОГЗ Долгосрочные;6 месяцев;4. ОГЗ Долгосрочные;6 месяцев;4. ОГЗ Долгосрочные;6 месяцев;4. ОГЗ Долгосрочные;6 месяцев;4. ОГЗ Долгосрочные;6 месяцев;4. ОГЗ Долгосрочные;6 месяцев;4. ОГЗ Долгосрочные;6 месяцев;4. ОГЗ Долгосрочные;6 месяцев;4. ОГЗ Долгосрочные;6 месяцев;4. ОГЗ Долгосрочные;6 месяцев;4. ОГЗ Долгосрочные;6 месяцев;4. ОГЗ Долгосрочные;6 месяцев;4. ОГЗ Долгосрочные;6 месяцев;4. ОГЗ Долгосрочные;6 месяцев;4. ОГЗ Долгосрочные;6 месяцев;4. ОГЗ Долгосрочные;6 месяцев;4. ОГЗ Долгосрочные;6 месяцев;4. ОГЗ Долгосрочные;6 месяцев;4. ОГЗ Долгосрочные;6 месяцев;4. ОГЗ Долгосрочные;6 месяцев;4. ОГЗ Долгосрочные;6 месяцев;4. ОГЗ Долгосрочные;6 месяцев;4. ОГЗ Долгосрочные;6 месяцев;4. ОГЗ Долгосрочные;6 месяцев;4. ОГЗ Долгосрочные;6 месяцев;4. ОГЗ Долгосрочные;6 месяцев;4. ОГЗ Долгосрочные;6 месяцев;4. ОГЗ Долгосрочные;6 месяцев;4. ОГЗ Долгосрочные;6 месяцев;4. ОГЗ Долгосрочные;6 месяцев;4. ОГЗ Долгосрочные;6 месяцев;4. ОГЗ Долгосрочные;6 месяцев;4. ОГЗ Долгосрочные;6 месяцев;4. ОГЗ Долгосрочные;6 месяцев;4. ОГЗ Долгосрочные;6 месяцев;4. ОГЗ Долгосрочные;6 месяцев;4. ОГЗ Долгосрочные;6 месяцев
37744369;https://alladin116.amocrm.ru/leads/detail/37744369;Партнерская СРМ;;;4. ОГЗ Долгосрочные;6 месяцев;4. ОГЗ Долгосрочные;6 месяцев;4. ОГЗ Долгосрочные;6 месяцев;4. ОГЗ Долгосрочные;6 месяцев;4. ОГЗ Долгосрочные;6 месяцев;4. ОГЗ Долгосрочные;6 месяцев;4. ОГЗ Долгосрочные;6 месяцев;4. ОГЗ Долгосрочные;6 месяцев;4. ОГЗ Долгосрочные;6 месяцев;4. ОГЗ Долгосрочные;6 месяцев;4. ОГЗ Долгосрочные;6 месяцев;4. ОГЗ Долгосрочные;6 месяцев;4. ОГЗ Долгосрочные;6 месяцев;4. ОГЗ Долгосрочные;6 месяцев;4. ОГЗ Долгосрочные;6 месяцев;4. ОГЗ Долгосрочные;6 месяцев;4. ОГЗ Долгосрочные;6 месяцев;4. ОГЗ Долгосрочные;6 месяцев;4. ОГЗ Долгосрочные;6 месяцев;4. ОГЗ Долгосрочные;6 месяцев;4. ОГЗ Долгосрочные;6 месяцев;4. ОГЗ Долгосрочные;6 месяцев;4. ОГЗ Долгосрочные;6 месяцев;4. ОГЗ Долгосрочные;6 месяцев;4. ОГЗ Долгосрочные;6 месяцев;4. ОГЗ Долгосрочные;6 месяцев;4. ОГЗ Долгосрочные;6 месяцев;4. ОГЗ Долгосрочные;6 месяцев;4. ОГЗ Долгосрочные;6 месяцев;4. ОГЗ Долгосрочные;6 месяцев;4. ОГЗ Долгосрочные;6 месяцев;4. ОГЗ Долгосрочные;6 месяцев;4. ОГЗ Долгосрочные;6 месяцев;4. ОГЗ Долгосрочные;6 месяцев;4. ОГЗ Долгосрочные;6 месяцев;4. ОГЗ Долгосрочные;6 месяцев;4. ОГЗ Долгосрочные;6 месяцев;4. ОГЗ Долгосрочные;6 месяцев;4. ОГЗ Долгосрочные;6 месяцев;4. ОГЗ Долгосрочные;6 месяцев;4. ОГЗ Долгосрочные;6 месяцев;4. ОГЗ Долгосрочные;6 месяцев;4. ОГЗ Долгосрочные;6 месяцев;4. ОГЗ Долгосрочные;6 месяцев;4. ОГЗ Долгосрочные;6 месяцев;4. ОГЗ Долгосрочные;6 месяцев
37744363;https://alladin116.amocrm.ru/leads/detail/37744363;Партнерская СРМ;;;4. ОГЗ Долгосрочные;6 месяцев;4. ОГЗ Долгосрочные;6 месяцев;4. ОГЗ Долгосрочные;6 месяцев;4. ОГЗ Долгосрочные;6 месяцев;4. ОГЗ Долгосрочные;6 месяцев;4. ОГЗ Долгосрочные;6 месяцев;4. ОГЗ Долгосрочные;6 месяцев;4. ОГЗ Долгосрочные;6 месяцев;4. ОГЗ Долгосрочные;6 месяцев;4. ОГЗ Долгосрочные;6 месяцев;4. ОГЗ Долгосрочные;6 месяцев;4. ОГЗ Долгосрочные;6 месяцев;4. ОГЗ Долгосрочные;6 месяцев;4. ОГЗ Долгосрочные;6 месяцев;4. ОГЗ Долгосрочные;6 месяцев;4. ОГЗ Долгосрочные;6 месяцев;4. ОГЗ Долгосрочные;6 месяцев;4. ОГЗ Долгосрочные;6 месяцев;4. ОГЗ Долгосрочные;6 месяцев;4. ОГЗ Долгосрочные;6 месяцев;4. ОГЗ Долгосрочные;6 месяцев;4. ОГЗ Долгосрочные;6 месяцев;4. ОГЗ Долгосрочные;6 месяцев;4. ОГЗ Долгосрочные;6 месяцев;4. ОГЗ Долгосрочные;6 месяцев;4. ОГЗ Долгосрочные;6 месяцев;4. ОГЗ Долгосрочные;6 месяцев;4. ОГЗ Долгосрочные;6 месяцев;4. ОГЗ Долгосрочные;6 месяцев;4. ОГЗ Долгосрочные;6 месяцев;4. ОГЗ Долгосрочные;6 месяцев;4. ОГЗ Долгосрочные;6 месяцев;4. ОГЗ Долгосрочные;6 месяцев;4. ОГЗ Долгосрочные;6 месяцев;4. ОГЗ Долгосрочные;6 месяцев;4. ОГЗ Долгосрочные;6 месяцев;4. ОГЗ Долгосрочные;6 месяцев;4. ОГЗ Долгосрочные;6 месяцев;4. ОГЗ Долгосрочные;6 месяцев;4. ОГЗ Долгосрочные;6 месяцев;4. ОГЗ Долгосрочные;6 месяцев;4. ОГЗ Долгосрочные;6 месяцев;4. ОГЗ Долгосрочные;6 месяцев;4. ОГЗ Долгосрочные;6 месяцев;4. ОГЗ Долгосрочные;6 месяцев;4. ОГЗ Долгосрочные;6 месяцев
37744325;https://alladin116.amocrm.ru/leads/detail/37744325;Коол Центр;Закрыто и не реализовано;;;;;;;;;;;;;;;;;;;;;;;;;;;;;;;;;;;;;;;;;;;;;;;;;;;;;;;;;;;;;;;;;;;;1. ОГЗ Квалификация;Закрыто и не реализовано;;;;;;;;;;;;;;;;;;;;;;;;
37744323;https://alladin116.amocrm.ru/leads/detail/37744323;Коол Центр;;;3. ОГЗ Упрощенное;Получены материалы по проекту (в тч Договор);3. ОГЗ Упрощенное;Получены материалы по проекту (в тч Договор);3. ОГЗ Упрощенное;Получены материалы по проекту (в тч Договор);3. ОГЗ Упрощенное;Получены материалы по проекту (в тч Договор);3. ОГЗ Упрощенное;Получены материалы по проекту (в тч Договор);3. ОГЗ Упрощенное;Получены материалы по проекту (в тч Договор);3. ОГЗ Упрощенное;Получены материалы по проекту (в тч Договор);3. ОГЗ Упрощенное;Получены материалы по проекту (в тч Договор);3. ОГЗ Упрощенное;Получены материалы по проекту (в тч Договор);3. ОГЗ Упрощенное;Получены материалы по проекту (в тч Договор);3. ОГЗ Упрощенное;Получены материалы по проекту (в тч Договор);3. ОГЗ Упрощенное;Получены материалы по проекту (в тч Договор);3. ОГЗ Упрощенное;Получены материалы по проекту (в тч Договор);3. ОГЗ Упрощенное;Получены материалы по проекту (в тч Договор);3. ОГЗ Упрощенное;Получены материалы по проекту (в тч Договор);3. ОГЗ Упрощенное;Получены материалы по проекту (в тч Договор);3. ОГЗ Упрощенное;Получены материалы по проекту (в тч Договор);3. ОГЗ Упрощенное;Получены материалы по проекту (в тч Договор);3. ОГЗ Упрощенное;Получены материалы по проекту (в тч Договор);3. ОГЗ Упрощенное;Получены материалы по проекту (в тч Договор);3. ОГЗ Упрощенное;Получены материалы по проекту (в тч Договор);3. ОГЗ Упрощенное;Получены материалы по проекту (в тч Договор);3. ОГЗ Упрощенное;Получены материалы по проекту (в тч Договор);3. ОГЗ Упрощенное;Получены материалы по проекту (в тч Договор);3. ОГЗ Упрощенное;Получены материалы по проекту (в тч Договор);3. ОГЗ Упрощенное;Получены материалы по проекту (в тч Договор);3. ОГЗ Упрощенное;Получены материалы по проекту (в тч Договор);3. ОГЗ Упрощенное;Получены материалы по проекту (в тч Договор);3. ОГЗ Упрощенное;Получены материалы по проекту (в тч Договор);1. ОГЗ Квалификация;Контакт установлен;3. ОГЗ Упрощенное;Получены материалы по проекту (в тч Договор);1. ОГЗ Квалификация;Контакт установлен;3. ОГЗ Упрощенное;Получены материалы по проекту (в тч Договор);1. ОГЗ Квалификация;Контакт установлен;3. ОГЗ Упрощенное;Получены материалы по проекту (в тч Договор);3. ОГЗ Упрощенное;Получены материалы по проекту (в тч Договор);3. ОГЗ Упрощенное;Получены материалы по проекту (в тч Договор);3. ОГЗ Упрощенное;Назначена дата презентации КП и запрошены материалы;3. ОГЗ Упрощенное;Получены материалы по проекту (в тч Договор);3. ОГЗ Упрощенное;Получены материалы по проекту (в тч Договор);3. ОГЗ Упрощенное;Получены материалы по проекту (в тч Договор);3. ОГЗ Упрощенное;Получены материалы по проекту (в тч Договор);3. ОГЗ Упрощенное;Получены материалы по проекту (в тч Договор);3. ОГЗ Упрощенное;Получены материалы по проекту (в тч Договор);3. ОГЗ Упрощенное;Получены материалы по проекту (в тч Договор);3. ОГЗ Упрощенное;Получены материалы по проекту (в тч Договор)
37744313;https://alladin116.amocrm.ru/leads/detail/37744313;Коол Центр;Закрыто и не реализовано;;;;;;;;;;;;;;;;;;;;;;;;;;;;;;;;;;;;;;;;;;;;;;;;;;;;;;;;;;;;;;;;;;;;1. ОГЗ Квалификация;Закрыто и не реализовано;;;;;;;;;;;;;;;;;;;;;;;;
37744311;https://alladin116.amocrm.ru/leads/detail/37744311;Коол Центр;Закрыто и не реализовано;;4. ОГЗ Долгосрочные;9 месяцев;;;4. ОГЗ Долгосрочные;9 месяцев;;;4. ОГЗ Долгосрочные;9 месяцев;;;4. ОГЗ Долгосрочные;9 месяцев;4. ОГЗ Долгосрочные;9 месяцев;;;4. ОГЗ Долгосрочные;9 месяцев;;;4. ОГЗ Долгосрочные;9 месяцев;;;4. ОГЗ Долгосрочные;9 месяцев;;;4. ОГЗ Долгосрочные;9 месяцев;4. ОГЗ Долгосрочные;9 месяцев;4. ОГЗ Долгосрочные;9 месяцев;4. ОГЗ Долгосрочные;9 месяцев;4. ОГЗ Долгосрочные;9 месяцев;4. ОГЗ Долгосрочные;9 месяцев;4. ОГЗ Долгосрочные;9 месяцев;4. ОГЗ Долгосрочные;9 месяцев;4. ОГЗ Долгосрочные;9 месяцев;4. ОГЗ Долгосрочные;9 месяцев;4. ОГЗ Долгосрочные;9 месяцев;4. ОГЗ Долгосрочные;9 месяцев;4. ОГЗ Долгосрочные;9 месяцев;4. ОГЗ Долгосрочные;9 месяцев;3. ОГЗ Упрощенное;Назначена дата презентации КП и запрошены материалы;4. ОГЗ Долгосрочные;9 месяцев;3. ОГЗ Упрощенное;Назначена дата презентации КП и запрошены материалы;4. ОГЗ Долгосрочные;9 месяцев;3. ОГЗ Упрощенное;Назначена дата презентации КП и запрошены материалы;4. ОГЗ Долгосрочные;9 месяцев;4. ОГЗ Долгосрочные;9 месяцев;4. ОГЗ Долгосрочные;9 месяцев;3. ОГЗ Упрощенное;Назначена дата презентации КП и запрошены материалы;4. ОГЗ Долгосрочные;9 месяцев;4. ОГЗ Долгосрочные;9 месяцев;4. ОГЗ Долгосрочные;Закрыто и не реализовано;4. ОГЗ Долгосрочные;9 месяцев;;;4. ОГЗ Долгосрочные;9 месяцев;;;;
37744309;https://alladin116.amocrm.ru/leads/detail/37744309;Коол Центр;;;4. ОГЗ Долгосрочные;9 месяцев;4. ОГЗ Долгосрочные;9 месяцев;4. ОГЗ Долгосрочные;9 месяцев;4. ОГЗ Долгосрочные;9 месяцев;4. ОГЗ Долгосрочные;9 месяцев;4. ОГЗ Долгосрочные;9 месяцев;4. ОГЗ Долгосрочные;9 месяцев;4. ОГЗ Долгосрочные;9 месяцев;4. ОГЗ Долгосрочные;9 месяцев;4. ОГЗ Долгосрочные;9 месяцев;4. ОГЗ Долгосрочные;9 месяцев;4. ОГЗ Долгосрочные;9 месяцев;4. ОГЗ Долгосрочные;9 месяцев;4. ОГЗ Долгосрочные;9 месяцев;4. ОГЗ Долгосрочные;9 месяцев;4. ОГЗ Долгосрочные;9 месяцев;4. ОГЗ Долгосрочные;9 месяцев;4. ОГЗ Долгосрочные;9 месяцев;4. ОГЗ Долгосрочные;9 месяцев;4. ОГЗ Долгосрочные;9 месяцев;4. ОГЗ Долгосрочные;9 месяцев;4. ОГЗ Долгосрочные;9 месяцев;4. ОГЗ Долгосрочные;9 месяцев;4. ОГЗ Долгосрочные;9 месяцев;4. ОГЗ Долгосрочные;9 месяцев;4. ОГЗ Долгосрочные;9 месяцев;4. ОГЗ Долгосрочные;9 месяцев;4. ОГЗ Долгосрочные;9 месяцев;4. ОГЗ Долгосрочные;9 месяцев;4. ОГЗ Долгосрочные;9 месяцев;4. ОГЗ Долгосрочные;9 месяцев;4. ОГЗ Долгосрочные;9 месяцев;4. ОГЗ Долгосрочные;9 месяцев;4. ОГЗ Долгосрочные;9 месяцев;4. ОГЗ Долгосрочные;9 месяцев;4. ОГЗ Долгосрочные;9 месяцев;4. ОГЗ Долгосрочные;9 месяцев;4. ОГЗ Долгосрочные;9 месяцев;4. ОГЗ Долгосрочные;9 месяцев;4. ОГЗ Долгосрочные;9 месяцев;4. ОГЗ Долгосрочные;9 месяцев;4. ОГЗ Долгосрочные;9 месяцев;4. ОГЗ Долгосрочные;9 месяцев;4. ОГЗ Долгосрочные;9 месяцев;4. ОГЗ Долгосрочные;9 месяцев;4. ОГЗ Долгосрочные;9 месяцев
37744307;https://alladin116.amocrm.ru/leads/detail/37744307;Коол Центр;Закрыто и не реализовано;;;;;;;;;;;;;;;;;;;;;;;;;;;;;;;;;;;;;;;;;;;;;;;;;;;;;;;;;;;;;;;;;;;;1. ОГЗ Квалификация;Закрыто и не реализовано;;;;;;;;;;;;;;;;;;;;;;;;
37744301;https://alladin116.amocrm.ru/leads/detail/37744301;Коол Центр;Закрыто и не реализовано;;;;;;;;;;;;;;;;;;;;;;;;;;;;;;;;;;;;;;;;;;;;;;;;;;;;;;;;;;;;;;;;;;;;1. ОГЗ Квалификация;Закрыто и не реализовано;;;;;;;;;;;;;;;;;;;;;;;;
37744293;https://alladin116.amocrm.ru/leads/detail/37744293;Коол Центр;;;4. ОГЗ Долгосрочные;6 месяцев;4. ОГЗ Долгосрочные;6 месяцев;4. ОГЗ Долгосрочные;6 месяцев;4. ОГЗ Долгосрочные;6 месяцев;4. ОГЗ Долгосрочные;6 месяцев;4. ОГЗ Долгосрочные;6 месяцев;4. ОГЗ Долгосрочные;6 месяцев;4. ОГЗ Долгосрочные;6 месяцев;4. ОГЗ Долгосрочные;6 месяцев;4. ОГЗ Долгосрочные;6 месяцев;4. ОГЗ Долгосрочные;6 месяцев;4. ОГЗ Долгосрочные;6 месяцев;4. ОГЗ Долгосрочные;6 месяцев;4. ОГЗ Долгосрочные;6 месяцев;4. ОГЗ Долгосрочные;6 месяцев;4. ОГЗ Долгосрочные;6 месяцев;4. ОГЗ Долгосрочные;6 месяцев;4. ОГЗ Долгосрочные;6 месяцев;4. ОГЗ Долгосрочные;6 месяцев;4. ОГЗ Долгосрочные;6 месяцев;4. ОГЗ Долгосрочные;6 месяцев;4. ОГЗ Долгосрочные;6 месяцев;4. ОГЗ Долгосрочные;6 месяцев;4. ОГЗ Долгосрочные;6 месяцев;4. ОГЗ Долгосрочные;6 месяцев;4. ОГЗ Долгосрочные;6 месяцев;4. ОГЗ Долгосрочные;6 месяцев;4. ОГЗ Долгосрочные;6 месяцев;4. ОГЗ Долгосрочные;6 месяцев;4. ОГЗ Долгосрочные;6 месяцев;4. ОГЗ Долгосрочные;6 месяцев;4. ОГЗ Долгосрочные;6 месяцев;4. ОГЗ Долгосрочные;6 месяцев;4. ОГЗ Долгосрочные;6 месяцев;4. ОГЗ Долгосрочные;6 месяцев;4. ОГЗ Долгосрочные;6 месяцев;4. ОГЗ Долгосрочные;6 месяцев;4. ОГЗ Долгосрочные;6 месяцев;4. ОГЗ Долгосрочные;6 месяцев;4. ОГЗ Долгосрочные;6 месяцев;4. ОГЗ Долгосрочные;6 месяцев;4. ОГЗ Долгосрочные;6 месяцев;4. ОГЗ Долгосрочные;6 месяцев;4. ОГЗ Долгосрочные;6 месяцев;4. ОГЗ Долгосрочные;6 месяцев;4. ОГЗ Долгосрочные;6 месяцев
37744287;https://alladin116.amocrm.ru/leads/detail/37744287;Коол Центр;Закрыто и не реализовано;;1. ОГЗ Квалификация;Недозвон;;;1. ОГЗ Квалификация;Недозвон;;;1. ОГЗ Квалификация;Недозвон;;;1. ОГЗ Квалификация;Закрыто и не реализовано;;;;;;;;;;;;;;;;;;;;;;;;;;;;;;;;;;;;;;;;;;;;;1. ОГЗ Квалификация;Недозвон;;;1. ОГЗ Квалификация;Недозвон;;;1. ОГЗ Квалификация;Недозвон;;;;;;;1. ОГЗ Квалификация;Недозвон;;;1. ОГЗ Квалификация;Недозвон;;;1. ОГЗ Квалификация;Недозвон;;;1. ОГЗ Квалификация;Недозвон;;;;
37744285;https://alladin116.amocrm.ru/leads/detail/37744285;Коол Центр;Закрыто и не реализовано;;;;;;;;;;;;;;;;;;;;;;;;;;;;;;;;;;;;;;;;;;;;;;;;;;;;;;;;;;;;;;;;;;;;1. ОГЗ Квалификация;Закрыто и не реализовано;;;;;;;;;;;;;;;;;;;;;;;;
37744279;https://alladin116.amocrm.ru/leads/detail/37744279;Коол Центр;Закрыто и не реализовано;;;;;;;;;;;;;;;;;;;;;;;;;;;;;;;;;;;;;;;;;;;;;;;;;;;;;;;;;;;;;;;;;;;;1. ОГЗ Квалификация;Закрыто и не реализовано;;;;;;;;;;;;;;;;;;;;;;;;
37744273;https://alladin116.amocrm.ru/leads/detail/37744273;Коол Центр;Закрыто и не реализовано;;;;;;;;;;;;;;;;;;;;;;;;;;;;;;;;;;;;;;;;;;;;;;;;;;;;;;;;;;;;;;;;;;;;1. ОГЗ Квалификация;Закрыто и не реализовано;;;;;;;;;;;;;;;;;;;;;;;;
37744267;https://alladin116.amocrm.ru/leads/detail/37744267;Коол Центр;Закрыто и не реализовано;;;;;;;;;;;;;;;;;;;;;;;;;;;;;;;;;;;;;;;;;;;;;;;;;;;;;;;;;;;;;;;;;;;;1. ОГЗ Квалификация;Закрыто и не реализовано;;;;;;;;;;;;;;;;;;;;;;;;
37745497;https://alladin116.amocrm.ru/leads/detail/37745497;Коол Центр;Закрыто и не реализовано;27.04.2026;;;;;;;;;;;;;;;;;;;;;;;;;;;;;;;;;;;;;;;;;;;;;;;;;;;;;;;;;;;;;;;;;;;;;;;;;;;1. ОГЗ Квалификация;Контакт установлен;;;1. ОГЗ Квалификация;Закрыто и не реализовано;;;;;;;;;;;;
37745491;https://alladin116.amocrm.ru/leads/detail/37745491;По рекомендации;;27.04.2026;2. ОГЗ Фокусные;Выставлен счет;исполнение ОГНЕЗАЩИТА;ДОПЛАТА ПОЛУЧЕНА;2. ОГЗ Фокусные;Выставлен счет;исполнение ОГНЕЗАЩИТА;ДОПЛАТА ПОЛУЧЕНА;исполнение ОГНЕЗАЩИТА;ПРЕДОПЛАТА ПОЛУЧЕНА;исполнение ОГНЕЗАЩИТА;ДОПЛАТА ПОЛУЧЕНА;исполнение ОГНЕЗАЩИТА;ПРЕДОПЛАТА ПОЛУЧЕНА;исполнение ОГНЕЗАЩИТА;ПРЕДОПЛАТА ПОЛУЧЕНА;исполнение ОГНЕЗАЩИТА;ДОПЛАТА ПОЛУЧЕНА;исполнение ОГНЕЗАЩИТА;ПРЕДОПЛАТА ПОЛУЧЕНА;исполнение ОГНЕЗАЩИТА;ДОПЛАТА ПОЛУЧЕНА;исполнение ОГНЕЗАЩИТА;ПРЕДОПЛАТА ПОЛУЧЕНА;исполнение ОГНЕЗАЩИТА;ДОПЛАТА ПОЛУЧЕНА;исполнение ОГНЕЗАЩИТА;ПРЕДОПЛАТА ПОЛУЧЕНА;исполнение ОГНЕЗАЩИТА;ДОПЛАТА ПОЛУЧЕНА;исполнение ОГНЕЗАЩИТА;ПРЕДОПЛАТА ПОЛУЧЕНА;исполнение ОГНЕЗАЩИТА;ПРЕДОПЛАТА ПОЛУЧЕНА;исполнение ОГНЕЗАЩИТА;ПРЕДОПЛАТА ПОЛУЧЕНА;исполнение ОГНЕЗАЩИТА;ПРЕДОПЛАТА ПОЛУЧЕНА;исполнение ОГНЕЗАЩИТА;ПРЕДОПЛАТА ПОЛУЧЕНА;исполнение ОГНЕЗАЩИТА;ПРЕДОПЛАТА ПОЛУЧЕНА;исполнение ОГНЕЗАЩИТА;ПРЕДОПЛАТА ПОЛУЧЕНА;исполнение ОГНЕЗАЩИТА;ПРЕДОПЛАТА ПОЛУЧЕНА;исполнение ОГНЕЗАЩИТА;ПРЕДОПЛАТА ПОЛУЧЕНА;исполнение ОГНЕЗАЩИТА;ПРЕДОПЛАТА ПОЛУЧЕНА;исполнение ОГНЕЗАЩИТА;ПРЕДОПЛАТА ПОЛУЧЕНА;исполнение ОГНЕЗАЩИТА;ПРЕДОПЛАТА ПОЛУЧЕНА;исполнение ОГНЕЗАЩИТА;ПРЕДОПЛАТА ПОЛУЧЕНА;исполнение ОГНЕЗАЩИТА;ПРЕДОПЛАТА ПОЛУЧЕНА;;;исполнение ОГНЕЗАЩИТА;ПРЕДОПЛАТА ПОЛУЧЕНА;;;исполнение ОГНЕЗАЩИТА;ПРЕДОПЛАТА ПОЛУЧЕНА;;;исполнение ОГНЕЗАЩИТА;ПРЕДОПЛАТА ПОЛУЧЕНА;исполнение ОГНЕЗАЩИТА;ПРЕДОПЛАТА ПОЛУЧЕНА;исполнение ОГНЕЗАЩИТА;ПРЕДОПЛАТА ПОЛУЧЕНА;2. ОГЗ Фокусные;Запущен процесс оформления Договора;исполнение ОГНЕЗАЩИТА;ПРЕДОПЛАТА ПОЛУЧЕНА;2. ОГЗ Фокусные;Выставлен счет;исполнение ОГНЕЗАЩИТА;ПРЕДОПЛАТА ПОЛУЧЕНА;2. ОГЗ Фокусные;Выставлен счет;исполнение ОГНЕЗАЩИТА;ДОПЛАТА ПОЛУЧЕНА;2. ОГЗ Фокусные;Выставлен счет;исполнение ОГНЕЗАЩИТА;ДОПЛАТА ПОЛУЧЕНА;исполнение ОГНЕЗАЩИТА;ДОПЛАТА ПОЛУЧЕНА
37745481;https://alladin116.amocrm.ru/leads/detail/37745481;Коол Центр;Закрыто и не реализовано;27.04.2026;1. ОГЗ Квалификация;Контакт установлен;;;1. ОГЗ Квалификация;Контакт установлен;;;1. ОГЗ Квалификация;Контакт установлен;;;1. ОГЗ Квалификация;Закрыто и не реализовано;;;;;;;;;;;;;;;;;;;;;;;;;;;;;;;;;;;;;;;;;;;;;;;;;;;;;;;;;;;;;1. ОГЗ Квалификация;Контакт установлен;;;1. ОГЗ Квалификация;Контакт установлен;;;1. ОГЗ Квалификация;Контакт установлен;;;1. ОГЗ Квалификация;Контакт установлен;;;;
37745435;https://alladin116.amocrm.ru/leads/detail/37745435;Коол Центр;Закрыто и не реализовано;27.04.2026;4. ОГЗ Долгосрочные;6 месяцев;;;4. ОГЗ Долгосрочные;6 месяцев;;;4. ОГЗ Долгосрочные;6 месяцев;;;4. ОГЗ Долгосрочные;6 месяцев;4. ОГЗ Долгосрочные;6 месяцев;;;4. ОГЗ Долгосрочные;6 месяцев;;;4. ОГЗ Долгосрочные;6 месяцев;;;4. ОГЗ Долгосрочные;6 месяцев;;;4. ОГЗ Долгосрочные;6 месяцев;4. ОГЗ Долгосрочные;6 месяцев;4. ОГЗ Долгосрочные;6 месяцев;4. ОГЗ Долгосрочные;6 месяцев;4. ОГЗ Долгосрочные;6 месяцев;4. ОГЗ Долгосрочные;6 месяцев;4. ОГЗ Долгосрочные;6 месяцев;4. ОГЗ Долгосрочные;6 месяцев;4. ОГЗ Долгосрочные;6 месяцев;4. ОГЗ Долгосрочные;6 месяцев;4. ОГЗ Долгосрочные;6 месяцев;4. ОГЗ Долгосрочные;6 месяцев;4. ОГЗ Долгосрочные;6 месяцев;4. ОГЗ Долгосрочные;Закрыто и не реализовано;;;;;;;;;;;;;;;;;1. ОГЗ Квалификация;Контакт установлен;;;4. ОГЗ Долгосрочные;6 месяцев;;;4. ОГЗ Долгосрочные;6 месяцев;;;4. ОГЗ Долгосрочные;6 месяцев;;;;
37745421;https://alladin116.amocrm.ru/leads/detail/37745421;Коол Центр;Закрыто и не реализовано;27.04.2026;;;;;;;;;;;;;;;;;;;;;;;;;;;;;;;;;;;;;;;;;;;;;;;;;;;;;;;;;;;;;;;;;;;;;;;;;;;1. ОГЗ Квалификация;Закрыто и не реализовано;;;;;;;;;;;;;;;;
37745419;https://alladin116.amocrm.ru/leads/detail/37745419;Коол Центр;Закрыто и не реализовано;27.04.2026;;;;;;;;;;;;;;;;;;;;;;;;;;;;;;;;;;;;;;;;;;;;;;;;;;;;;;;;;;;;;;;;;;;;;;;;;;;1. ОГЗ Квалификация;Контакт установлен;;;1. ОГЗ Квалификация;Закрыто и не реализовано;;;;;;;;;;;;
37745411;https://alladin116.amocrm.ru/leads/detail/37745411;Коол Центр;Закрыто и не реализовано;27.04.2026;;;;;;;;;;;;;;;;;;;;;;;;;;;;;;;;;;;;;;;;;;;;;;;;;;;;;;;;;;;;;;;;;;;;;;;;;;;1. ОГЗ Квалификация;Недозвон;;;1. ОГЗ Квалификация;Закрыто и не реализовано;;;;;;;;;;;;
37745391;https://alladin116.amocrm.ru/leads/detail/37745391;Коол Центр;Закрыто и не реализовано;27.04.2026;3. ОГЗ Упрощенное;Назначена дата презентации КП и запрошены материалы;;;3. ОГЗ Упрощенное;Назначена дата презентации КП и запрошены материалы;;;3. ОГЗ Упрощенное;Назначена дата презентации КП и запрошены материалы;;;3. ОГЗ Упрощенное;Назначена дата презентации КП и запрошены материалы;3. ОГЗ Упрощенное;Назначена дата презентации КП и запрошены материалы;;;3. ОГЗ Упрощенное;Назначена дата презентации КП и запрошены материалы;;;3. ОГЗ Упрощенное;Назначена дата презентации КП и запрошены материалы;;;3. ОГЗ Упрощенное;Назначена дата презентации КП и запрошены материалы;;;3. ОГЗ Упрощенное;Назначена дата презентации КП и запрошены материалы;3. ОГЗ Упрощенное;Назначена дата презентации КП и запрошены материалы;3. ОГЗ Упрощенное;Назначена дата презентации КП и запрошены материалы;3. ОГЗ Упрощенное;Назначена дата презентации КП и запрошены материалы;3. ОГЗ Упрощенное;Назначена дата презентации КП и запрошены материалы;3. ОГЗ Упрощенное;Назначена дата презентации КП и запрошены материалы;3. ОГЗ Упрощенное;Закрыто и не реализовано;;;;;;;;;;;;;;;;;;;;;;;;;;;;;;;3. ОГЗ Упрощенное;Назначена дата презентации КП и запрошены материалы;;;3. ОГЗ Упрощенное;Назначена дата презентации КП и запрошены материалы;;;3. ОГЗ Упрощенное;Назначена дата презентации КП и запрошены материалы;;;3. ОГЗ Упрощенное;Назначена дата презентации КП и запрошены материалы;;;;
37745387;https://alladin116.amocrm.ru/leads/detail/37745387;Коол Центр;Закрыто и не реализовано;27.04.2026;;;;;;;;;;;;;;;;;;;;;;;;;;;;;;;;;;;;;;;;;;;;;;;;;;;;;;;;;;;;;;;;;;;;;;;;;;;1. ОГЗ Квалификация;Закрыто и не реализовано;;;;;;;;;;;;;;;;
37745385;https://alladin116.amocrm.ru/leads/detail/37745385;Коол Центр;Закрыто и не реализовано;27.04.2026;4. ОГЗ Долгосрочные;3 месяца;;;4. ОГЗ Долгосрочные;3 месяца;;;4. ОГЗ Долгосрочные;3 месяца;;;4. ОГЗ Долгосрочные;3 месяца;4. ОГЗ Долгосрочные;3 месяца;;;4. ОГЗ Долгосрочные;3 месяца;;;4. ОГЗ Долгосрочные;3 месяца;;;4. ОГЗ Долгосрочные;3 месяца;;;4. ОГЗ Долгосрочные;3 месяца;4. ОГЗ Долгосрочные;3 месяца;4. ОГЗ Долгосрочные;3 месяца;4. ОГЗ Долгосрочные;3 месяца;4. ОГЗ Долгосрочные;Закрыто и не реализовано;;;;;;;;;;;;;;;;;;;;;;;;;;;;;;;;;;;4. ОГЗ Долгосрочные;3 месяца;;;4. ОГЗ Долгосрочные;3 месяца;;;4. ОГЗ Долгосрочные;3 месяца;;;4. ОГЗ Долгосрочные;3 месяца;;;;
37745381;https://alladin116.amocrm.ru/leads/detail/37745381;Коол Центр;;27.04.2026;4. ОГЗ Долгосрочные;12+ месяцев;4. ОГЗ Долгосрочные;12+ месяцев;4. ОГЗ Долгосрочные;12+ месяцев;4. ОГЗ Долгосрочные;12+ месяцев;4. ОГЗ Долгосрочные;12+ месяцев;4. ОГЗ Долгосрочные;12+ месяцев;4. ОГЗ Долгосрочные;12+ месяцев;4. ОГЗ Долгосрочные;12+ месяцев;4. ОГЗ Долгосрочные;12+ месяцев;4. ОГЗ Долгосрочные;12+ месяцев;4. ОГЗ Долгосрочные;12+ месяцев;4. ОГЗ Долгосрочные;12+ месяцев;4. ОГЗ Долгосрочные;12+ месяцев;4. ОГЗ Долгосрочные;12+ месяцев;4. ОГЗ Долгосрочные;12+ месяцев;4. ОГЗ Долгосрочные;12+ месяцев;4. ОГЗ Долгосрочные;12+ месяцев;4. ОГЗ Долгосрочные;12+ месяцев;4. ОГЗ Долгосрочные;12+ месяцев;4. ОГЗ Долгосрочные;12+ месяцев;4. ОГЗ Долгосрочные;12+ месяцев;4. ОГЗ Долгосрочные;12+ месяцев;4. ОГЗ Долгосрочные;12+ месяцев;4. ОГЗ Долгосрочные;12+ месяцев;4. ОГЗ Долгосрочные;12+ месяцев;4. ОГЗ Долгосрочные;12+ месяцев;4. ОГЗ Долгосрочные;12+ месяцев;4. ОГЗ Долгосрочные;12+ месяцев;4. ОГЗ Долгосрочные;12+ месяцев;;;4. ОГЗ Долгосрочные;12+ месяцев;;;4. ОГЗ Долгосрочные;12+ месяцев;;;4. ОГЗ Долгосрочные;12+ месяцев;4. ОГЗ Долгосрочные;12+ месяцев;4. ОГЗ Долгосрочные;12+ месяцев;4. ОГЗ Долгосрочные;12+ месяцев;4. ОГЗ Долгосрочные;12+ месяцев;4. ОГЗ Долгосрочные;12+ месяцев;4. ОГЗ Долгосрочные;12+ месяцев;4. ОГЗ Долгосрочные;12+ месяцев;4. ОГЗ Долгосрочные;12+ месяцев;4. ОГЗ Долгосрочные;12+ месяцев;4. ОГЗ Долгосрочные;12+ месяцев;4. ОГЗ Долгосрочные;12+ месяцев
37745375;https://alladin116.amocrm.ru/leads/detail/37745375;Коол Центр;Закрыто и не реализовано;27.04.2026;;;;;;;;;;;;;;;;;;;;;;;;;;;;;;;;;;;;;;;;;;;;;;;;;;;;;;;;;;;;;;;;;;;;;;;;;;;1. ОГЗ Квалификация;Закрыто и не реализовано;;;;;;;;;;;;;;;;
37745369;https://alladin116.amocrm.ru/leads/detail/37745369;повторный заказ;;27.04.2026;2. ОГЗ Фокусные;Запущен процесс оформления Договора;исполнение ОГНЕЗАЩИТА;ПРЕДОПЛАТА ПОЛУЧЕНА;2. ОГЗ Фокусные;Запущен процесс оформления Договора;исполнение ОГНЕЗАЩИТА;ПРЕДОПЛАТА ПОЛУЧЕНА;2. ОГЗ Фокусные;Запущен процесс оформления Договора;исполнение ОГНЕЗАЩИТА;ПРЕДОПЛАТА ПОЛУЧЕНА;2. ОГЗ Фокусные;Запущен процесс оформления Договора;2. ОГЗ Фокусные;Запущен процесс оформления Договора;исполнение ОГНЕЗАЩИТА;ПРЕДОПЛАТА ПОЛУЧЕНА;2. ОГЗ Фокусные;Запущен процесс оформления Договора;исполнение ОГНЕЗАЩИТА;ПРЕДОПЛАТА ПОЛУЧЕНА;2. ОГЗ Фокусные;Запущен процесс оформления Договора;исполнение ОГНЕЗАЩИТА;ПРЕДОПЛАТА ПОЛУЧЕНА;2. ОГЗ Фокусные;Запущен процесс оформления Договора;исполнение ОГНЕЗАЩИТА;ПРЕДОПЛАТА ПОЛУЧЕНА;2. ОГЗ Фокусные;Запущен процесс оформления Договора;2. ОГЗ Фокусные;Запущен процесс оформления Договора;исполнение ОГНЕЗАЩИТА;ПРЕДОПЛАТА ПОЛУЧЕНА;исполнение ОГНЕЗАЩИТА;ПРЕДОПЛАТА ПОЛУЧЕНА;исполнение ОГНЕЗАЩИТА;ПРЕДОПЛАТА ПОЛУЧЕНА;исполнение ОГНЕЗАЩИТА;ПРЕДОПЛАТА ПОЛУЧЕНА;исполнение ОГНЕЗАЩИТА;ПРЕДОПЛАТА ПОЛУЧЕНА;исполнение ОГНЕЗАЩИТА;ПРЕДОПЛАТА ПОЛУЧЕНА;исполнение ОГНЕЗАЩИТА;ПРЕДОПЛАТА ПОЛУЧЕНА;исполнение ОГНЕЗАЩИТА;ПРЕДОПЛАТА ПОЛУЧЕНА;исполнение ОГНЕЗАЩИТА;ПРЕДОПЛАТА ПОЛУЧЕНА;исполнение ОГНЕЗАЩИТА;ПРЕДОПЛАТА ПОЛУЧЕНА;исполнение ОГНЕЗАЩИТА;ПРЕДОПЛАТА ПОЛУЧЕНА;исполнение ОГНЕЗАЩИТА;ПРЕДОПЛАТА ПОЛУЧЕНА;;;исполнение ОГНЕЗАЩИТА;ПРЕДОПЛАТА ПОЛУЧЕНА;;;исполнение ОГНЕЗАЩИТА;ПРЕДОПЛАТА ПОЛУЧЕНА;;;исполнение ОГНЕЗАЩИТА;ПРЕДОПЛАТА ПОЛУЧЕНА;исполнение ОГНЕЗАЩИТА;ПРЕДОПЛАТА ПОЛУЧЕНА;исполнение ОГНЕЗАЩИТА;ПРЕДОПЛАТА ПОЛУЧЕНА;2. ОГЗ Фокусные;Запущен процесс оформления Договора;исполнение ОГНЕЗАЩИТА;ПРЕДОПЛАТА ПОЛУЧЕНА;2. ОГЗ Фокусные;Запущен процесс оформления Договора;исполнение ОГНЕЗАЩИТА;ПРЕДОПЛАТА ПОЛУЧЕНА;2. ОГЗ Фокусные;Запущен процесс оформления Договора;исполнение ОГНЕЗАЩИТА;ПРЕДОПЛАТА ПОЛУЧЕНА;2. ОГЗ Фокусные;Запущен процесс оформления Договора;исполнение ОГНЕЗАЩИТА;ПРЕДОПЛАТА ПОЛУЧЕНА;исполнение ОГНЕЗАЩИТА;ПРЕДОПЛАТА ПОЛУЧЕНА
37745345;https://alladin116.amocrm.ru/leads/detail/37745345;Коол Центр;;27.04.2026;4. ОГЗ Долгосрочные;6 месяцев;4. ОГЗ Долгосрочные;6 месяцев;4. ОГЗ Долгосрочные;6 месяцев;4. ОГЗ Долгосрочные;6 месяцев;4. ОГЗ Долгосрочные;6 месяцев;4. ОГЗ Долгосрочные;6 месяцев;4. ОГЗ Долгосрочные;6 месяцев;4. ОГЗ Долгосрочные;6 месяцев;4. ОГЗ Долгосрочные;6 месяцев;4. ОГЗ Долгосрочные;6 месяцев;4. ОГЗ Долгосрочные;6 месяцев;4. ОГЗ Долгосрочные;6 месяцев;4. ОГЗ Долгосрочные;6 месяцев;4. ОГЗ Долгосрочные;6 месяцев;4. ОГЗ Долгосрочные;6 месяцев;4. ОГЗ Долгосрочные;6 месяцев;4. ОГЗ Долгосрочные;6 месяцев;4. ОГЗ Долгосрочные;6 месяцев;4. ОГЗ Долгосрочные;6 месяцев;4. ОГЗ Долгосрочные;6 месяцев;4. ОГЗ Долгосрочные;6 месяцев;4. ОГЗ Долгосрочные;6 месяцев;4. ОГЗ Долгосрочные;6 месяцев;4. ОГЗ Долгосрочные;6 месяцев;4. ОГЗ Долгосрочные;6 месяцев;4. ОГЗ Долгосрочные;6 месяцев;4. ОГЗ Долгосрочные;6 месяцев;4. ОГЗ Долгосрочные;6 месяцев;4. ОГЗ Долгосрочные;6 месяцев;;;4. ОГЗ Долгосрочные;6 месяцев;;;4. ОГЗ Долгосрочные;6 месяцев;;;4. ОГЗ Долгосрочные;6 месяцев;4. ОГЗ Долгосрочные;6 месяцев;4. ОГЗ Долгосрочные;6 месяцев;4. ОГЗ Долгосрочные;6 месяцев;4. ОГЗ Долгосрочные;6 месяцев;4. ОГЗ Долгосрочные;6 месяцев;4. ОГЗ Долгосрочные;6 месяцев;4. ОГЗ Долгосрочные;6 месяцев;4. ОГЗ Долгосрочные;6 месяцев;4. ОГЗ Долгосрочные;6 месяцев;4. ОГЗ Долгосрочные;6 месяцев;4. ОГЗ Долгосрочные;6 месяцев
37745339;https://alladin116.amocrm.ru/leads/detail/37745339;Коол Центр;;27.04.2026;3. ОГЗ Упрощенное;Назначена дата презентации КП и запрошены материалы;3. ОГЗ Упрощенное;Назначена дата презентации КП и запрошены материалы;3. ОГЗ Упрощенное;Назначена дата презентации КП и запрошены материалы;3. ОГЗ Упрощенное;Назначена дата презентации КП и запрошены материалы;3. ОГЗ Упрощенное;Назначена дата презентации КП и запрошены материалы;3. ОГЗ Упрощенное;Назначена дата презентации КП и запрошены материалы;3. ОГЗ Упрощенное;Назначена дата презентации КП и запрошены материалы;3. ОГЗ Упрощенное;Назначена дата презентации КП и запрошены материалы;3. ОГЗ Упрощенное;Назначена дата презентации КП и запрошены материалы;3. ОГЗ Упрощенное;Назначена дата презентации КП и запрошены материалы;3. ОГЗ Упрощенное;Назначена дата презентации КП и запрошены материалы;3. ОГЗ Упрощенное;Назначена дата презентации КП и запрошены материалы;3. ОГЗ Упрощенное;Назначена дата презентации КП и запрошены материалы;3. ОГЗ Упрощенное;Назначена дата презентации КП и запрошены материалы;3. ОГЗ Упрощенное;Назначена дата презентации КП и запрошены материалы;3. ОГЗ Упрощенное;Назначена дата презентации КП и запрошены материалы;3. ОГЗ Упрощенное;Назначена дата презентации КП и запрошены материалы;3. ОГЗ Упрощенное;Назначена дата презентации КП и запрошены материалы;3. ОГЗ Упрощенное;Назначена дата презентации КП и запрошены материалы;3. ОГЗ Упрощенное;Назначена дата презентации КП и запрошены материалы;3. ОГЗ Упрощенное;Назначена дата презентации КП и запрошены материалы;3. ОГЗ Упрощенное;Назначена дата презентации КП и запрошены материалы;3. ОГЗ Упрощенное;Назначена дата презентации КП и запрошены материалы;3. ОГЗ Упрощенное;Назначена дата презентации КП и запрошены материалы;3. ОГЗ Упрощенное;Назначена дата презентации КП и запрошены материалы;3. ОГЗ Упрощенное;Назначена дата презентации КП и запрошены материалы;3. ОГЗ Упрощенное;Назначена дата презентации КП и запрошены материалы;3. ОГЗ Упрощенное;Назначена дата презентации КП и запрошены материалы;3. ОГЗ Упрощенное;Назначена дата презентации КП и запрошены материалы;;;3. ОГЗ Упрощенное;Назначена дата презентации КП и запрошены материалы;;;3. ОГЗ Упрощенное;Назначена дата презентации КП и запрошены материалы;;;3. ОГЗ Упрощенное;Назначена дата презентации КП и запрошены материалы;3. ОГЗ Упрощенное;Назначена дата презентации КП и запрошены материалы;3. ОГЗ Упрощенное;Назначена дата презентации КП и запрошены материалы;1. ОГЗ Квалификация;Контакт установлен;3. ОГЗ Упрощенное;Назначена дата презентации КП и запрошены материалы;3. ОГЗ Упрощенное;Назначена дата презентации КП и запрошены материалы;3. ОГЗ Упрощенное;Назначена дата презентации КП и запрошены материалы;3. ОГЗ Упрощенное;Назначена дата презентации КП и запрошены материалы;3. ОГЗ Упрощенное;Назначена дата презентации КП и запрошены материалы;3. ОГЗ Упрощенное;Назначена дата презентации КП и запрошены материалы;3. ОГЗ Упрощенное;Назначена дата презентации КП и запрошены материалы;3. ОГЗ Упрощенное;Назначена дата презентации КП и запрошены материалы
37745305;https://alladin116.amocrm.ru/leads/detail/37745305;Коол Центр;Закрыто и не реализовано;27.04.2026;;;;;;;;;;;;;;;;;;;;;;;;;;;;;;;;;;;;;;;;;;;;;;;;;;;;;;;;;;;;;;;;;;;;;;;;;;;1. ОГЗ Квалификация;Закрыто и не реализовано;;;;;;;;;;;;;;;;
37745299;https://alladin116.amocrm.ru/leads/detail/37745299;yandex;Закрыто и не реализовано;27.04.2026;;;;;;;;;;;;;;;;;;;;;;;;;;;;;;;;;;;;;;;;;;;;;;;;;;;;;;;;;;;;;;;;;;;;;;;;;;;1. ОГЗ Квалификация;Закрыто и не реализовано;;;;;;;;;;;;;;;;
37745293;https://alladin116.amocrm.ru/leads/detail/37745293;повторный заказ;Закрыто и не реализовано;27.04.2026;;;;;;;;;;;;;;;;;;;;;;;;;;;;;;;;;;;;;;;;;;;;;;;;;;;;;;;;;;;;;;;;;;;;;;;;;;;1. ОГЗ Квалификация;Закрыто и не реализовано;;;;;;;;;;;;;;;;
37745253;https://alladin116.amocrm.ru/leads/detail/37745253;Коол Центр;Закрыто и не реализовано;27.04.2026;;;;;;;;;;;;;;;;;;;;;;;;;;;;;;;;;;;;;;;;;;;;;;;;;;;;;;;;;;;;;;;;;;;;;;;;;;;1. ОГЗ Квалификация;Закрыто и не реализовано;;;;;;;;;;;;;;;;
37745243;https://alladin116.amocrm.ru/leads/detail/37745243;Коол Центр;;27.04.2026;4. ОГЗ Долгосрочные;3 месяца;4. ОГЗ Долгосрочные;3 месяца;4. ОГЗ Долгосрочные;3 месяца;4. ОГЗ Долгосрочные;3 месяца;4. ОГЗ Долгосрочные;3 месяца;4. ОГЗ Долгосрочные;3 месяца;4. ОГЗ Долгосрочные;3 месяца;4. ОГЗ Долгосрочные;3 месяца;4. ОГЗ Долгосрочные;3 месяца;4. ОГЗ Долгосрочные;3 месяца;4. ОГЗ Долгосрочные;3 месяца;4. ОГЗ Долгосрочные;3 месяца;4. ОГЗ Долгосрочные;3 месяца;4. ОГЗ Долгосрочные;3 месяца;4. ОГЗ Долгосрочные;3 месяца;4. ОГЗ Долгосрочные;3 месяца;4. ОГЗ Долгосрочные;3 месяца;4. ОГЗ Долгосрочные;3 месяца;4. ОГЗ Долгосрочные;3 месяца;4. ОГЗ Долгосрочные;3 месяца;4. ОГЗ Долгосрочные;3 месяца;4. ОГЗ Долгосрочные;3 месяца;4. ОГЗ Долгосрочные;3 месяца;4. ОГЗ Долгосрочные;3 месяца;4. ОГЗ Долгосрочные;3 месяца;4. ОГЗ Долгосрочные;3 месяца;4. ОГЗ Долгосрочные;3 месяца;4. ОГЗ Долгосрочные;3 месяца;4. ОГЗ Долгосрочные;3 месяца;;;4. ОГЗ Долгосрочные;3 месяца;;;4. ОГЗ Долгосрочные;3 месяца;;;4. ОГЗ Долгосрочные;3 месяца;4. ОГЗ Долгосрочные;3 месяца;4. ОГЗ Долгосрочные;3 месяца;4. ОГЗ Долгосрочные;3 месяца;4. ОГЗ Долгосрочные;3 месяца;4. ОГЗ Долгосрочные;3 месяца;4. ОГЗ Долгосрочные;3 месяца;4. ОГЗ Долгосрочные;3 месяца;4. ОГЗ Долгосрочные;3 месяца;4. ОГЗ Долгосрочные;3 месяца;4. ОГЗ Долгосрочные;3 месяца;4. ОГЗ Долгосрочные;3 месяца
37745227;https://alladin116.amocrm.ru/leads/detail/37745227;Коол Центр;Закрыто и не реализовано;27.04.2026;;;;;;;;;;;;;;;;;;;;;;;;;;;;;;;;;;;;;;;;;;;;;;;;;;;;;;;;;;;;;;;;;;;;;;;;;;;1. ОГЗ Квалификация;Закрыто и не реализовано;;;;;;;;;;;;;;;;
37745893;https://alladin116.amocrm.ru/leads/detail/37745893;Коол Центр;Закрыто и не реализовано;28.04.2026;2. ОГЗ Фокусные;Подготовлено КП;2. ОГЗ Фокусные;Подготовлено КП;2. ОГЗ Фокусные;Подготовлено КП;2. ОГЗ Фокусные;Закрыто и не реализовано;2. ОГЗ Фокусные;Подготовлено КП;;;2. ОГЗ Фокусные;Подготовлено КП;2. ОГЗ Фокусные;Подготовлено КП;;;2. ОГЗ Фокусные;Подготовлено КП;;;2. ОГЗ Фокусные;Подготовлено КП;;;2. ОГЗ Фокусные;Подготовлено КП;;;2. ОГЗ Фокусные;Подготовлено КП;2. ОГЗ Фокусные;Подготовлено КП;2. ОГЗ Фокусные;Подготовлено КП;2. ОГЗ Фокусные;Подготовлено КП;2. ОГЗ Фокусные;Подготовлено КП;2. ОГЗ Фокусные;Подготовлено КП;2. ОГЗ Фокусные;Подготовлено КП;2. ОГЗ Фокусные;Подготовлено КП;2. ОГЗ Фокусные;Подготовлено КП;2. ОГЗ Фокусные;Подготовлено КП;2. ОГЗ Фокусные;Подготовлено КП;2. ОГЗ Фокусные;Подготовлено КП;2. ОГЗ Фокусные;Подготовлено КП;2. ОГЗ Фокусные;Подготовлено КП;;;2. ОГЗ Фокусные;Подготовлено КП;;;2. ОГЗ Фокусные;Подготовлено КП;;;2. ОГЗ Фокусные;Подготовлено КП;2. ОГЗ Фокусные;Подготовлено КП;2. ОГЗ Фокусные;Подготовлено КП;;;2. ОГЗ Фокусные;Подготовлено КП;2. ОГЗ Фокусные;Подготовлено КП;2. ОГЗ Фокусные;Подготовлено КП;2. ОГЗ Фокусные;Подготовлено КП;2. ОГЗ Фокусные;Подготовлено КП;2. ОГЗ Фокусные;Подготовлено КП;2. ОГЗ Фокусные;Подготовлено КП;2. ОГЗ Фокусные;Подготовлено КП
37745875;https://alladin116.amocrm.ru/leads/detail/37745875;Коол Центр;Закрыто и не реализовано;28.04.2026;1. ОГЗ Квалификация;Контакт установлен;;;1. ОГЗ Квалификация;Контакт установлен;;;1. ОГЗ Квалификация;Контакт установлен;;;1. ОГЗ Квалификация;Закрыто и не реализовано;;;;;;;;;;;;;;;;;;;;;;;;;;;;;;;;;;;;;;;;;;;;;;;;;;;;;;;;;;;;;;;;;1. ОГЗ Квалификация;Контакт установлен;;;1. ОГЗ Квалификация;Контакт установлен;;;1. ОГЗ Квалификация;Контакт установлен;;;;
37745869;https://alladin116.amocrm.ru/leads/detail/37745869;Коол Центр;;28.04.2026;1. ОГЗ Квалификация;Контакт установлен;4. ОГЗ Долгосрочные;12+ месяцев;1. ОГЗ Квалификация;Контакт установлен;4. ОГЗ Долгосрочные;12+ месяцев;1. ОГЗ Квалификация;Контакт установлен;4. ОГЗ Долгосрочные;12+ месяцев;1. ОГЗ Квалификация;Контакт установлен;4. ОГЗ Долгосрочные;12+ месяцев;4. ОГЗ Долгосрочные;12+ месяцев;4. ОГЗ Долгосрочные;12+ месяцев;4. ОГЗ Долгосрочные;12+ месяцев;4. ОГЗ Долгосрочные;12+ месяцев;4. ОГЗ Долгосрочные;12+ месяцев;4. ОГЗ Долгосрочные;12+ месяцев;4. ОГЗ Долгосрочные;12+ месяцев;4. ОГЗ Долгосрочные;12+ месяцев;4. ОГЗ Долгосрочные;12+ месяцев;4. ОГЗ Долгосрочные;12+ месяцев;4. ОГЗ Долгосрочные;12+ месяцев;4. ОГЗ Долгосрочные;12+ месяцев;4. ОГЗ Долгосрочные;12+ месяцев;4. ОГЗ Долгосрочные;12+ месяцев;4. ОГЗ Долгосрочные;12+ месяцев;4. ОГЗ Долгосрочные;12+ месяцев;4. ОГЗ Долгосрочные;12+ месяцев;4. ОГЗ Долгосрочные;12+ месяцев;4. ОГЗ Долгосрочные;12+ месяцев;4. ОГЗ Долгосрочные;12+ месяцев;4. ОГЗ Долгосрочные;12+ месяцев;;;4. ОГЗ Долгосрочные;12+ месяцев;;;4. ОГЗ Долгосрочные;12+ месяцев;;;4. ОГЗ Долгосрочные;12+ месяцев;4. ОГЗ Долгосрочные;12+ месяцев;4. ОГЗ Долгосрочные;12+ месяцев;;;4. ОГЗ Долгосрочные;12+ месяцев;1. ОГЗ Квалификация;Контакт установлен;4. ОГЗ Долгосрочные;12+ месяцев;1. ОГЗ Квалификация;Контакт установлен;4. ОГЗ Долгосрочные;12+ месяцев;1. ОГЗ Квалификация;Контакт установлен;4. ОГЗ Долгосрочные;12+ месяцев;4. ОГЗ Долгосрочные;12+ месяцев
37745861;https://alladin116.amocrm.ru/leads/detail/37745861;Коол Центр;;28.04.2026;4. ОГЗ Долгосрочные;6 месяцев;4. ОГЗ Долгосрочные;6 месяцев;4. ОГЗ Долгосрочные;6 месяцев;4. ОГЗ Долгосрочные;6 месяцев;4. ОГЗ Долгосрочные;6 месяцев;4. ОГЗ Долгосрочные;6 месяцев;4. ОГЗ Долгосрочные;6 месяцев;4. ОГЗ Долгосрочные;6 месяцев;4. ОГЗ Долгосрочные;6 месяцев;4. ОГЗ Долгосрочные;6 месяцев;4. ОГЗ Долгосрочные;6 месяцев;4. ОГЗ Долгосрочные;6 месяцев;4. ОГЗ Долгосрочные;6 месяцев;4. ОГЗ Долгосрочные;6 месяцев;4. ОГЗ Долгосрочные;6 месяцев;4. ОГЗ Долгосрочные;6 месяцев;4. ОГЗ Долгосрочные;6 месяцев;4. ОГЗ Долгосрочные;6 месяцев;4. ОГЗ Долгосрочные;6 месяцев;4. ОГЗ Долгосрочные;6 месяцев;4. ОГЗ Долгосрочные;6 месяцев;4. ОГЗ Долгосрочные;6 месяцев;4. ОГЗ Долгосрочные;6 месяцев;4. ОГЗ Долгосрочные;6 месяцев;4. ОГЗ Долгосрочные;6 месяцев;4. ОГЗ Долгосрочные;6 месяцев;4. ОГЗ Долгосрочные;6 месяцев;4. ОГЗ Долгосрочные;6 месяцев;4. ОГЗ Долгосрочные;6 месяцев;;;4. ОГЗ Долгосрочные;6 месяцев;;;4. ОГЗ Долгосрочные;6 месяцев;;;4. ОГЗ Долгосрочные;6 месяцев;4. ОГЗ Долгосрочные;6 месяцев;4. ОГЗ Долгосрочные;6 месяцев;;;4. ОГЗ Долгосрочные;6 месяцев;4. ОГЗ Долгосрочные;6 месяцев;4. ОГЗ Долгосрочные;6 месяцев;4. ОГЗ Долгосрочные;6 месяцев;4. ОГЗ Долгосрочные;6 месяцев;4. ОГЗ Долгосрочные;6 месяцев;4. ОГЗ Долгосрочные;6 месяцев;4. ОГЗ Долгосрочные;6 месяцев
37745795;https://alladin116.amocrm.ru/leads/detail/37745795;Коол Центр;Закрыто и не реализовано;28.04.2026;3. ОГЗ Упрощенное;Подготовлено КП;;;3. ОГЗ Упрощенное;Подготовлено КП;;;3. ОГЗ Упрощенное;Подготовлено КП;;;3. ОГЗ Упрощенное;Подготовлено КП;3. ОГЗ Упрощенное;Подготовлено КП;;;3. ОГЗ Упрощенное;Подготовлено КП;;;3. ОГЗ Упрощенное;Подготовлено КП;;;3. ОГЗ Упрощенное;Подготовлено КП;;;3. ОГЗ Упрощенное;Подготовлено КП;3. ОГЗ Упрощенное;Подготовлено КП;3. ОГЗ Упрощенное;Подготовлено КП;3. ОГЗ Упрощенное;Подготовлено КП;3. ОГЗ Упрощенное;Подготовлено КП;3. ОГЗ Упрощенное;Подготовлено КП;3. ОГЗ Упрощенное;Подготовлено КП;3. ОГЗ Упрощенное;Подготовлено КП;3. ОГЗ Упрощенное;Подготовлено КП;3. ОГЗ Упрощенное;Подготовлено КП;3. ОГЗ Упрощенное;Подготовлено КП;3. ОГЗ Упрощенное;Подготовлено КП;3. ОГЗ Упрощенное;Подготовлено КП;3. ОГЗ Упрощенное;Подготовлено КП;;;3. ОГЗ Упрощенное;Закрыто и не реализовано;;;;;;;;;;;;;;;;;3. ОГЗ Упрощенное;Получены материалы по проекту (в тч Договор);;;3. ОГЗ Упрощенное;Получены материалы по проекту (в тч Договор);;;3. ОГЗ Упрощенное;Получены материалы по проекту (в тч Договор);;;;
37745765;https://alladin116.amocrm.ru/leads/detail/37745765;Коол Центр;;28.04.2026;1. ОГЗ Квалификация;Недозвон;4. ОГЗ Долгосрочные;12+ месяцев;1. ОГЗ Квалификация;Недозвон;4. ОГЗ Долгосрочные;12+ месяцев;1. ОГЗ Квалификация;Недозвон;4. ОГЗ Долгосрочные;12+ месяцев;1. ОГЗ Квалификация;Недозвон;4. ОГЗ Долгосрочные;12+ месяцев;4. ОГЗ Долгосрочные;12+ месяцев;4. ОГЗ Долгосрочные;12+ месяцев;4. ОГЗ Долгосрочные;12+ месяцев;4. ОГЗ Долгосрочные;12+ месяцев;4. ОГЗ Долгосрочные;12+ месяцев;4. ОГЗ Долгосрочные;12+ месяцев;4. ОГЗ Долгосрочные;12+ месяцев;4. ОГЗ Долгосрочные;12+ месяцев;4. ОГЗ Долгосрочные;12+ месяцев;4. ОГЗ Долгосрочные;12+ месяцев;4. ОГЗ Долгосрочные;12+ месяцев;4. ОГЗ Долгосрочные;12+ месяцев;4. ОГЗ Долгосрочные;12+ месяцев;4. ОГЗ Долгосрочные;12+ месяцев;4. ОГЗ Долгосрочные;12+ месяцев;4. ОГЗ Долгосрочные;12+ месяцев;4. ОГЗ Долгосрочные;12+ месяцев;4. ОГЗ Долгосрочные;12+ месяцев;4. ОГЗ Долгосрочные;12+ месяцев;4. ОГЗ Долгосрочные;12+ месяцев;4. ОГЗ Долгосрочные;12+ месяцев;;;4. ОГЗ Долгосрочные;12+ месяцев;;;4. ОГЗ Долгосрочные;12+ месяцев;;;4. ОГЗ Долгосрочные;12+ месяцев;4. ОГЗ Долгосрочные;12+ месяцев;4. ОГЗ Долгосрочные;12+ месяцев;;;4. ОГЗ Долгосрочные;12+ месяцев;1. ОГЗ Квалификация;Недозвон;4. ОГЗ Долгосрочные;12+ месяцев;1. ОГЗ Квалификация;Недозвон;4. ОГЗ Долгосрочные;12+ месяцев;1. ОГЗ Квалификация;Недозвон;4. ОГЗ Долгосрочные;12+ месяцев;4. ОГЗ Долгосрочные;12+ месяцев
37745733;https://alladin116.amocrm.ru/leads/detail/37745733;Коол Центр;Закрыто и не реализовано;28.04.2026;;;;;;;;;;;;;;;;;;;;;;;;;;;;;;;;;;;;;;;;;;;;;;;;;;;;;;;;;;;;;;;;;;;;;;;;;;;;;;;1. ОГЗ Квалификация;Закрыто и не реализовано;;;;;;;;;;;;
37745723;https://alladin116.amocrm.ru/leads/detail/37745723;yandex;Закрыто и не реализовано;28.04.2026;;;;;;;;;;;;;;;;;;;;;;;;;;;;;;;;;;;;;;;;;;;;;;;;;;;;;;;;;;;;;;;;;;;;;;;;;;;;;;;1. ОГЗ Квалификация;Закрыто и не реализовано;;;;;;;;;;;;
37745693;https://alladin116.amocrm.ru/leads/detail/37745693;Коол Центр;Закрыто и не реализовано;28.04.2026;1. ОГЗ Квалификация;Контакт установлен;;;1. ОГЗ Квалификация;Контакт установлен;;;1. ОГЗ Квалификация;Контакт установлен;;;1. ОГЗ Квалификация;Контакт установлен;1. ОГЗ Квалификация;Контакт установлен;;;1. ОГЗ Квалификация;Контакт установлен;;;1. ОГЗ Квалификация;Контакт установлен;;;1. ОГЗ Квалификация;Закрыто и не реализовано;;;;;;;;;;;;;;;;;;;;;;;;;;;;;;;;;;;;;;;;;;;;;;;;;;;1. ОГЗ Квалификация;Контакт установлен;;;1. ОГЗ Квалификация;Контакт установлен;;;1. ОГЗ Квалификация;Контакт установлен;;;;
37745677;https://alladin116.amocrm.ru/leads/detail/37745677;Коол Центр;Закрыто и не реализовано;28.04.2026;1. ОГЗ Квалификация;Недозвон;;;1. ОГЗ Квалификация;Недозвон;;;1. ОГЗ Квалификация;Недозвон;;;3. ОГЗ Упрощенное;Подготовлено КП;3. ОГЗ Упрощенное;Подготовлено КП;;;3. ОГЗ Упрощенное;Подготовлено КП;;;3. ОГЗ Упрощенное;Подготовлено КП;;;3. ОГЗ Упрощенное;Подготовлено КП;;;3. ОГЗ Упрощенное;Подготовлено КП;3. ОГЗ Упрощенное;Подготовлено КП;3. ОГЗ Упрощенное;Подготовлено КП;3. ОГЗ Упрощенное;Подготовлено КП;3. ОГЗ Упрощенное;Подготовлено КП;3. ОГЗ Упрощенное;Подготовлено КП;3. ОГЗ Упрощенное;Подготовлено КП;3. ОГЗ Упрощенное;Подготовлено КП;3. ОГЗ Упрощенное;Подготовлено КП;3. ОГЗ Упрощенное;Подготовлено КП;3. ОГЗ Упрощенное;Подготовлено КП;3. ОГЗ Упрощенное;Подготовлено КП;3. ОГЗ Упрощенное;Подготовлено КП;3. ОГЗ Упрощенное;Подготовлено КП;;;3. ОГЗ Упрощенное;Подготовлено КП;;;3. ОГЗ Упрощенное;Подготовлено КП;;;3. ОГЗ Упрощенное;Подготовлено КП;3. ОГЗ Упрощенное;Подготовлено КП;3. ОГЗ Упрощенное;Подготовлено КП;;;3. ОГЗ Упрощенное;Закрыто и не реализовано;1. ОГЗ Квалификация;Недозвон;;;1. ОГЗ Квалификация;Недозвон;;;1. ОГЗ Квалификация;Недозвон;;;;
37745659;https://alladin116.amocrm.ru/leads/detail/37745659;Коол Центр;;28.04.2026;3. ОГЗ Упрощенное;Назначена дата презентации КП и запрошены материалы;4. ОГЗ Долгосрочные;12+ месяцев;3. ОГЗ Упрощенное;Назначена дата презентации КП и запрошены материалы;4. ОГЗ Долгосрочные;12+ месяцев;3. ОГЗ Упрощенное;Назначена дата презентации КП и запрошены материалы;4. ОГЗ Долгосрочные;12+ месяцев;3. ОГЗ Упрощенное;Подготовлено КП;3. ОГЗ Упрощенное;Подготовлено КП;4. ОГЗ Долгосрочные;12+ месяцев;3. ОГЗ Упрощенное;Подготовлено КП;4. ОГЗ Долгосрочные;12+ месяцев;3. ОГЗ Упрощенное;Подготовлено КП;4. ОГЗ Долгосрочные;12+ месяцев;3. ОГЗ Упрощенное;Подготовлено КП;4. ОГЗ Долгосрочные;12+ месяцев;3. ОГЗ Упрощенное;Подготовлено КП;3. ОГЗ Упрощенное;Подготовлено КП;3. ОГЗ Упрощенное;Подготовлено КП;3. ОГЗ Упрощенное;Подготовлено КП;3. ОГЗ Упрощенное;Подготовлено КП;4. ОГЗ Долгосрочные;12+ месяцев;4. ОГЗ Долгосрочные;12+ месяцев;4. ОГЗ Долгосрочные;12+ месяцев;4. ОГЗ Долгосрочные;12+ месяцев;4. ОГЗ Долгосрочные;12+ месяцев;4. ОГЗ Долгосрочные;12+ месяцев;4. ОГЗ Долгосрочные;12+ месяцев;4. ОГЗ Долгосрочные;12+ месяцев;4. ОГЗ Долгосрочные;12+ месяцев;;;4. ОГЗ Долгосрочные;12+ месяцев;;;4. ОГЗ Долгосрочные;12+ месяцев;;;4. ОГЗ Долгосрочные;12+ месяцев;4. ОГЗ Долгосрочные;12+ месяцев;4. ОГЗ Долгосрочные;12+ месяцев;;;4. ОГЗ Долгосрочные;12+ месяцев;3. ОГЗ Упрощенное;Назначена дата презентации КП и запрошены материалы;4. ОГЗ Долгосрочные;12+ месяцев;3. ОГЗ Упрощенное;Назначена дата презентации КП и запрошены материалы;4. ОГЗ Долгосрочные;12+ месяцев;3. ОГЗ Упрощенное;Назначена дата презентации КП и запрошены материалы;4. ОГЗ Долгосрочные;12+ месяцев;4. ОГЗ Долгосрочные;12+ месяцев
37745655;https://alladin116.amocrm.ru/leads/detail/37745655;Коол Центр;Закрыто и не реализовано;28.04.2026;3. ОГЗ Упрощенное;Назначена дата презентации КП и запрошены материалы;;;3. ОГЗ Упрощенное;Назначена дата презентации КП и запрошены материалы;;;3. ОГЗ Упрощенное;Назначена дата презентации КП и запрошены материалы;;;3. ОГЗ Упрощенное;Назначена дата презентации КП и запрошены материалы;3. ОГЗ Упрощенное;Закрыто и не реализовано;;;;;;;;;;;;;;;;;;;;;;;;;;;;;;;;;;;;;;;;;;;;;;;;;;;;;;;;;;;;;;;3. ОГЗ Упрощенное;Назначена дата презентации КП и запрошены материалы;;;3. ОГЗ Упрощенное;Назначена дата презентации КП и запрошены материалы;;;3. ОГЗ Упрощенное;Назначена дата презентации КП и запрошены материалы;;;;
37745647;https://alladin116.amocrm.ru/leads/detail/37745647;Коол Центр;;28.04.2026;4. ОГЗ Долгосрочные;6 месяцев;4. ОГЗ Долгосрочные;6 месяцев;4. ОГЗ Долгосрочные;6 месяцев;4. ОГЗ Долгосрочные;6 месяцев;4. ОГЗ Долгосрочные;6 месяцев;4. ОГЗ Долгосрочные;6 месяцев;4. ОГЗ Долгосрочные;6 месяцев;4. ОГЗ Долгосрочные;6 месяцев;4. ОГЗ Долгосрочные;6 месяцев;4. ОГЗ Долгосрочные;6 месяцев;4. ОГЗ Долгосрочные;6 месяцев;4. ОГЗ Долгосрочные;6 месяцев;4. ОГЗ Долгосрочные;6 месяцев;4. ОГЗ Долгосрочные;6 месяцев;4. ОГЗ Долгосрочные;6 месяцев;4. ОГЗ Долгосрочные;6 месяцев;4. ОГЗ Долгосрочные;6 месяцев;4. ОГЗ Долгосрочные;6 месяцев;4. ОГЗ Долгосрочные;6 месяцев;4. ОГЗ Долгосрочные;6 месяцев;4. ОГЗ Долгосрочные;6 месяцев;4. ОГЗ Долгосрочные;6 месяцев;4. ОГЗ Долгосрочные;6 месяцев;4. ОГЗ Долгосрочные;6 месяцев;4. ОГЗ Долгосрочные;6 месяцев;4. ОГЗ Долгосрочные;6 месяцев;4. ОГЗ Долгосрочные;6 месяцев;4. ОГЗ Долгосрочные;6 месяцев;4. ОГЗ Долгосрочные;6 месяцев;;;4. ОГЗ Долгосрочные;6 месяцев;;;4. ОГЗ Долгосрочные;6 месяцев;;;4. ОГЗ Долгосрочные;6 месяцев;4. ОГЗ Долгосрочные;6 месяцев;4. ОГЗ Долгосрочные;6 месяцев;;;4. ОГЗ Долгосрочные;6 месяцев;4. ОГЗ Долгосрочные;6 месяцев;4. ОГЗ Долгосрочные;6 месяцев;4. ОГЗ Долгосрочные;6 месяцев;4. ОГЗ Долгосрочные;6 месяцев;4. ОГЗ Долгосрочные;6 месяцев;4. ОГЗ Долгосрочные;6 месяцев;4. ОГЗ Долгосрочные;6 месяцев
37745643;https://alladin116.amocrm.ru/leads/detail/37745643;Коол Центр;Закрыто и не реализовано;28.04.2026;;;;;;;;;;;;;;;;;;;;;;;;;;;;;;;;;;;;;;;;;;;;;;;;;;;;;;;;;;;;;;;;;;;;;;;;;;;;;;;1. ОГЗ Квалификация;Закрыто и не реализовано;;;;;;;;;;;;
37745631;https://alladin116.amocrm.ru/leads/detail/37745631;Коол Центр;Закрыто и не реализовано;28.04.2026;;;;;;;;;;;;;;;;;;;;;;;;;;;;;;;;;;;;;;;;;;;;;;;;;;;;;;;;;;;;;;;;;;;;;;;;;;;;;;;1. ОГЗ Квалификация;Закрыто и не реализовано;;;;;;;;;;;;
37745627;https://alladin116.amocrm.ru/leads/detail/37745627;Коол Центр;Закрыто и не реализовано;28.04.2026;1. ОГЗ Квалификация;Недозвон;;;1. ОГЗ Квалификация;Недозвон;;;1. ОГЗ Квалификация;Недозвон;;;1. ОГЗ Квалификация;Недозвон;1. ОГЗ Квалификация;Закрыто и не реализовано;;;;;;;;;;;;;;;;;;;;;;;;;;;;;;;;;;;;;;;;;;;;;;;;;;;;;;;;;;;;;;;1. ОГЗ Квалификация;Недозвон;;;1. ОГЗ Квалификация;Недозвон;;;1. ОГЗ Квалификация;Недозвон;;;;
37746027;https://alladin116.amocrm.ru/leads/detail/37746027;;;29.04.2026;1. ОГЗ Квалификация;Недозвон;4. ОГЗ Долгосрочные;9 месяцев;1. ОГЗ Квалификация;Недозвон;4. ОГЗ Долгосрочные;9 месяцев;1. ОГЗ Квалификация;Недозвон;4. ОГЗ Долгосрочные;9 месяцев;1. ОГЗ Квалификация;Недозвон;4. ОГЗ Долгосрочные;9 месяцев;4. ОГЗ Долгосрочные;9 месяцев;4. ОГЗ Долгосрочные;9 месяцев;4. ОГЗ Долгосрочные;9 месяцев;4. ОГЗ Долгосрочные;9 месяцев;4. ОГЗ Долгосрочные;9 месяцев;4. ОГЗ Долгосрочные;9 месяцев;4. ОГЗ Долгосрочные;9 месяцев;4. ОГЗ Долгосрочные;9 месяцев;4. ОГЗ Долгосрочные;9 месяцев;4. ОГЗ Долгосрочные;9 месяцев;4. ОГЗ Долгосрочные;9 месяцев;4. ОГЗ Долгосрочные;9 месяцев;4. ОГЗ Долгосрочные;9 месяцев;4. ОГЗ Долгосрочные;9 месяцев;4. ОГЗ Долгосрочные;9 месяцев;4. ОГЗ Долгосрочные;9 месяцев;4. ОГЗ Долгосрочные;9 месяцев;4. ОГЗ Долгосрочные;9 месяцев;4. ОГЗ Долгосрочные;9 месяцев;4. ОГЗ Долгосрочные;9 месяцев;4. ОГЗ Долгосрочные;9 месяцев;;;4. ОГЗ Долгосрочные;9 месяцев;;;4. ОГЗ Долгосрочные;9 месяцев;;;4. ОГЗ Долгосрочные;9 месяцев;4. ОГЗ Долгосрочные;9 месяцев;4. ОГЗ Долгосрочные;9 месяцев;;;4. ОГЗ Долгосрочные;9 месяцев;1. ОГЗ Квалификация;Недозвон;4. ОГЗ Долгосрочные;9 месяцев;1. ОГЗ Квалификация;Недозвон;4. ОГЗ Долгосрочные;9 месяцев;1. ОГЗ Квалификация;Недозвон;4. ОГЗ Долгосрочные;9 месяцев;4. ОГЗ Долгосрочные;9 месяцев
37746057;https://alladin116.amocrm.ru/leads/detail/37746057;;Закрыто и не реализовано;29.04.2026;1. ОГЗ Квалификация;Новый лид;;;1. ОГЗ Квалификация;Новый лид;;;1. ОГЗ Квалификация;Новый лид;;;1. ОГЗ Квалификация;Закрыто и не реализовано;;;;;;;;;;;;;;;;;;;;;;;;;;;;;;;;;;;;;;;;;;;;;;;;;;;;;;;;;;;;;;;;;1. ОГЗ Квалификация;Новый лид;;;1. ОГЗ Квалификация;Новый лид;;;1. ОГЗ Квалификация;Новый лид;;;;
37746069;https://alladin116.amocrm.ru/leads/detail/37746069;;;29.04.2026;1. ОГЗ Квалификация;Новый лид;3. ОГЗ Упрощенное;Назначена дата презентации КП и запрошены материалы;1. ОГЗ Квалификация;Новый лид;3. ОГЗ Упрощенное;Назначена дата презентации КП и запрошены материалы;1. ОГЗ Квалификация;Новый лид;3. ОГЗ Упрощенное;Назначена дата презентации КП и запрошены материалы;3. ОГЗ Упрощенное;Назначена дата презентации КП и запрошены материалы;3. ОГЗ Упрощенное;Назначена дата презентации КП и запрошены материалы;3. ОГЗ Упрощенное;Назначена дата презентации КП и запрошены материалы;3. ОГЗ Упрощенное;Назначена дата презентации КП и запрошены материалы;3. ОГЗ Упрощенное;Назначена дата презентации КП и запрошены материалы;3. ОГЗ Упрощенное;Назначена дата презентации КП и запрошены материалы;3. ОГЗ Упрощенное;Назначена дата презентации КП и запрошены материалы;3. ОГЗ Упрощенное;Назначена дата презентации КП и запрошены материалы;3. ОГЗ Упрощенное;Назначена дата презентации КП и запрошены материалы;3. ОГЗ Упрощенное;Назначена дата презентации КП и запрошены материалы;3. ОГЗ Упрощенное;Назначена дата презентации КП и запрошены материалы;3. ОГЗ Упрощенное;Назначена дата презентации КП и запрошены материалы;3. ОГЗ Упрощенное;Назначена дата презентации КП и запрошены материалы;3. ОГЗ Упрощенное;Назначена дата презентации КП и запрошены материалы;3. ОГЗ Упрощенное;Назначена дата презентации КП и запрошены материалы;3. ОГЗ Упрощенное;Назначена дата презентации КП и запрошены материалы;3. ОГЗ Упрощенное;Назначена дата презентации КП и запрошены материалы;3. ОГЗ Упрощенное;Назначена дата презентации КП и запрошены материалы;3. ОГЗ Упрощенное;Назначена дата презентации КП и запрошены материалы;3. ОГЗ Упрощенное;Назначена дата презентации КП и запрошены материалы;3. ОГЗ Упрощенное;Назначена дата презентации КП и запрошены материалы;3. ОГЗ Упрощенное;Назначена дата презентации КП и запрошены материалы;3. ОГЗ Упрощенное;Назначена дата презентации КП и запрошены материалы;;;3. ОГЗ Упрощенное;Назначена дата презентации КП и запрошены материалы;;;3. ОГЗ Упрощенное;Назначена дата презентации КП и запрошены материалы;;;3. ОГЗ Упрощенное;Назначена дата презентации КП и запрошены материалы;3. ОГЗ Упрощенное;Назначена дата презентации КП и запрошены материалы;3. ОГЗ Упрощенное;Назначена дата презентации КП и запрошены материалы;;;3. ОГЗ Упрощенное;Назначена дата презентации КП и запрошены материалы;1. ОГЗ Квалификация;Новый лид;3. ОГЗ Упрощенное;Назначена дата презентации КП и запрошены материалы;1. ОГЗ Квалификация;Новый лид;3. ОГЗ Упрощенное;Назначена дата презентации КП и запрошены материалы;1. ОГЗ Квалификация;Новый лид;3. ОГЗ Упрощенное;Назначена дата презентации КП и запрошены материалы;3. ОГЗ Упрощенное;Назначена дата презентации КП и запрошены материалы
37746105;https://alladin116.amocrm.ru/leads/detail/37746105;;;29.04.2026;4. ОГЗ Долгосрочные;3 месяца;4. ОГЗ Долгосрочные;3 месяца;4. ОГЗ Долгосрочные;3 месяца;4. ОГЗ Долгосрочные;3 месяца;4. ОГЗ Долгосрочные;3 месяца;4. ОГЗ Долгосрочные;3 месяца;4. ОГЗ Долгосрочные;3 месяца;4. ОГЗ Долгосрочные;3 месяца;4. ОГЗ Долгосрочные;3 месяца;4. ОГЗ Долгосрочные;3 месяца;4. ОГЗ Долгосрочные;3 месяца;4. ОГЗ Долгосрочные;3 месяца;4. ОГЗ Долгосрочные;3 месяца;4. ОГЗ Долгосрочные;3 месяца;4. ОГЗ Долгосрочные;3 месяца;4. ОГЗ Долгосрочные;3 месяца;4. ОГЗ Долгосрочные;3 месяца;4. ОГЗ Долгосрочные;3 месяца;4. ОГЗ Долгосрочные;3 месяца;4. ОГЗ Долгосрочные;3 месяца;4. ОГЗ Долгосрочные;3 месяца;4. ОГЗ Долгосрочные;3 месяца;4. ОГЗ Долгосрочные;3 месяца;4. ОГЗ Долгосрочные;3 месяца;4. ОГЗ Долгосрочные;3 месяца;4. ОГЗ Долгосрочные;3 месяца;4. ОГЗ Долгосрочные;3 месяца;4. ОГЗ Долгосрочные;3 месяца;4. ОГЗ Долгосрочные;3 месяца;;;4. ОГЗ Долгосрочные;3 месяца;;;4. ОГЗ Долгосрочные;3 месяца;;;4. ОГЗ Долгосрочные;3 месяца;4. ОГЗ Долгосрочные;3 месяца;4. ОГЗ Долгосрочные;3 месяца;;;4. ОГЗ Долгосрочные;3 месяца;4. ОГЗ Долгосрочные;3 месяца;4. ОГЗ Долгосрочные;3 месяца;4. ОГЗ Долгосрочные;3 месяца;4. ОГЗ Долгосрочные;3 месяца;4. ОГЗ Долгосрочные;3 месяца;4. ОГЗ Долгосрочные;3 месяца;4. ОГЗ Долгосрочные;3 месяца
37746113;https://alladin116.amocrm.ru/leads/detail/37746113;;Закрыто и не реализовано;29.04.2026;1. ОГЗ Квалификация;Недозвон;;;1. ОГЗ Квалификация;Недозвон;;;1. ОГЗ Квалификация;Недозвон;;;1. ОГЗ Квалификация;Закрыто и не реализовано;;;;;;;;;;;;;;;;;;;;;;;;;;;;;;;;;;;;;;;;;;;;;;;;;;;;;;;;;;;;;;;;;1. ОГЗ Квалификация;Недозвон;;;1. ОГЗ Квалификация;Недозвон;;;1. ОГЗ Квалификация;Недозвон;;;;
37746117;https://alladin116.amocrm.ru/leads/detail/37746117;;Закрыто и не реализовано;29.04.2026;1. ОГЗ Квалификация;Новый лид;;;1. ОГЗ Квалификация;Новый лид;;;1. ОГЗ Квалификация;Новый лид;;;1. ОГЗ Квалификация;Закрыто и не реализовано;;;;;;;;;;;;;;;;;;;;;;;;;;;;;;;;;;;;;;;;;;;;;;;;;;;;;;;;;;;;;;;;;1. ОГЗ Квалификация;Новый лид;;;1. ОГЗ Квалификация;Новый лид;;;1. ОГЗ Квалификация;Новый лид;;;;
37746125;https://alladin116.amocrm.ru/leads/detail/37746125;;Закрыто и не реализовано;29.04.2026;1. ОГЗ Квалификация;Недозвон;;;1. ОГЗ Квалификация;Недозвон;;;1. ОГЗ Квалификация;Недозвон;;;1. ОГЗ Квалификация;Недозвон;1. ОГЗ Квалификация;Закрыто и не реализовано;;;;;;;;;;;;;;;;;;;;;;;;;;;;;;;;;;;;;;;;;;;;;;;;;;;;;;;;;;;;;;;1. ОГЗ Квалификация;Недозвон;;;1. ОГЗ Квалификация;Недозвон;;;1. ОГЗ Квалификация;Недозвон;;;;
37746135;https://alladin116.amocrm.ru/leads/detail/37746135;;Закрыто и не реализовано;29.04.2026;1. ОГЗ Квалификация;Новый лид;;;1. ОГЗ Квалификация;Новый лид;;;1. ОГЗ Квалификация;Новый лид;;;1. ОГЗ Квалификация;Закрыто и не реализовано;;;;;;;;;;;;;;;;;;;;;;;;;;;;;;;;;;;;;;;;;;;;;;;;;;;;;;;;;;;;;;;;;1. ОГЗ Квалификация;Новый лид;;;1. ОГЗ Квалификация;Новый лид;;;1. ОГЗ Квалификация;Новый лид;;;;
37746139;https://alladin116.amocrm.ru/leads/detail/37746139;;Закрыто и не реализовано;29.04.2026;3. ОГЗ Упрощенное;Подготовлено КП;;;3. ОГЗ Упрощенное;Подготовлено КП;;;3. ОГЗ Упрощенное;Подготовлено КП;;;3. ОГЗ Упрощенное;Подготовлено КП;3. ОГЗ Упрощенное;Подготовлено КП;;;3. ОГЗ Упрощенное;Подготовлено КП;;;3. ОГЗ Упрощенное;Подготовлено КП;;;3. ОГЗ Упрощенное;Подготовлено КП;;;3. ОГЗ Упрощенное;Подготовлено КП;3. ОГЗ Упрощенное;Подготовлено КП;3. ОГЗ Упрощенное;Подготовлено КП;3. ОГЗ Упрощенное;Подготовлено КП;3. ОГЗ Упрощенное;Подготовлено КП;3. ОГЗ Упрощенное;Подготовлено КП;3. ОГЗ Упрощенное;Подготовлено КП;3. ОГЗ Упрощенное;Подготовлено КП;3. ОГЗ Упрощенное;Подготовлено КП;3. ОГЗ Упрощенное;Подготовлено КП;3. ОГЗ Упрощенное;Подготовлено КП;3. ОГЗ Упрощенное;Подготовлено КП;3. ОГЗ Упрощенное;Подготовлено КП;3. ОГЗ Упрощенное;Подготовлено КП;;;3. ОГЗ Упрощенное;Подготовлено КП;;;3. ОГЗ Упрощенное;Подготовлено КП;;;3. ОГЗ Упрощенное;Подготовлено КП;3. ОГЗ Упрощенное;Закрыто и не реализовано;;;;;;;3. ОГЗ Упрощенное;Рассчитана БО;;;3. ОГЗ Упрощенное;Рассчитана БО;;;3. ОГЗ Упрощенное;Подготовлено КП;;;;
37746143;https://alladin116.amocrm.ru/leads/detail/37746143;;Закрыто и не реализовано;29.04.2026;1. ОГЗ Квалификация;Новый лид;;;1. ОГЗ Квалификация;Новый лид;;;1. ОГЗ Квалификация;Новый лид;;;1. ОГЗ Квалификация;Закрыто и не реализовано;;;;;;;;;;;;;;;;;;;;;;;;;;;;;;;;;;;;;;;;;;;;;;;;;;;;;;;;;;;;;;;;;1. ОГЗ Квалификация;Новый лид;;;1. ОГЗ Квалификация;Новый лид;;;1. ОГЗ Квалификация;Новый лид;;;;
37746153;https://alladin116.amocrm.ru/leads/detail/37746153;;Закрыто и не реализовано;29.04.2026;1. ОГЗ Квалификация;Недозвон;4. ОГЗ Долгосрочные;9 месяцев;1. ОГЗ Квалификация;Недозвон;4. ОГЗ Долгосрочные;9 месяцев;1. ОГЗ Квалификация;Недозвон;4. ОГЗ Долгосрочные;9 месяцев;4. ОГЗ Долгосрочные;9 месяцев;4. ОГЗ Долгосрочные;9 месяцев;4. ОГЗ Долгосрочные;Закрыто и не реализовано;4. ОГЗ Долгосрочные;9 месяцев;;;4. ОГЗ Долгосрочные;9 месяцев;;;4. ОГЗ Долгосрочные;9 месяцев;;;4. ОГЗ Долгосрочные;9 месяцев;4. ОГЗ Долгосрочные;9 месяцев;4. ОГЗ Долгосрочные;9 месяцев;4. ОГЗ Долгосрочные;9 месяцев;4. ОГЗ Долгосрочные;9 месяцев;4. ОГЗ Долгосрочные;9 месяцев;4. ОГЗ Долгосрочные;9 месяцев;4. ОГЗ Долгосрочные;9 месяцев;4. ОГЗ Долгосрочные;9 месяцев;4. ОГЗ Долгосрочные;9 месяцев;4. ОГЗ Долгосрочные;9 месяцев;4. ОГЗ Долгосрочные;9 месяцев;4. ОГЗ Долгосрочные;9 месяцев;4. ОГЗ Долгосрочные;9 месяцев;;;4. ОГЗ Долгосрочные;9 месяцев;;;4. ОГЗ Долгосрочные;9 месяцев;;;4. ОГЗ Долгосрочные;9 месяцев;4. ОГЗ Долгосрочные;9 месяцев;4. ОГЗ Долгосрочные;9 месяцев;;;4. ОГЗ Долгосрочные;9 месяцев;1. ОГЗ Квалификация;Недозвон;4. ОГЗ Долгосрочные;9 месяцев;1. ОГЗ Квалификация;Недозвон;4. ОГЗ Долгосрочные;9 месяцев;1. ОГЗ Квалификация;Недозвон;4. ОГЗ Долгосрочные;9 месяцев;4. ОГЗ Долгосрочные;9 месяцев
37746159;https://alladin116.amocrm.ru/leads/detail/37746159;;Закрыто и не реализовано;29.04.2026;1. ОГЗ Квалификация;Новый лид;;;1. ОГЗ Квалификация;Новый лид;;;1. ОГЗ Квалификация;Новый лид;;;1. ОГЗ Квалификация;Закрыто и не реализовано;;;;;;;;;;;;;;;;;;;;;;;;;;;;;;;;;;;;;;;;;;;;;;;;;;;;;;;;;;;;;;;;;1. ОГЗ Квалификация;Новый лид;;;1. ОГЗ Квалификация;Новый лид;;;1. ОГЗ Квалификация;Новый лид;;;;
37746167;https://alladin116.amocrm.ru/leads/detail/37746167;;Закрыто и не реализовано;29.04.2026;1. ОГЗ Квалификация;Контакт установлен;;;1. ОГЗ Квалификация;Контакт установлен;;;1. ОГЗ Квалификация;Контакт установлен;;;1. ОГЗ Квалификация;Закрыто и не реализовано;;;;;;;;;;;;;;;;;;;;;;;;;;;;;;;;;;;;;;;;;;;;;;;;;;;;;;;;;;;;;;;;;1. ОГЗ Квалификация;Контакт установлен;;;1. ОГЗ Квалификация;Контакт установлен;;;1. ОГЗ Квалификация;Контакт установлен;;;;
37746187;https://alladin116.amocrm.ru/leads/detail/37746187;;Закрыто и не реализовано;29.04.2026;1. ОГЗ Квалификация;Недозвон;;;1. ОГЗ Квалификация;Недозвон;;;1. ОГЗ Квалификация;Недозвон;;;1. ОГЗ Квалификация;Недозвон;1. ОГЗ Квалификация;Закрыто и не реализовано;;;;;;;;;;;;;;;;;;;;;;;;;;;;;;;;;;;;;;;;;;;;;;;;;;;;;;;;;;;;;;;1. ОГЗ Квалификация;Недозвон;;;1. ОГЗ Квалификация;Недозвон;;;1. ОГЗ Квалификация;Недозвон;;;;
37746205;https://alladin116.amocrm.ru/leads/detail/37746205;;Закрыто и не реализовано;29.04.2026;;;;;;;;;;;;;;;;;;;;;;;;;;;;;;;;;;;;;;;;;;;;;;;;;;;;;;;;;;;;;;;;;;;;;;;;;;;;;;;1. ОГЗ Квалификация;Закрыто и не реализовано;;;1. ОГЗ Квалификация;Новый лид;;;;;;;;
37746239;https://alladin116.amocrm.ru/leads/detail/37746239;;Закрыто и не реализовано;29.04.2026;1. ОГЗ Квалификация;Новый лид;;;1. ОГЗ Квалификация;Новый лид;;;1. ОГЗ Квалификация;Новый лид;;;1. ОГЗ Квалификация;Закрыто и не реализовано;;;;;;;;;;;;;;;;;;;;;;;;;;;;;;;;;;;;;;;;;;;;;;;;;;;;;;;;;;;;;;;;;;;;;1. ОГЗ Квалификация;Новый лид;;;1. ОГЗ Квалификация;Новый лид;;;;
37746263;https://alladin116.amocrm.ru/leads/detail/37746263;;Закрыто и не реализовано;29.04.2026;1. ОГЗ Квалификация;Новый лид;;;1. ОГЗ Квалификация;Новый лид;;;1. ОГЗ Квалификация;Новый лид;;;1. ОГЗ Квалификация;Закрыто и не реализовано;;;;;;;;;;;;;;;;;;;;;;;;;;;;;;;;;;;;;;;;;;;;;;;;;;;;;;;;;;;;;;;;;;;;;1. ОГЗ Квалификация;Новый лид;;;1. ОГЗ Квалификация;Новый лид;;;;
37746303;https://alladin116.amocrm.ru/leads/detail/37746303;;Закрыто и не реализовано;29.04.2026;1. ОГЗ Квалификация;Новый лид;;;1. ОГЗ Квалификация;Новый лид;;;1. ОГЗ Квалификация;Новый лид;;;1. ОГЗ Квалификация;Закрыто и не реализовано;;;;;;;;;;;;;;;;;;;;;;;;;;;;;;;;;;;;;;;;;;;;;;;;;;;;;;;;;;;;;;;;;;;;;1. ОГЗ Квалификация;Новый лид;;;1. ОГЗ Квалификация;Новый лид;;;;
37746313;https://alladin116.amocrm.ru/leads/detail/37746313;;;29.04.2026;1. ОГЗ Квалификация;Новый лид;4. ОГЗ Долгосрочные;6 месяцев;1. ОГЗ Квалификация;Новый лид;4. ОГЗ Долгосрочные;6 месяцев;1. ОГЗ Квалификация;Новый лид;4. ОГЗ Долгосрочные;6 месяцев;1. ОГЗ Квалификация;Недозвон;4. ОГЗ Долгосрочные;6 месяцев;4. ОГЗ Долгосрочные;6 месяцев;4. ОГЗ Долгосрочные;6 месяцев;4. ОГЗ Долгосрочные;6 месяцев;4. ОГЗ Долгосрочные;6 месяцев;4. ОГЗ Долгосрочные;6 месяцев;4. ОГЗ Долгосрочные;6 месяцев;4. ОГЗ Долгосрочные;6 месяцев;4. ОГЗ Долгосрочные;6 месяцев;4. ОГЗ Долгосрочные;6 месяцев;4. ОГЗ Долгосрочные;6 месяцев;4. ОГЗ Долгосрочные;6 месяцев;4. ОГЗ Долгосрочные;6 месяцев;4. ОГЗ Долгосрочные;6 месяцев;4. ОГЗ Долгосрочные;6 месяцев;4. ОГЗ Долгосрочные;6 месяцев;4. ОГЗ Долгосрочные;6 месяцев;4. ОГЗ Долгосрочные;6 месяцев;4. ОГЗ Долгосрочные;6 месяцев;4. ОГЗ Долгосрочные;6 месяцев;4. ОГЗ Долгосрочные;6 месяцев;4. ОГЗ Долгосрочные;6 месяцев;;;4. ОГЗ Долгосрочные;6 месяцев;;;4. ОГЗ Долгосрочные;6 месяцев;;;4. ОГЗ Долгосрочные;6 месяцев;4. ОГЗ Долгосрочные;6 месяцев;4. ОГЗ Долгосрочные;6 месяцев;;;4. ОГЗ Долгосрочные;6 месяцев;;;4. ОГЗ Долгосрочные;6 месяцев;1. ОГЗ Квалификация;Новый лид;4. ОГЗ Долгосрочные;6 месяцев;1. ОГЗ Квалификация;Новый лид;4. ОГЗ Долгосрочные;6 месяцев;4. ОГЗ Долгосрочные;6 месяцев
37746317;https://alladin116.amocrm.ru/leads/detail/37746317;;Закрыто и не реализовано;29.04.2026;;;;;;;;;;;;;;;;;;;;;;;;;;;;;;;;;;;;;;;;;;;;;;;;;;;;;;;;;;;;;;;;;;;;;;;;;;;;;;;;;;;1. ОГЗ Квалификация;Закрыто и не реализовано;;;;;;;;
37746331;https://alladin116.amocrm.ru/leads/detail/37746331;;Закрыто и не реализовано;29.04.2026;1. ОГЗ Квалификация;Новый лид;;;1. ОГЗ Квалификация;Новый лид;;;1. ОГЗ Квалификация;Новый лид;;;1. ОГЗ Квалификация;Закрыто и не реализовано;;;;;;;;;;;;;;;;;;;;;;;;;;;;;;;;;;;;;;;;;;;;;;;;;;;;;;;;;;;;;;;;;;;;;1. ОГЗ Квалификация;Новый лид;;;1. ОГЗ Квалификация;Новый лид;;;;
37746489;https://alladin116.amocrm.ru/leads/detail/37746489;;;30.04.2026;4. ОГЗ Долгосрочные;3 месяца;4. ОГЗ Долгосрочные;3 месяца;4. ОГЗ Долгосрочные;3 месяца;4. ОГЗ Долгосрочные;3 месяца;4. ОГЗ Долгосрочные;3 месяца;4. ОГЗ Долгосрочные;3 месяца;4. ОГЗ Долгосрочные;3 месяца;4. ОГЗ Долгосрочные;3 месяца;4. ОГЗ Долгосрочные;3 месяца;4. ОГЗ Долгосрочные;3 месяца;4. ОГЗ Долгосрочные;3 месяца;4. ОГЗ Долгосрочные;3 месяца;4. ОГЗ Долгосрочные;3 месяца;4. ОГЗ Долгосрочные;3 месяца;4. ОГЗ Долгосрочные;3 месяца;4. ОГЗ Долгосрочные;3 месяца;4. ОГЗ Долгосрочные;3 месяца;4. ОГЗ Долгосрочные;3 месяца;4. ОГЗ Долгосрочные;3 месяца;4. ОГЗ Долгосрочные;3 месяца;4. ОГЗ Долгосрочные;3 месяца;4. ОГЗ Долгосрочные;3 месяца;4. ОГЗ Долгосрочные;3 месяца;4. ОГЗ Долгосрочные;3 месяца;4. ОГЗ Долгосрочные;3 месяца;4. ОГЗ Долгосрочные;3 месяца;4. ОГЗ Долгосрочные;3 месяца;4. ОГЗ Долгосрочные;3 месяца;4. ОГЗ Долгосрочные;3 месяца;;;4. ОГЗ Долгосрочные;3 месяца;;;4. ОГЗ Долгосрочные;3 месяца;;;4. ОГЗ Долгосрочные;3 месяца;4. ОГЗ Долгосрочные;3 месяца;4. ОГЗ Долгосрочные;3 месяца;;;4. ОГЗ Долгосрочные;3 месяца;;;4. ОГЗ Долгосрочные;3 месяца;;;4. ОГЗ Долгосрочные;3 месяца;4. ОГЗ Долгосрочные;3 месяца;4. ОГЗ Долгосрочные;3 месяца;4. ОГЗ Долгосрочные;3 месяца
37746491;https://alladin116.amocrm.ru/leads/detail/37746491;;;30.04.2026;4. ОГЗ Долгосрочные;3 месяца;4. ОГЗ Долгосрочные;3 месяца;4. ОГЗ Долгосрочные;3 месяца;4. ОГЗ Долгосрочные;3 месяца;4. ОГЗ Долгосрочные;3 месяца;4. ОГЗ Долгосрочные;3 месяца;4. ОГЗ Долгосрочные;3 месяца;4. ОГЗ Долгосрочные;3 месяца;4. ОГЗ Долгосрочные;3 месяца;4. ОГЗ Долгосрочные;3 месяца;4. ОГЗ Долгосрочные;3 месяца;4. ОГЗ Долгосрочные;3 месяца;4. ОГЗ Долгосрочные;3 месяца;4. ОГЗ Долгосрочные;3 месяца;4. ОГЗ Долгосрочные;3 месяца;4. ОГЗ Долгосрочные;3 месяца;4. ОГЗ Долгосрочные;3 месяца;4. ОГЗ Долгосрочные;3 месяца;4. ОГЗ Долгосрочные;3 месяца;4. ОГЗ Долгосрочные;3 месяца;4. ОГЗ Долгосрочные;3 месяца;4. ОГЗ Долгосрочные;3 месяца;4. ОГЗ Долгосрочные;3 месяца;4. ОГЗ Долгосрочные;3 месяца;4. ОГЗ Долгосрочные;3 месяца;4. ОГЗ Долгосрочные;3 месяца;4. ОГЗ Долгосрочные;3 месяца;4. ОГЗ Долгосрочные;3 месяца;4. ОГЗ Долгосрочные;3 месяца;;;4. ОГЗ Долгосрочные;3 месяца;;;4. ОГЗ Долгосрочные;3 месяца;;;4. ОГЗ Долгосрочные;3 месяца;4. ОГЗ Долгосрочные;3 месяца;4. ОГЗ Долгосрочные;3 месяца;;;4. ОГЗ Долгосрочные;3 месяца;;;4. ОГЗ Долгосрочные;3 месяца;;;4. ОГЗ Долгосрочные;3 месяца;4. ОГЗ Долгосрочные;3 месяца;4. ОГЗ Долгосрочные;3 месяца;4. ОГЗ Долгосрочные;3 месяца
37746523;https://alladin116.amocrm.ru/leads/detail/37746523;;Закрыто и не реализовано;30.04.2026;1. ОГЗ Квалификация;Новый лид;;;1. ОГЗ Квалификация;Новый лид;;;1. ОГЗ Квалификация;Новый лид;;;1. ОГЗ Квалификация;Закрыто и не реализовано;;;;;;;;;;;;;;;;;;;;;;;;;;;;;;;;;;;;;;;;;;;;;;;;;;;;;;;;;;;;;;;;;;;;;;;;;1. ОГЗ Квалификация;Новый лид;;;;
37746531;https://alladin116.amocrm.ru/leads/detail/37746531;;Закрыто и не реализовано;30.04.2026;1. ОГЗ Квалификация;Новый лид;;;1. ОГЗ Квалификация;Новый лид;;;1. ОГЗ Квалификация;Новый лид;;;1. ОГЗ Квалификация;Закрыто и не реализовано;;;;;;;;;;;;;;;;;;;;;;;;;;;;;;;;;;;;;;;;;;;;;;;;;;;;;;;;;;;;;;;;;;;;;;;;;1. ОГЗ Квалификация;Новый лид;;;;
37746545;https://alladin116.amocrm.ru/leads/detail/37746545;;Закрыто и не реализовано;30.04.2026;1. ОГЗ Квалификация;Недозвон;;;1. ОГЗ Квалификация;Недозвон;;;1. ОГЗ Квалификация;Недозвон;;;4. ОГЗ Долгосрочные;Закрыто и не реализовано;;;;;;;;;;;;;;;;;;;;;;;;;;;;;;;;;;;;;;;;;;;;;;;;;;;;;;;;;;;;;;;;;;;;;;;;;1. ОГЗ Квалификация;Недозвон;;;;
37746557;https://alladin116.amocrm.ru/leads/detail/37746557;;Закрыто и не реализовано;30.04.2026;2. ОГЗ Фокусные;Подготовлено КП;;;2. ОГЗ Фокусные;Подготовлено КП;;;2. ОГЗ Фокусные;Подготовлено КП;;;2. ОГЗ Фокусные;Назначена дата презентации КП;2. ОГЗ Фокусные;Назначена дата презентации КП;;;2. ОГЗ Фокусные;Назначена дата презентации КП;;;2. ОГЗ Фокусные;Назначена дата презентации КП;;;2. ОГЗ Фокусные;Назначена дата презентации КП;;;2. ОГЗ Фокусные;Назначена дата презентации КП;2. ОГЗ Фокусные;Назначена дата презентации КП;2. ОГЗ Фокусные;Закрыто и не реализовано;;;;;;;;;;;;;;;;;;;;;;;;;;;;;;;;;;;;;;;;;;;;;;;;;;;2. ОГЗ Фокусные;Назначена дата презентации КП;;;;
37746577;https://alladin116.amocrm.ru/leads/detail/37746577;;;30.04.2026;Квалификация ОГЗ;Расчет БО готов;Квалификация ОГЗ;Презентация БО;Квалификация ОГЗ;Расчет БО готов;Квалификация ОГЗ;Презентация БО;Квалификация ОГЗ;Расчет БО готов;Квалификация ОГЗ;Презентация БО;Квалификация ОГЗ;Презентация БО;Квалификация ОГЗ;Презентация БО;Квалификация ОГЗ;Презентация БО;Квалификация ОГЗ;Презентация БО;Квалификация ОГЗ;Презентация БО;Квалификация ОГЗ;Презентация БО;Квалификация ОГЗ;Презентация БО;Квалификация ОГЗ;Презентация БО;Квалификация ОГЗ;Презентация БО;Квалификация ОГЗ;Презентация БО;Квалификация ОГЗ;Презентация БО;Квалификация ОГЗ;Презентация БО;Квалификация ОГЗ;Презентация БО;Квалификация ОГЗ;Презентация БО;Квалификация ОГЗ;Презентация БО;Квалификация ОГЗ;Презентация БО;Квалификация ОГЗ;Презентация БО;Квалификация ОГЗ;Презентация БО;Квалификация ОГЗ;Презентация БО;Квалификация ОГЗ;Презентация БО;Квалификация ОГЗ;Презентация БО;Квалификация ОГЗ;Презентация БО;Квалификация ОГЗ;Презентация БО;;;Квалификация ОГЗ;Презентация БО;;;Квалификация ОГЗ;Презентация БО;;;Квалификация ОГЗ;Презентация БО;Квалификация ОГЗ;Презентация БО;Квалификация ОГЗ;Презентация БО;;;Квалификация ОГЗ;Презентация БО;;;Квалификация ОГЗ;Презентация БО;;;Квалификация ОГЗ;Презентация БО;Квалификация ОГЗ;Расчет БО готов;Квалификация ОГЗ;Презентация БО;Квалификация ОГЗ;Презентация БО
37746583;https://alladin116.amocrm.ru/leads/detail/37746583;;;30.04.2026;1. ОГЗ Квалификация;Недозвон;4. ОГЗ Долгосрочные;6 месяцев;1. ОГЗ Квалификация;Недозвон;4. ОГЗ Долгосрочные;6 месяцев;1. ОГЗ Квалификация;Недозвон;4. ОГЗ Долгосрочные;6 месяцев;4. ОГЗ Долгосрочные;6 месяцев;4. ОГЗ Долгосрочные;6 месяцев;4. ОГЗ Долгосрочные;6 месяцев;4. ОГЗ Долгосрочные;6 месяцев;4. ОГЗ Долгосрочные;6 месяцев;4. ОГЗ Долгосрочные;6 месяцев;4. ОГЗ Долгосрочные;6 месяцев;4. ОГЗ Долгосрочные;6 месяцев;4. ОГЗ Долгосрочные;6 месяцев;4. ОГЗ Долгосрочные;6 месяцев;4. ОГЗ Долгосрочные;6 месяцев;4. ОГЗ Долгосрочные;6 месяцев;4. ОГЗ Долгосрочные;6 месяцев;4. ОГЗ Долгосрочные;6 месяцев;4. ОГЗ Долгосрочные;6 месяцев;4. ОГЗ Долгосрочные;6 месяцев;4. ОГЗ Долгосрочные;6 месяцев;4. ОГЗ Долгосрочные;6 месяцев;4. ОГЗ Долгосрочные;6 месяцев;4. ОГЗ Долгосрочные;6 месяцев;4. ОГЗ Долгосрочные;6 месяцев;4. ОГЗ Долгосрочные;6 месяцев;4. ОГЗ Долгосрочные;6 месяцев;;;4. ОГЗ Долгосрочные;6 месяцев;;;4. ОГЗ Долгосрочные;6 месяцев;;;4. ОГЗ Долгосрочные;6 месяцев;4. ОГЗ Долгосрочные;6 месяцев;4. ОГЗ Долгосрочные;6 месяцев;;;4. ОГЗ Долгосрочные;6 месяцев;;;4. ОГЗ Долгосрочные;6 месяцев;;;4. ОГЗ Долгосрочные;6 месяцев;1. ОГЗ Квалификация;Недозвон;4. ОГЗ Долгосрочные;6 месяцев;4. ОГЗ Долгосрочные;6 месяцев
37747513;https://alladin116.amocrm.ru/leads/detail/37747513;;;04.05.2026;;;4. ОГЗ Долгосрочные;12+ месяцев;;;4. ОГЗ Долгосрочные;12+ месяцев;;;4. ОГЗ Долгосрочные;12+ месяцев;4. ОГЗ Долгосрочные;12+ месяцев;4. ОГЗ Долгосрочные;12+ месяцев;4. ОГЗ Долгосрочные;12+ месяцев;4. ОГЗ Долгосрочные;12+ месяцев;4. ОГЗ Долгосрочные;12+ месяцев;4. ОГЗ Долгосрочные;12+ месяцев;4. ОГЗ Долгосрочные;12+ месяцев;4. ОГЗ Долгосрочные;12+ месяцев;4. ОГЗ Долгосрочные;12+ месяцев;4. ОГЗ Долгосрочные;12+ месяцев;4. ОГЗ Долгосрочные;12+ месяцев;4. ОГЗ Долгосрочные;12+ месяцев;4. ОГЗ Долгосрочные;12+ месяцев;4. ОГЗ Долгосрочные;12+ месяцев;4. ОГЗ Долгосрочные;12+ месяцев;4. ОГЗ Долгосрочные;12+ месяцев;4. ОГЗ Долгосрочные;12+ месяцев;4. ОГЗ Долгосрочные;12+ месяцев;4. ОГЗ Долгосрочные;12+ месяцев;4. ОГЗ Долгосрочные;12+ месяцев;4. ОГЗ Долгосрочные;12+ месяцев;4. ОГЗ Долгосрочные;12+ месяцев;4. ОГЗ Долгосрочные;12+ месяцев;;;4. ОГЗ Долгосрочные;12+ месяцев;;;4. ОГЗ Долгосрочные;12+ месяцев;;;4. ОГЗ Долгосрочные;12+ месяцев;4. ОГЗ Долгосрочные;12+ месяцев;4. ОГЗ Долгосрочные;12+ месяцев;;;4. ОГЗ Долгосрочные;12+ месяцев;;;4. ОГЗ Долгосрочные;12+ месяцев;;;4. ОГЗ Долгосрочные;12+ месяцев;;;4. ОГЗ Долгосрочные;12+ месяцев;4. ОГЗ Долгосрочные;12+ месяцев
37747515;https://alladin116.amocrm.ru/leads/detail/37747515;;;04.05.2026;;;4. ОГЗ Долгосрочные;12+ месяцев;;;4. ОГЗ Долгосрочные;12+ месяцев;;;4. ОГЗ Долгосрочные;12+ месяцев;4. ОГЗ Долгосрочные;12+ месяцев;4. ОГЗ Долгосрочные;12+ месяцев;4. ОГЗ Долгосрочные;12+ месяцев;4. ОГЗ Долгосрочные;12+ месяцев;4. ОГЗ Долгосрочные;12+ месяцев;4. ОГЗ Долгосрочные;12+ месяцев;4. ОГЗ Долгосрочные;12+ месяцев;4. ОГЗ Долгосрочные;12+ месяцев;4. ОГЗ Долгосрочные;12+ месяцев;4. ОГЗ Долгосрочные;12+ месяцев;4. ОГЗ Долгосрочные;12+ месяцев;4. ОГЗ Долгосрочные;12+ месяцев;4. ОГЗ Долгосрочные;12+ месяцев;4. ОГЗ Долгосрочные;12+ месяцев;4. ОГЗ Долгосрочные;12+ месяцев;4. ОГЗ Долгосрочные;12+ месяцев;4. ОГЗ Долгосрочные;12+ месяцев;4. ОГЗ Долгосрочные;12+ месяцев;4. ОГЗ Долгосрочные;12+ месяцев;4. ОГЗ Долгосрочные;12+ месяцев;4. ОГЗ Долгосрочные;12+ месяцев;4. ОГЗ Долгосрочные;12+ месяцев;4. ОГЗ Долгосрочные;12+ месяцев;;;4. ОГЗ Долгосрочные;12+ месяцев;;;4. ОГЗ Долгосрочные;12+ месяцев;;;4. ОГЗ Долгосрочные;12+ месяцев;4. ОГЗ Долгосрочные;12+ месяцев;4. ОГЗ Долгосрочные;12+ месяцев;;;4. ОГЗ Долгосрочные;12+ месяцев;;;4. ОГЗ Долгосрочные;12+ месяцев;;;4. ОГЗ Долгосрочные;12+ месяцев;;;4. ОГЗ Долгосрочные;12+ месяцев;4. ОГЗ Долгосрочные;12+ месяцев
37747523;https://alladin116.amocrm.ru/leads/detail/37747523;;Закрыто и не реализовано;04.05.2026;;;;;;;;;;;;;1. ОГЗ Квалификация;Контакт установлен;1. ОГЗ Квалификация;Контакт установлен;;;1. ОГЗ Квалификация;Контакт установлен;;;1. ОГЗ Квалификация;Контакт установлен;;;1. ОГЗ Квалификация;Закрыто и не реализовано;;;;;;;;;;;;;;;;;;;;;;;;;;;;;;;;;;;;;;;;;;;;;;;;;;;;;;;;;;;;;;;;
37747581;https://alladin116.amocrm.ru/leads/detail/37747581;;Закрыто и не реализовано;04.05.2026;;;;;;;;;;;;;1. ОГЗ Квалификация;Закрыто и не реализовано;;;;;;;;;;;;;;;;;;;;;;;;;;;;;;;;;;;;;;;;;;;;;;;;;;;;;;;;;;;;;;;;;;;;;;;;;;;;;;
37747595;https://alladin116.amocrm.ru/leads/detail/37747595;;Закрыто и не реализовано;04.05.2026;;;;;;;;;;;;;1. ОГЗ Квалификация;Закрыто и не реализовано;;;;;;;;;;;;;;;;;;;;;;;;;;;;;;;;;;;;;;;;;;;;;;;;;;;;;;;;;;;;;;;;;;;;;;;;;;;;;;
37747617;https://alladin116.amocrm.ru/leads/detail/37747617;;;04.05.2026;;;4. ОГЗ Долгосрочные;12+ месяцев;;;4. ОГЗ Долгосрочные;12+ месяцев;;;4. ОГЗ Долгосрочные;12+ месяцев;4. ОГЗ Долгосрочные;12+ месяцев;4. ОГЗ Долгосрочные;12+ месяцев;4. ОГЗ Долгосрочные;12+ месяцев;4. ОГЗ Долгосрочные;12+ месяцев;4. ОГЗ Долгосрочные;12+ месяцев;4. ОГЗ Долгосрочные;12+ месяцев;4. ОГЗ Долгосрочные;12+ месяцев;4. ОГЗ Долгосрочные;12+ месяцев;4. ОГЗ Долгосрочные;12+ месяцев;4. ОГЗ Долгосрочные;12+ месяцев;4. ОГЗ Долгосрочные;12+ месяцев;4. ОГЗ Долгосрочные;12+ месяцев;4. ОГЗ Долгосрочные;12+ месяцев;4. ОГЗ Долгосрочные;12+ месяцев;4. ОГЗ Долгосрочные;12+ месяцев;4. ОГЗ Долгосрочные;12+ месяцев;4. ОГЗ Долгосрочные;12+ месяцев;4. ОГЗ Долгосрочные;12+ месяцев;4. ОГЗ Долгосрочные;12+ месяцев;4. ОГЗ Долгосрочные;12+ месяцев;4. ОГЗ Долгосрочные;12+ месяцев;4. ОГЗ Долгосрочные;12+ месяцев;4. ОГЗ Долгосрочные;12+ месяцев;;;4. ОГЗ Долгосрочные;12+ месяцев;;;4. ОГЗ Долгосрочные;12+ месяцев;;;4. ОГЗ Долгосрочные;12+ месяцев;4. ОГЗ Долгосрочные;12+ месяцев;4. ОГЗ Долгосрочные;12+ месяцев;;;4. ОГЗ Долгосрочные;12+ месяцев;;;4. ОГЗ Долгосрочные;12+ месяцев;;;4. ОГЗ Долгосрочные;12+ месяцев;;;4. ОГЗ Долгосрочные;12+ месяцев;4. ОГЗ Долгосрочные;12+ месяцев
37747639;https://alladin116.amocrm.ru/leads/detail/37747639;;Закрыто и не реализовано;04.05.2026;;;;;;;;;;;;;1. ОГЗ Квалификация;Контакт установлен;1. ОГЗ Квалификация;Контакт установлен;;;1. ОГЗ Квалификация;Закрыто и не реализовано;;;;;;;;;;;;;;;;;;;;;;;;;;;;;;;;;;;;;;;;;;;;;;;;;;;;;;;;;;;;;;;;;;;;;;;;
37747641;https://alladin116.amocrm.ru/leads/detail/37747641;;Закрыто и не реализовано;04.05.2026;;;;;;;;;;;;;1. ОГЗ Квалификация;Закрыто и не реализовано;;;;;;;;;;;;;;;;;;;;;;;;;;;;;;;;;;;;;;;;;;;;;;;;;;;;;;;;;;;;;;;;;;;;;;;;;;;;;;
37747643;https://alladin116.amocrm.ru/leads/detail/37747643;;Закрыто и не реализовано;04.05.2026;;;;;;;;;;;;;1. ОГЗ Квалификация;Закрыто и не реализовано;;;;;;;;;;;;;;;;;;;;;;;;;;;;;;;;;;;;;;;;;;;;;;;;;;;;;;;;;;;;;;;;;;;;;;;;;;;;;;
37747647;https://alladin116.amocrm.ru/leads/detail/37747647;;;04.05.2026;;;4. ОГЗ Долгосрочные;9 месяцев;;;4. ОГЗ Долгосрочные;9 месяцев;;;4. ОГЗ Долгосрочные;9 месяцев;4. ОГЗ Долгосрочные;9 месяцев;4. ОГЗ Долгосрочные;9 месяцев;4. ОГЗ Долгосрочные;9 месяцев;4. ОГЗ Долгосрочные;9 месяцев;4. ОГЗ Долгосрочные;9 месяцев;4. ОГЗ Долгосрочные;9 месяцев;4. ОГЗ Долгосрочные;9 месяцев;4. ОГЗ Долгосрочные;9 месяцев;4. ОГЗ Долгосрочные;9 месяцев;4. ОГЗ Долгосрочные;9 месяцев;4. ОГЗ Долгосрочные;9 месяцев;4. ОГЗ Долгосрочные;9 месяцев;4. ОГЗ Долгосрочные;9 месяцев;4. ОГЗ Долгосрочные;9 месяцев;4. ОГЗ Долгосрочные;9 месяцев;4. ОГЗ Долгосрочные;9 месяцев;4. ОГЗ Долгосрочные;9 месяцев;4. ОГЗ Долгосрочные;9 месяцев;4. ОГЗ Долгосрочные;9 месяцев;4. ОГЗ Долгосрочные;9 месяцев;4. ОГЗ Долгосрочные;9 месяцев;4. ОГЗ Долгосрочные;9 месяцев;4. ОГЗ Долгосрочные;9 месяцев;;;4. ОГЗ Долгосрочные;9 месяцев;;;4. ОГЗ Долгосрочные;9 месяцев;;;4. ОГЗ Долгосрочные;9 месяцев;4. ОГЗ Долгосрочные;9 месяцев;4. ОГЗ Долгосрочные;9 месяцев;;;4. ОГЗ Долгосрочные;9 месяцев;;;4. ОГЗ Долгосрочные;9 месяцев;;;4. ОГЗ Долгосрочные;9 месяцев;;;4. ОГЗ Долгосрочные;9 месяцев;4. ОГЗ Долгосрочные;9 месяцев
37747711;https://alladin116.amocrm.ru/leads/detail/37747711;;;04.05.2026;;;4. ОГЗ Долгосрочные;9 месяцев;;;4. ОГЗ Долгосрочные;9 месяцев;;;4. ОГЗ Долгосрочные;9 месяцев;4. ОГЗ Долгосрочные;9 месяцев;4. ОГЗ Долгосрочные;9 месяцев;4. ОГЗ Долгосрочные;9 месяцев;4. ОГЗ Долгосрочные;9 месяцев;4. ОГЗ Долгосрочные;9 месяцев;4. ОГЗ Долгосрочные;9 месяцев;4. ОГЗ Долгосрочные;9 месяцев;4. ОГЗ Долгосрочные;9 месяцев;4. ОГЗ Долгосрочные;9 месяцев;4. ОГЗ Долгосрочные;9 месяцев;4. ОГЗ Долгосрочные;9 месяцев;4. ОГЗ Долгосрочные;9 месяцев;4. ОГЗ Долгосрочные;9 месяцев;4. ОГЗ Долгосрочные;9 месяцев;4. ОГЗ Долгосрочные;9 месяцев;4. ОГЗ Долгосрочные;9 месяцев;4. ОГЗ Долгосрочные;9 месяцев;4. ОГЗ Долгосрочные;9 месяцев;4. ОГЗ Долгосрочные;9 месяцев;4. ОГЗ Долгосрочные;9 месяцев;4. ОГЗ Долгосрочные;9 месяцев;4. ОГЗ Долгосрочные;9 месяцев;4. ОГЗ Долгосрочные;9 месяцев;;;4. ОГЗ Долгосрочные;9 месяцев;;;4. ОГЗ Долгосрочные;9 месяцев;;;4. ОГЗ Долгосрочные;9 месяцев;4. ОГЗ Долгосрочные;9 месяцев;4. ОГЗ Долгосрочные;9 месяцев;;;4. ОГЗ Долгосрочные;9 месяцев;;;4. ОГЗ Долгосрочные;9 месяцев;;;4. ОГЗ Долгосрочные;9 месяцев;;;4. ОГЗ Долгосрочные;9 месяцев;4. ОГЗ Долгосрочные;9 месяцев
37747741;https://alladin116.amocrm.ru/leads/detail/37747741;;Закрыто и не реализовано;04.05.2026;;;;;;;;;;;;;1. ОГЗ Квалификация;Закрыто и не реализовано;;;;;;;;;;;;;;;;;;;;;;;;;;;;;;;;;;;;;;;;;;;;;;;;;;;;;;;;;;;;;;;;;;;;;;;;;;;;;;
37747743;https://alladin116.amocrm.ru/leads/detail/37747743;;;04.05.2026;;;4. ОГЗ Долгосрочные;9 месяцев;;;4. ОГЗ Долгосрочные;9 месяцев;;;4. ОГЗ Долгосрочные;9 месяцев;4. ОГЗ Долгосрочные;9 месяцев;4. ОГЗ Долгосрочные;9 месяцев;4. ОГЗ Долгосрочные;9 месяцев;4. ОГЗ Долгосрочные;9 месяцев;4. ОГЗ Долгосрочные;9 месяцев;4. ОГЗ Долгосрочные;9 месяцев;4. ОГЗ Долгосрочные;9 месяцев;4. ОГЗ Долгосрочные;9 месяцев;4. ОГЗ Долгосрочные;9 месяцев;4. ОГЗ Долгосрочные;9 месяцев;4. ОГЗ Долгосрочные;9 месяцев;4. ОГЗ Долгосрочные;9 месяцев;4. ОГЗ Долгосрочные;9 месяцев;4. ОГЗ Долгосрочные;9 месяцев;4. ОГЗ Долгосрочные;9 месяцев;4. ОГЗ Долгосрочные;9 месяцев;4. ОГЗ Долгосрочные;9 месяцев;4. ОГЗ Долгосрочные;9 месяцев;4. ОГЗ Долгосрочные;9 месяцев;4. ОГЗ Долгосрочные;9 месяцев;4. ОГЗ Долгосрочные;9 месяцев;4. ОГЗ Долгосрочные;9 месяцев;4. ОГЗ Долгосрочные;9 месяцев;;;4. ОГЗ Долгосрочные;9 месяцев;;;4. ОГЗ Долгосрочные;9 месяцев;;;4. ОГЗ Долгосрочные;9 месяцев;4. ОГЗ Долгосрочные;9 месяцев;4. ОГЗ Долгосрочные;9 месяцев;;;4. ОГЗ Долгосрочные;9 месяцев;;;4. ОГЗ Долгосрочные;9 месяцев;;;4. ОГЗ Долгосрочные;9 месяцев;;;4. ОГЗ Долгосрочные;9 месяцев;4. ОГЗ Долгосрочные;9 месяцев
37747747;https://alladin116.amocrm.ru/leads/detail/37747747;;Закрыто и не реализовано;04.05.2026;;;;;;;;;;;;;1. ОГЗ Квалификация;Закрыто и не реализовано;;;;;;;;;;;;;;;;;;;;;;;;;;;;;;;;;;;;;;;;;;;;;;;;;;;;;;;;;;;;;;;;;;;;;;;;;;;;;;
37747753;https://alladin116.amocrm.ru/leads/detail/37747753;;Закрыто и не реализовано;04.05.2026;;;;;;;;;;;;;1. ОГЗ Квалификация;Закрыто и не реализовано;;;;;;;;;;;;;;;;;;;;;;;;;;;;;;;;;;;;;;;;;;;;;;;;;;;;;;;;;;;;;;;;;;;;;;;;;;;;;;
37747755;https://alladin116.amocrm.ru/leads/detail/37747755;;Закрыто и не реализовано;04.05.2026;;;4. ОГЗ Долгосрочные;6 месяцев;;;4. ОГЗ Долгосрочные;6 месяцев;;;4. ОГЗ Долгосрочные;Закрыто и не реализовано;3. ОГЗ Упрощенное;Назначена дата презентации КП и запрошены материалы;3. ОГЗ Упрощенное;Назначена дата презентации КП и запрошены материалы;;;3. ОГЗ Упрощенное;Назначена дата презентации КП и запрошены материалы;;;3. ОГЗ Упрощенное;Назначена дата презентации КП и запрошены материалы;;;3. ОГЗ Упрощенное;Назначена дата презентации КП и запрошены материалы;;;3. ОГЗ Упрощенное;Назначена дата презентации КП и запрошены материалы;3. ОГЗ Упрощенное;Назначена дата презентации КП и запрошены материалы;3. ОГЗ Упрощенное;Назначена дата презентации КП и запрошены материалы;3. ОГЗ Упрощенное;Назначена дата презентации КП и запрошены материалы;3. ОГЗ Упрощенное;Назначена дата презентации КП и запрошены материалы;3. ОГЗ Упрощенное;Назначена дата презентации КП и запрошены материалы;3. ОГЗ Упрощенное;Назначена дата презентации КП и запрошены материалы;3. ОГЗ Упрощенное;Назначена дата презентации КП и запрошены материалы;3. ОГЗ Упрощенное;Назначена дата презентации КП и запрошены материалы;3. ОГЗ Упрощенное;Назначена дата презентации КП и запрошены материалы;3. ОГЗ Упрощенное;Назначена дата презентации КП и запрошены материалы;3. ОГЗ Упрощенное;Назначена дата презентации КП и запрошены материалы;4. ОГЗ Долгосрочные;6 месяцев;4. ОГЗ Долгосрочные;6 месяцев;;;4. ОГЗ Долгосрочные;6 месяцев;;;4. ОГЗ Долгосрочные;6 месяцев;;;4. ОГЗ Долгосрочные;6 месяцев;4. ОГЗ Долгосрочные;6 месяцев;4. ОГЗ Долгосрочные;6 месяцев;;;4. ОГЗ Долгосрочные;6 месяцев;;;4. ОГЗ Долгосрочные;6 месяцев;;;4. ОГЗ Долгосрочные;6 месяцев;;;4. ОГЗ Долгосрочные;6 месяцев;4. ОГЗ Долгосрочные;6 месяцев
37747757;https://alladin116.amocrm.ru/leads/detail/37747757;;Закрыто и не реализовано;04.05.2026;;;;;;;;;;;;;1. ОГЗ Квалификация;Закрыто и не реализовано;;;;;;;;;;;;;;;;;;;;;;;;;;;;;;;;;;;;;;;;;;;;;;;;;;;;;;;;;;;;;;;;;;;;;;;;;;;;;;
37747763;https://alladin116.amocrm.ru/leads/detail/37747763;;Закрыто и не реализовано;04.05.2026;;;;;;;;;;;;;1. ОГЗ Квалификация;Закрыто и не реализовано;;;;;;;;;;;;;;;;;;;;;;;;;;;;;;;;;;;;;;;;;;;;;;;;;;;;;;;;;;;;;;;;;;;;;;;;;;;;;;
37747781;https://alladin116.amocrm.ru/leads/detail/37747781;;Закрыто и не реализовано;04.05.2026;;;;;;;;;;;;;1. ОГЗ Квалификация;Закрыто и не реализовано;;;;;;;;;;;;;;;;;;;;;;;;;;;;;;;;;;;;;;;;;;;;;;;;;;;;;;;;;;;;;;;;;;;;;;;;;;;;;;
37747807;https://alladin116.amocrm.ru/leads/detail/37747807;;Закрыто и не реализовано;04.05.2026;;;;;;;;;;;;;ОГЗ на будущее;6 Месяцев;ОГЗ на будущее;6 Месяцев;;;ОГЗ на будущее;6 Месяцев;;;ОГЗ на будущее;6 Месяцев;;;ОГЗ на будущее;6 Месяцев;;;ОГЗ на будущее;6 Месяцев;ОГЗ на будущее;6 Месяцев;ОГЗ на будущее;6 Месяцев;ОГЗ на будущее;6 Месяцев;ОГЗ на будущее;6 Месяцев;ОГЗ на будущее;6 Месяцев;ОГЗ на будущее;6 Месяцев;ОГЗ на будущее;6 Месяцев;ОГЗ на будущее;6 Месяцев;ОГЗ на будущее;6 Месяцев;ОГЗ на будущее;6 Месяцев;ОГЗ на будущее;6 Месяцев;ОГЗ на будущее;6 Месяцев;ОГЗ на будущее;6 Месяцев;;;ОГЗ на будущее;Закрыто и не реализовано;;;;;;;;;;;;;;;;;;;;;;;;;;;;;;
37747811;https://alladin116.amocrm.ru/leads/detail/37747811;;;04.05.2026;;;4. ОГЗ Долгосрочные;6 месяцев;;;4. ОГЗ Долгосрочные;6 месяцев;;;4. ОГЗ Долгосрочные;6 месяцев;1. ОГЗ Квалификация;Контакт установлен;4. ОГЗ Долгосрочные;6 месяцев;4. ОГЗ Долгосрочные;6 месяцев;4. ОГЗ Долгосрочные;6 месяцев;4. ОГЗ Долгосрочные;12+ месяцев;4. ОГЗ Долгосрочные;6 месяцев;4. ОГЗ Долгосрочные;12+ месяцев;4. ОГЗ Долгосрочные;6 месяцев;4. ОГЗ Долгосрочные;12+ месяцев;4. ОГЗ Долгосрочные;6 месяцев;4. ОГЗ Долгосрочные;6 месяцев;4. ОГЗ Долгосрочные;6 месяцев;4. ОГЗ Долгосрочные;6 месяцев;4. ОГЗ Долгосрочные;6 месяцев;4. ОГЗ Долгосрочные;6 месяцев;4. ОГЗ Долгосрочные;6 месяцев;4. ОГЗ Долгосрочные;6 месяцев;4. ОГЗ Долгосрочные;6 месяцев;4. ОГЗ Долгосрочные;6 месяцев;4. ОГЗ Долгосрочные;6 месяцев;4. ОГЗ Долгосрочные;6 месяцев;4. ОГЗ Долгосрочные;6 месяцев;4. ОГЗ Долгосрочные;6 месяцев;;;4. ОГЗ Долгосрочные;6 месяцев;;;4. ОГЗ Долгосрочные;6 месяцев;;;4. ОГЗ Долгосрочные;6 месяцев;4. ОГЗ Долгосрочные;6 месяцев;4. ОГЗ Долгосрочные;6 месяцев;;;4. ОГЗ Долгосрочные;6 месяцев;;;4. ОГЗ Долгосрочные;6 месяцев;;;4. ОГЗ Долгосрочные;6 месяцев;;;4. ОГЗ Долгосрочные;6 месяцев;4. ОГЗ Долгосрочные;6 месяцев
37747817;https://alladin116.amocrm.ru/leads/detail/37747817;;Закрыто и не реализовано;04.05.2026;;;;;;;;;;;;;3. ОГЗ Упрощенное;Назначена дата презентации КП и запрошены материалы;3. ОГЗ Упрощенное;Назначена дата презентации КП и запрошены материалы;;;3. ОГЗ Упрощенное;Закрыто и не реализовано;;;;;;;;;;;;;;;;;;;;;;;;;;;;;;;;;;;;;;;;;;;;;;;;;;;;;;;;;;;;;;;;;;;;;;;;
37747821;https://alladin116.amocrm.ru/leads/detail/37747821;;Закрыто и не реализовано;04.05.2026;;;;;;;;;;;;;1. ОГЗ Квалификация;Закрыто и не реализовано;;;;;;;;;;;;;;;;;;;;;;;;;;;;;;;;;;;;;;;;;;;;;;;;;;;;;;;;;;;;;;;;;;;;;;;;;;;;;;
37747825;https://alladin116.amocrm.ru/leads/detail/37747825;;Закрыто и не реализовано;04.05.2026;;;;;;;;;;;;;1. ОГЗ Квалификация;Закрыто и не реализовано;;;;;;;;;;;;;;;;;;;;;;;;;;;;;;;;;;;;;;;;;;;;;;;;;;;;;;;;;;;;;;;;;;;;;;;;;;;;;;
37747827;https://alladin116.amocrm.ru/leads/detail/37747827;;Закрыто и не реализовано;04.05.2026;;;;;;;;;;;;;1. ОГЗ Квалификация;Закрыто и не реализовано;;;;;;;;;;;;;;;;;;;;;;;;;;;;;;;;;;;;;;;;;;;;;;;;;;;;;;;;;;;;;;;;;;;;;;;;;;;;;;
37747843;https://alladin116.amocrm.ru/leads/detail/37747843;;Закрыто и не реализовано;04.05.2026;;;;;;;;;;;;;1. ОГЗ Квалификация;Закрыто и не реализовано;;;;;;;;;;;;;;;;;;;;;;;;;;;;;;;;;;;;;;;;;;;;;;;;;;;;;;;;;;;;;;;;;;;;;;;;;;;;;;
37747959;https://alladin116.amocrm.ru/leads/detail/37747959;;;05.05.2026;;;4. ОГЗ Долгосрочные;9 месяцев;;;4. ОГЗ Долгосрочные;9 месяцев;;;4. ОГЗ Долгосрочные;9 месяцев;;;4. ОГЗ Долгосрочные;9 месяцев;4. ОГЗ Долгосрочные;9 месяцев;4. ОГЗ Долгосрочные;9 месяцев;4. ОГЗ Долгосрочные;9 месяцев;4. ОГЗ Долгосрочные;9 месяцев;4. ОГЗ Долгосрочные;9 месяцев;4. ОГЗ Долгосрочные;9 месяцев;4. ОГЗ Долгосрочные;9 месяцев;4. ОГЗ Долгосрочные;9 месяцев;4. ОГЗ Долгосрочные;9 месяцев;4. ОГЗ Долгосрочные;9 месяцев;4. ОГЗ Долгосрочные;9 месяцев;4. ОГЗ Долгосрочные;9 месяцев;4. ОГЗ Долгосрочные;9 месяцев;4. ОГЗ Долгосрочные;9 месяцев;4. ОГЗ Долгосрочные;9 месяцев;4. ОГЗ Долгосрочные;9 месяцев;4. ОГЗ Долгосрочные;9 месяцев;4. ОГЗ Долгосрочные;9 месяцев;4. ОГЗ Долгосрочные;9 месяцев;4. ОГЗ Долгосрочные;9 месяцев;4. ОГЗ Долгосрочные;9 месяцев;;;4. ОГЗ Долгосрочные;9 месяцев;;;4. ОГЗ Долгосрочные;9 месяцев;;;4. ОГЗ Долгосрочные;9 месяцев;4. ОГЗ Долгосрочные;9 месяцев;4. ОГЗ Долгосрочные;9 месяцев;;;4. ОГЗ Долгосрочные;9 месяцев;;;4. ОГЗ Долгосрочные;9 месяцев;;;4. ОГЗ Долгосрочные;9 месяцев;;;4. ОГЗ Долгосрочные;9 месяцев;4. ОГЗ Долгосрочные;9 месяцев
37747961;https://alladin116.amocrm.ru/leads/detail/37747961;;Закрыто и не реализовано;05.05.2026;;;;;;;;;;;;;;;1. ОГЗ Квалификация;Закрыто и не реализовано;;;;;;;;;;;;;;;;;;;;;;;;;;;;;;;;;;;;;;;;;;;;;;;;;;;;;;;;;;;;;;;;;;;;;;;;;;;;
37747985;https://alladin116.amocrm.ru/leads/detail/37747985;;Закрыто и не реализовано;05.05.2026;;;;;;;;;;;;;;;1. ОГЗ Квалификация;Закрыто и не реализовано;;;;;;;;;;;;;;;;;;;;;;;;;;;;;;;;;;;;;;;;;;;;;;;;;;;;;;;;;;;;;;;;;;;;;;;;;;;;
37748011;https://alladin116.amocrm.ru/leads/detail/37748011;;Закрыто и не реализовано;05.05.2026;;;;;;;;;;;;;;;1. ОГЗ Квалификация;Закрыто и не реализовано;;;;;;;;;;;;;;;;;;;;;;;;;;;;;;;;;;;;;;;;;;;;;;;;;;;;;;;;;;;;;;;;;;;;;;;;;;;;
37748031;https://alladin116.amocrm.ru/leads/detail/37748031;;Закрыто и не реализовано;05.05.2026;;;;;;;;;;;;;;;1. ОГЗ Квалификация;Закрыто и не реализовано;;;;;;;;;;;;;;;;;;;;;;;;;;;;;;;;;;;;;;;;;;;;;;;;;;;;;;;;;;;;;;;;;;;;;;;;;;;;
37748041;https://alladin116.amocrm.ru/leads/detail/37748041;;Закрыто и не реализовано;05.05.2026;;;;;;;;;;;;;;;1. ОГЗ Квалификация;Закрыто и не реализовано;;;;;;;;;;;;;;;;;;;;;;;;;;;;;;;;;;;;;;;;;;;;;;;;;;;;;;;;;;;;;;;;;;;;;;;;;;;;
37748067;https://alladin116.amocrm.ru/leads/detail/37748067;;Закрыто и не реализовано;05.05.2026;;;;;;;;;;;;;;;1. ОГЗ Квалификация;Закрыто и не реализовано;;;;;;;;;;;;;;;;;;;;;;;;;;;;;;;;;;;;;;;;;;;;;;;;;;;;;;;;;;;;;;;;;;;;;;;;;;;;
37748081;https://alladin116.amocrm.ru/leads/detail/37748081;;;05.05.2026;;;4. ОГЗ Долгосрочные;6 месяцев;;;4. ОГЗ Долгосрочные;6 месяцев;;;4. ОГЗ Долгосрочные;6 месяцев;;;4. ОГЗ Долгосрочные;6 месяцев;4. ОГЗ Долгосрочные;6 месяцев;4. ОГЗ Долгосрочные;6 месяцев;4. ОГЗ Долгосрочные;6 месяцев;4. ОГЗ Долгосрочные;6 месяцев;4. ОГЗ Долгосрочные;6 месяцев;4. ОГЗ Долгосрочные;6 месяцев;4. ОГЗ Долгосрочные;6 месяцев;4. ОГЗ Долгосрочные;6 месяцев;4. ОГЗ Долгосрочные;6 месяцев;4. ОГЗ Долгосрочные;6 месяцев;4. ОГЗ Долгосрочные;6 месяцев;4. ОГЗ Долгосрочные;6 месяцев;4. ОГЗ Долгосрочные;6 месяцев;4. ОГЗ Долгосрочные;6 месяцев;4. ОГЗ Долгосрочные;6 месяцев;4. ОГЗ Долгосрочные;6 месяцев;4. ОГЗ Долгосрочные;6 месяцев;4. ОГЗ Долгосрочные;6 месяцев;4. ОГЗ Долгосрочные;6 месяцев;4. ОГЗ Долгосрочные;6 месяцев;4. ОГЗ Долгосрочные;6 месяцев;;;4. ОГЗ Долгосрочные;6 месяцев;;;4. ОГЗ Долгосрочные;6 месяцев;;;4. ОГЗ Долгосрочные;6 месяцев;4. ОГЗ Долгосрочные;6 месяцев;4. ОГЗ Долгосрочные;6 месяцев;;;4. ОГЗ Долгосрочные;6 месяцев;;;4. ОГЗ Долгосрочные;6 месяцев;;;4. ОГЗ Долгосрочные;6 месяцев;;;4. ОГЗ Долгосрочные;6 месяцев;4. ОГЗ Долгосрочные;6 месяцев
37748103;https://alladin116.amocrm.ru/leads/detail/37748103;;Закрыто и не реализовано;05.05.2026;;;;;;;;;;;;;;;1. ОГЗ Квалификация;Закрыто и не реализовано;;;;;;;;;;;;;;;;;;;;;;;;;;;;;;;;;;;;;;;;;;;;;;;;;;;;;;;;;;;;;;;;;;;;;;;;;;;;
37748119;https://alladin116.amocrm.ru/leads/detail/37748119;;Закрыто и не реализовано;05.05.2026;;;;;;;;;;;;;;;1. ОГЗ Квалификация;Закрыто и не реализовано;;;;;;;;;;;;;;;;;;;;;;;;;;;;;;;;;;;;;;;;;;;;;;;;;;;;;;;;;;;;;;;;;;;;;;;;;;;;
37748125;https://alladin116.amocrm.ru/leads/detail/37748125;;Закрыто и не реализовано;05.05.2026;;;;;;;;;;;;;;;1. ОГЗ Квалификация;Закрыто и не реализовано;;;;;;;;;;;;;;;;;;;;;;;;;;;;;;;;;;;;;;;;;;;;;;;;;;;;;;;;;;;;;;;;;;;;;;;;;;;;
37748129;https://alladin116.amocrm.ru/leads/detail/37748129;;Закрыто и не реализовано;05.05.2026;;;3. ОГЗ Упрощенное;Назначена дата презентации КП и запрошены материалы;;;3. ОГЗ Упрощенное;Закрыто и не реализовано;;;;;;;3. ОГЗ Упрощенное;Назначена дата презентации КП и запрошены материалы;;;3. ОГЗ Упрощенное;Назначена дата презентации КП и запрошены материалы;;;3. ОГЗ Упрощенное;Назначена дата презентации КП и запрошены материалы;;;3. ОГЗ Упрощенное;Назначена дата презентации КП и запрошены материалы;;;3. ОГЗ Упрощенное;Назначена дата презентации КП и запрошены материалы;3. ОГЗ Упрощенное;Назначена дата презентации КП и запрошены материалы;3. ОГЗ Упрощенное;Назначена дата презентации КП и запрошены материалы;3. ОГЗ Упрощенное;Назначена дата презентации КП и запрошены материалы;3. ОГЗ Упрощенное;Назначена дата презентации КП и запрошены материалы;3. ОГЗ Упрощенное;Назначена дата презентации КП и запрошены материалы;3. ОГЗ Упрощенное;Назначена дата презентации КП и запрошены материалы;3. ОГЗ Упрощенное;Назначена дата презентации КП и запрошены материалы;3. ОГЗ Упрощенное;Назначена дата презентации КП и запрошены материалы;3. ОГЗ Упрощенное;Назначена дата презентации КП и запрошены материалы;3. ОГЗ Упрощенное;Назначена дата презентации КП и запрошены материалы;3. ОГЗ Упрощенное;Назначена дата презентации КП и запрошены материалы;3. ОГЗ Упрощенное;Назначена дата презентации КП и запрошены материалы;3. ОГЗ Упрощенное;Назначена дата презентации КП и запрошены материалы;;;3. ОГЗ Упрощенное;Назначена дата презентации КП и запрошены материалы;;;3. ОГЗ Упрощенное;Назначена дата презентации КП и запрошены материалы;;;3. ОГЗ Упрощенное;Назначена дата презентации КП и запрошены материалы;3. ОГЗ Упрощенное;Назначена дата презентации КП и запрошены материалы;3. ОГЗ Упрощенное;Назначена дата презентации КП и запрошены материалы;;;3. ОГЗ Упрощенное;Назначена дата презентации КП и запрошены материалы;;;3. ОГЗ Упрощенное;Назначена дата презентации КП и запрошены материалы;;;3. ОГЗ Упрощенное;Назначена дата презентации КП и запрошены материалы;;;3. ОГЗ Упрощенное;Назначена дата презентации КП и запрошены материалы;3. ОГЗ Упрощенное;Назначена дата презентации КП и запрошены материалы
37748139;https://alladin116.amocrm.ru/leads/detail/37748139;;Закрыто и не реализовано;05.05.2026;;;;;;;;;;;;;;;1. ОГЗ Квалификация;Закрыто и не реализовано;;;;;;;;;;;;;;;;;;;;;;;;;;;;;;;;;;;;;;;;;;;;;;;;;;;;;;;;;;;;;;;;;;;;;;;;;;;;
37748149;https://alladin116.amocrm.ru/leads/detail/37748149;;Закрыто и не реализовано;05.05.2026;;;;;;;;;;;;;;;1. ОГЗ Квалификация;Закрыто и не реализовано;;;;;;;;;;;;;;;;;;;;;;;;;;;;;;;;;;;;;;;;;;;;;;;;;;;;;;;;;;;;;;;;;;;;;;;;;;;;
37748167;https://alladin116.amocrm.ru/leads/detail/37748167;;;05.05.2026;;;4. ОГЗ Долгосрочные;12+ месяцев;;;4. ОГЗ Долгосрочные;12+ месяцев;;;4. ОГЗ Долгосрочные;12+ месяцев;;;4. ОГЗ Долгосрочные;12+ месяцев;4. ОГЗ Долгосрочные;12+ месяцев;4. ОГЗ Долгосрочные;12+ месяцев;4. ОГЗ Долгосрочные;12+ месяцев;4. ОГЗ Долгосрочные;12+ месяцев;4. ОГЗ Долгосрочные;12+ месяцев;4. ОГЗ Долгосрочные;12+ месяцев;4. ОГЗ Долгосрочные;12+ месяцев;4. ОГЗ Долгосрочные;12+ месяцев;4. ОГЗ Долгосрочные;12+ месяцев;4. ОГЗ Долгосрочные;12+ месяцев;4. ОГЗ Долгосрочные;12+ месяцев;4. ОГЗ Долгосрочные;12+ месяцев;4. ОГЗ Долгосрочные;12+ месяцев;4. ОГЗ Долгосрочные;12+ месяцев;4. ОГЗ Долгосрочные;12+ месяцев;4. ОГЗ Долгосрочные;12+ месяцев;4. ОГЗ Долгосрочные;12+ месяцев;4. ОГЗ Долгосрочные;12+ месяцев;4. ОГЗ Долгосрочные;12+ месяцев;4. ОГЗ Долгосрочные;12+ месяцев;4. ОГЗ Долгосрочные;12+ месяцев;;;4. ОГЗ Долгосрочные;12+ месяцев;;;4. ОГЗ Долгосрочные;12+ месяцев;;;4. ОГЗ Долгосрочные;12+ месяцев;4. ОГЗ Долгосрочные;12+ месяцев;4. ОГЗ Долгосрочные;12+ месяцев;;;4. ОГЗ Долгосрочные;12+ месяцев;;;4. ОГЗ Долгосрочные;12+ месяцев;;;4. ОГЗ Долгосрочные;12+ месяцев;;;4. ОГЗ Долгосрочные;12+ месяцев;4. ОГЗ Долгосрочные;12+ месяцев
37748169;https://alladin116.amocrm.ru/leads/detail/37748169;;Закрыто и не реализовано;05.05.2026;;;;;;;;;;;;;;;1. ОГЗ Квалификация;Закрыто и не реализовано;;;;;;;;;;;;;;;;;;;;;;;;;;;;;;;;;;;;;;;;;;;;;;;;;;;;;;;;;;;;;;;;;;;;;;;;;;;;
37748187;https://alladin116.amocrm.ru/leads/detail/37748187;;Закрыто и не реализовано;05.05.2026;;;;;;;;;;;;;;;1. ОГЗ Квалификация;Закрыто и не реализовано;;;;;;;;;;;;;;;;;;;;;;;;;;;;;;;;;;;;;;;;;;;;;;;;;;;;;;;;;;;;;;;;;;;;;;;;;;;;
37748189;https://alladin116.amocrm.ru/leads/detail/37748189;;Закрыто и не реализовано;05.05.2026;;;;;;;;;;;;;;;1. ОГЗ Квалификация;Закрыто и не реализовано;;;;;;;;;;;;;;;;;;;;;;;;;;;;;;;;;;;;;;;;;;;;;;;;;;;;;;;;;;;;;;;;;;;;;;;;;;;;
37748197;https://alladin116.amocrm.ru/leads/detail/37748197;;;05.05.2026;;;4. ОГЗ Долгосрочные;6 месяцев;;;4. ОГЗ Долгосрочные;6 месяцев;;;4. ОГЗ Долгосрочные;6 месяцев;;;4. ОГЗ Долгосрочные;6 месяцев;4. ОГЗ Долгосрочные;6 месяцев;4. ОГЗ Долгосрочные;6 месяцев;4. ОГЗ Долгосрочные;6 месяцев;4. ОГЗ Долгосрочные;6 месяцев;4. ОГЗ Долгосрочные;6 месяцев;4. ОГЗ Долгосрочные;6 месяцев;4. ОГЗ Долгосрочные;6 месяцев;4. ОГЗ Долгосрочные;6 месяцев;4. ОГЗ Долгосрочные;6 месяцев;4. ОГЗ Долгосрочные;6 месяцев;4. ОГЗ Долгосрочные;6 месяцев;4. ОГЗ Долгосрочные;6 месяцев;4. ОГЗ Долгосрочные;6 месяцев;4. ОГЗ Долгосрочные;6 месяцев;4. ОГЗ Долгосрочные;6 месяцев;4. ОГЗ Долгосрочные;6 месяцев;4. ОГЗ Долгосрочные;6 месяцев;4. ОГЗ Долгосрочные;6 месяцев;4. ОГЗ Долгосрочные;6 месяцев;4. ОГЗ Долгосрочные;6 месяцев;4. ОГЗ Долгосрочные;6 месяцев;;;4. ОГЗ Долгосрочные;6 месяцев;;;4. ОГЗ Долгосрочные;6 месяцев;;;4. ОГЗ Долгосрочные;6 месяцев;4. ОГЗ Долгосрочные;6 месяцев;4. ОГЗ Долгосрочные;6 месяцев;;;4. ОГЗ Долгосрочные;6 месяцев;;;4. ОГЗ Долгосрочные;6 месяцев;;;4. ОГЗ Долгосрочные;6 месяцев;;;4. ОГЗ Долгосрочные;6 месяцев;4. ОГЗ Долгосрочные;6 месяцев
37748201;https://alladin116.amocrm.ru/leads/detail/37748201;;Закрыто и не реализовано;05.05.2026;;;;;;;;;;;;;;;1. ОГЗ Квалификация;Закрыто и не реализовано;;;;;;;;;;;;;;;;;;;;;;;;;;;;;;;;;;;;;;;;;;;;;;;;;;;;;;;;;;;;;;;;;;;;;;;;;;;;
37748205;https://alladin116.amocrm.ru/leads/detail/37748205;;Закрыто и не реализовано;05.05.2026;;;;;;;;;;;;;;;1. ОГЗ Квалификация;Закрыто и не реализовано;;;;;;;;;;;;;;;;;;;;;;;;;;;;;;;;;;;;;;;;;;;;;;;;;;;;;;;;;;;;;;;;;;;;;;;;;;;;
37748211;https://alladin116.amocrm.ru/leads/detail/37748211;;Закрыто и не реализовано;05.05.2026;;;;;;;;;;;;;;;1. ОГЗ Квалификация;Закрыто и не реализовано;;;;;;;;;;;;;;;;;;;;;;;;;;;;;;;;;;;;;;;;;;;;;;;;;;;;;;;;;;;;;;;;;;;;;;;;;;;;
37748215;https://alladin116.amocrm.ru/leads/detail/37748215;;;05.05.2026;;;2. ОГЗ Фокусные;Подготовлено КП;;;2. ОГЗ Фокусные;Подготовлено КП;;;2. ОГЗ Фокусные;Подготовлено КП;;;2. ОГЗ Фокусные;Подготовлено КП;2. ОГЗ Фокусные;Подготовлено КП;2. ОГЗ Фокусные;Подготовлено КП;2. ОГЗ Фокусные;Подготовлено КП;2. ОГЗ Фокусные;Подготовлено КП;2. ОГЗ Фокусные;Подготовлено КП;2. ОГЗ Фокусные;Подготовлено КП;2. ОГЗ Фокусные;Подготовлено КП;2. ОГЗ Фокусные;Подготовлено КП;2. ОГЗ Фокусные;Подготовлено КП;2. ОГЗ Фокусные;Подготовлено КП;2. ОГЗ Фокусные;Подготовлено КП;2. ОГЗ Фокусные;Подготовлено КП;2. ОГЗ Фокусные;Подготовлено КП;2. ОГЗ Фокусные;Подготовлено КП;2. ОГЗ Фокусные;Подготовлено КП;2. ОГЗ Фокусные;Подготовлено КП;2. ОГЗ Фокусные;Подготовлено КП;2. ОГЗ Фокусные;Подготовлено КП;2. ОГЗ Фокусные;Подготовлено КП;2. ОГЗ Фокусные;Подготовлено КП;2. ОГЗ Фокусные;Подготовлено КП;;;2. ОГЗ Фокусные;Подготовлено КП;;;2. ОГЗ Фокусные;Подготовлено КП;;;2. ОГЗ Фокусные;Подготовлено КП;2. ОГЗ Фокусные;Подготовлено КП;2. ОГЗ Фокусные;Подготовлено КП;;;2. ОГЗ Фокусные;Подготовлено КП;;;2. ОГЗ Фокусные;Подготовлено КП;;;2. ОГЗ Фокусные;Подготовлено КП;;;2. ОГЗ Фокусные;Подготовлено КП;2. ОГЗ Фокусные;Подготовлено КП
37748229;https://alladin116.amocrm.ru/leads/detail/37748229;;Закрыто и не реализовано;05.05.2026;;;;;;;;;;;;;;;1. ОГЗ Квалификация;Закрыто и не реализовано;;;;;;;;;;;;;;;;;;;;;;;;;;;;;;;;;;;;;;;;;;;;;;;;;;;;;;;;;;;;;;;;;;;;;;;;;;;;
37748233;https://alladin116.amocrm.ru/leads/detail/37748233;;;05.05.2026;;;4. ОГЗ Долгосрочные;9 месяцев;;;4. ОГЗ Долгосрочные;9 месяцев;;;4. ОГЗ Долгосрочные;9 месяцев;;;1. ОГЗ Квалификация;Контакт установлен;4. ОГЗ Долгосрочные;9 месяцев;4. ОГЗ Долгосрочные;9 месяцев;4. ОГЗ Долгосрочные;9 месяцев;4. ОГЗ Долгосрочные;9 месяцев;4. ОГЗ Долгосрочные;9 месяцев;4. ОГЗ Долгосрочные;9 месяцев;4. ОГЗ Долгосрочные;9 месяцев;4. ОГЗ Долгосрочные;9 месяцев;4. ОГЗ Долгосрочные;9 месяцев;4. ОГЗ Долгосрочные;9 месяцев;4. ОГЗ Долгосрочные;9 месяцев;4. ОГЗ Долгосрочные;9 месяцев;4. ОГЗ Долгосрочные;9 месяцев;4. ОГЗ Долгосрочные;9 месяцев;4. ОГЗ Долгосрочные;9 месяцев;4. ОГЗ Долгосрочные;9 месяцев;4. ОГЗ Долгосрочные;9 месяцев;4. ОГЗ Долгосрочные;9 месяцев;4. ОГЗ Долгосрочные;9 месяцев;4. ОГЗ Долгосрочные;9 месяцев;4. ОГЗ Долгосрочные;9 месяцев;;;4. ОГЗ Долгосрочные;9 месяцев;;;4. ОГЗ Долгосрочные;9 месяцев;;;4. ОГЗ Долгосрочные;9 месяцев;4. ОГЗ Долгосрочные;9 месяцев;4. ОГЗ Долгосрочные;9 месяцев;;;4. ОГЗ Долгосрочные;9 месяцев;;;4. ОГЗ Долгосрочные;9 месяцев;;;4. ОГЗ Долгосрочные;9 месяцев;;;4. ОГЗ Долгосрочные;9 месяцев;4. ОГЗ Долгосрочные;9 месяцев
37748241;https://alladin116.amocrm.ru/leads/detail/37748241;;Закрыто и не реализовано;05.05.2026;;;;;;;;;;;;;;;1. ОГЗ Квалификация;Контакт установлен;;;1. ОГЗ Квалификация;Закрыто и не реализовано;;;;;;;;;;;;;;;;;;;;;;;;;;;;;;;;;;;;;;;;;;;;;;;;;;;;;;;;;;;;;;;;;;;;;;;;
37748327;https://alladin116.amocrm.ru/leads/detail/37748327;;Закрыто и не реализовано;06.05.2026;;;;;;;;;;;;;;;;;;;1. ОГЗ Квалификация;Закрыто и не реализовано;;;;;;;;;;;;;;;;;;;;;;;;;;;;;;;;;;;;;;;;;;;;;;;;;;;;;;;;;;;;;;;;;;;;;;;;
37748397;https://alladin116.amocrm.ru/leads/detail/37748397;;Закрыто и не реализовано;06.05.2026;;;;;;;;;;;;;;;;;;;1. ОГЗ Квалификация;Закрыто и не реализовано;;;;;;;;;;;;;;;;;;;;;;;;;;;;;;;;;;;;;;;;;;;;;;;;;;;;;;;;;;;;;;;;;;;;;;;;
37748419;https://alladin116.amocrm.ru/leads/detail/37748419;;;06.05.2026;;;4. ОГЗ Долгосрочные;6 месяцев;;;4. ОГЗ Долгосрочные;6 месяцев;;;4. ОГЗ Долгосрочные;6 месяцев;;;;;4. ОГЗ Долгосрочные;6 месяцев;4. ОГЗ Долгосрочные;6 месяцев;4. ОГЗ Долгосрочные;6 месяцев;4. ОГЗ Долгосрочные;6 месяцев;4. ОГЗ Долгосрочные;6 месяцев;4. ОГЗ Долгосрочные;6 месяцев;4. ОГЗ Долгосрочные;6 месяцев;4. ОГЗ Долгосрочные;6 месяцев;4. ОГЗ Долгосрочные;6 месяцев;4. ОГЗ Долгосрочные;6 месяцев;4. ОГЗ Долгосрочные;6 месяцев;4. ОГЗ Долгосрочные;6 месяцев;4. ОГЗ Долгосрочные;6 месяцев;4. ОГЗ Долгосрочные;6 месяцев;4. ОГЗ Долгосрочные;6 месяцев;4. ОГЗ Долгосрочные;6 месяцев;4. ОГЗ Долгосрочные;6 месяцев;4. ОГЗ Долгосрочные;6 месяцев;4. ОГЗ Долгосрочные;6 месяцев;4. ОГЗ Долгосрочные;6 месяцев;4. ОГЗ Долгосрочные;6 месяцев;;;4. ОГЗ Долгосрочные;6 месяцев;;;4. ОГЗ Долгосрочные;6 месяцев;;;4. ОГЗ Долгосрочные;6 месяцев;4. ОГЗ Долгосрочные;6 месяцев;4. ОГЗ Долгосрочные;6 месяцев;;;4. ОГЗ Долгосрочные;6 месяцев;;;4. ОГЗ Долгосрочные;6 месяцев;;;4. ОГЗ Долгосрочные;6 месяцев;;;4. ОГЗ Долгосрочные;6 месяцев;4. ОГЗ Долгосрочные;6 месяцев
37748433;https://alladin116.amocrm.ru/leads/detail/37748433;;;06.05.2026;;;4. ОГЗ Долгосрочные;12+ месяцев;;;4. ОГЗ Долгосрочные;12+ месяцев;;;4. ОГЗ Долгосрочные;12+ месяцев;;;;;4. ОГЗ Долгосрочные;12+ месяцев;4. ОГЗ Долгосрочные;12+ месяцев;4. ОГЗ Долгосрочные;12+ месяцев;4. ОГЗ Долгосрочные;12+ месяцев;4. ОГЗ Долгосрочные;12+ месяцев;4. ОГЗ Долгосрочные;12+ месяцев;4. ОГЗ Долгосрочные;12+ месяцев;4. ОГЗ Долгосрочные;12+ месяцев;4. ОГЗ Долгосрочные;12+ месяцев;4. ОГЗ Долгосрочные;12+ месяцев;4. ОГЗ Долгосрочные;12+ месяцев;4. ОГЗ Долгосрочные;12+ месяцев;4. ОГЗ Долгосрочные;12+ месяцев;4. ОГЗ Долгосрочные;12+ месяцев;4. ОГЗ Долгосрочные;12+ месяцев;4. ОГЗ Долгосрочные;12+ месяцев;4. ОГЗ Долгосрочные;12+ месяцев;4. ОГЗ Долгосрочные;12+ месяцев;4. ОГЗ Долгосрочные;12+ месяцев;4. ОГЗ Долгосрочные;12+ месяцев;4. ОГЗ Долгосрочные;12+ месяцев;;;4. ОГЗ Долгосрочные;12+ месяцев;;;4. ОГЗ Долгосрочные;12+ месяцев;;;4. ОГЗ Долгосрочные;12+ месяцев;4. ОГЗ Долгосрочные;12+ месяцев;4. ОГЗ Долгосрочные;12+ месяцев;;;4. ОГЗ Долгосрочные;12+ месяцев;;;4. ОГЗ Долгосрочные;12+ месяцев;;;4. ОГЗ Долгосрочные;12+ месяцев;;;4. ОГЗ Долгосрочные;12+ месяцев;4. ОГЗ Долгосрочные;12+ месяцев
37748439;https://alladin116.amocrm.ru/leads/detail/37748439;;;06.05.2026;;;3. ОГЗ Упрощенное;Подготовлено КП;;;3. ОГЗ Упрощенное;Подготовлено КП;;;3. ОГЗ Упрощенное;Подготовлено КП;;;;;3. ОГЗ Упрощенное;Подготовлено КП;3. ОГЗ Упрощенное;Назначена дата презентации КП и запрошены материалы;3. ОГЗ Упрощенное;Подготовлено КП;3. ОГЗ Упрощенное;Подготовлено КП;3. ОГЗ Упрощенное;Подготовлено КП;3. ОГЗ Упрощенное;Подготовлено КП;3. ОГЗ Упрощенное;Подготовлено КП;3. ОГЗ Упрощенное;Подготовлено КП;3. ОГЗ Упрощенное;Подготовлено КП;3. ОГЗ Упрощенное;Подготовлено КП;3. ОГЗ Упрощенное;Подготовлено КП;3. ОГЗ Упрощенное;Подготовлено КП;3. ОГЗ Упрощенное;Подготовлено КП;3. ОГЗ Упрощенное;Подготовлено КП;3. ОГЗ Упрощенное;Подготовлено КП;3. ОГЗ Упрощенное;Подготовлено КП;3. ОГЗ Упрощенное;Подготовлено КП;3. ОГЗ Упрощенное;Подготовлено КП;3. ОГЗ Упрощенное;Подготовлено КП;3. ОГЗ Упрощенное;Подготовлено КП;3. ОГЗ Упрощенное;Подготовлено КП;;;3. ОГЗ Упрощенное;Подготовлено КП;;;3. ОГЗ Упрощенное;Подготовлено КП;;;3. ОГЗ Упрощенное;Подготовлено КП;3. ОГЗ Упрощенное;Подготовлено КП;3. ОГЗ Упрощенное;Подготовлено КП;;;3. ОГЗ Упрощенное;Подготовлено КП;;;3. ОГЗ Упрощенное;Подготовлено КП;;;3. ОГЗ Упрощенное;Подготовлено КП;;;3. ОГЗ Упрощенное;Подготовлено КП;3. ОГЗ Упрощенное;Подготовлено КП
37748449;https://alladin116.amocrm.ru/leads/detail/37748449;;Закрыто и не реализовано;06.05.2026;;;;;;;;;;;;;;;;;;;1. ОГЗ Квалификация;Закрыто и не реализовано;;;;;;;;;;;;;;;;;;;;;;;;;;;;;;;;;;;;;;;;;;;;;;;;;;;;;;;;;;;;;;;;;;;;;;;;
37748473;https://alladin116.amocrm.ru/leads/detail/37748473;;Закрыто и не реализовано;06.05.2026;;;;;;;;;;;;;;;;;;;1. ОГЗ Квалификация;Закрыто и не реализовано;;;;;;;;;;;;;;;;;;;;;;;;;;;;;;;;;;;;;;;;;;;;;;;;;;;;;;;;;;;;;;;;;;;;;;;;
37748475;https://alladin116.amocrm.ru/leads/detail/37748475;;Закрыто и не реализовано;06.05.2026;;;;;;;;;;;;;;;;;;;1. ОГЗ Квалификация;Закрыто и не реализовано;;;;;;;;;;;;;;;;;;;;;;;;;;;;;;;;;;;;;;;;;;;;;;;;;;;;;;;;;;;;;;;;;;;;;;;;
37748487;https://alladin116.amocrm.ru/leads/detail/37748487;;Закрыто и не реализовано;06.05.2026;;;;;;;;;;;;;;;;;;;1. ОГЗ Квалификация;Контакт установлен;;;1. ОГЗ Квалификация;Контакт установлен;;;1. ОГЗ Квалификация;Закрыто и не реализовано;;;;;;;;;;;;;;;;;;;;;;;;;;;;;;;;;;;;;;;;;;;;;;;;;;;;;;;;;;;;;;;;
37748489;https://alladin116.amocrm.ru/leads/detail/37748489;;;06.05.2026;;;4. ОГЗ Долгосрочные;12+ месяцев;;;4. ОГЗ Долгосрочные;12+ месяцев;;;4. ОГЗ Долгосрочные;12+ месяцев;;;;;4. ОГЗ Долгосрочные;12+ месяцев;3. ОГЗ Упрощенное;Получены материалы по проекту (в тч Договор);4. ОГЗ Долгосрочные;12+ месяцев;3. ОГЗ Упрощенное;Подготовлено КП;4. ОГЗ Долгосрочные;12+ месяцев;3. ОГЗ Упрощенное;Подготовлено КП;4. ОГЗ Долгосрочные;12+ месяцев;3. ОГЗ Упрощенное;Подготовлено КП;3. ОГЗ Упрощенное;Подготовлено КП;3. ОГЗ Упрощенное;Подготовлено КП;3. ОГЗ Упрощенное;Подготовлено КП;3. ОГЗ Упрощенное;Подготовлено КП;3. ОГЗ Упрощенное;Подготовлено КП;3. ОГЗ Упрощенное;Подготовлено КП;3. ОГЗ Упрощенное;Подготовлено КП;3. ОГЗ Упрощенное;Подготовлено КП;3. ОГЗ Упрощенное;Подготовлено КП;3. ОГЗ Упрощенное;Подготовлено КП;3. ОГЗ Упрощенное;Подготовлено КП;3. ОГЗ Упрощенное;Подготовлено КП;3. ОГЗ Упрощенное;Подготовлено КП;;;3. ОГЗ Упрощенное;Подготовлено КП;;;3. ОГЗ Упрощенное;Подготовлено КП;;;3. ОГЗ Упрощенное;Подготовлено КП;3. ОГЗ Упрощенное;Подготовлено КП;3. ОГЗ Упрощенное;Подготовлено КП;;;4. ОГЗ Долгосрочные;12+ месяцев;;;4. ОГЗ Долгосрочные;12+ месяцев;;;4. ОГЗ Долгосрочные;12+ месяцев;;;4. ОГЗ Долгосрочные;12+ месяцев;4. ОГЗ Долгосрочные;12+ месяцев
37748497;https://alladin116.amocrm.ru/leads/detail/37748497;;;06.05.2026;;;4. ОГЗ Долгосрочные;12+ месяцев;;;4. ОГЗ Долгосрочные;12+ месяцев;;;4. ОГЗ Долгосрочные;12+ месяцев;;;;;4. ОГЗ Долгосрочные;12+ месяцев;4. ОГЗ Долгосрочные;12+ месяцев;4. ОГЗ Долгосрочные;12+ месяцев;4. ОГЗ Долгосрочные;12+ месяцев;4. ОГЗ Долгосрочные;12+ месяцев;4. ОГЗ Долгосрочные;12+ месяцев;4. ОГЗ Долгосрочные;12+ месяцев;4. ОГЗ Долгосрочные;12+ месяцев;4. ОГЗ Долгосрочные;12+ месяцев;4. ОГЗ Долгосрочные;12+ месяцев;4. ОГЗ Долгосрочные;12+ месяцев;4. ОГЗ Долгосрочные;12+ месяцев;4. ОГЗ Долгосрочные;12+ месяцев;4. ОГЗ Долгосрочные;12+ месяцев;4. ОГЗ Долгосрочные;12+ месяцев;4. ОГЗ Долгосрочные;12+ месяцев;4. ОГЗ Долгосрочные;12+ месяцев;4. ОГЗ Долгосрочные;12+ месяцев;4. ОГЗ Долгосрочные;12+ месяцев;4. ОГЗ Долгосрочные;12+ месяцев;4. ОГЗ Долгосрочные;12+ месяцев;;;4. ОГЗ Долгосрочные;12+ месяцев;;;4. ОГЗ Долгосрочные;12+ месяцев;;;4. ОГЗ Долгосрочные;12+ месяцев;4. ОГЗ Долгосрочные;12+ месяцев;4. ОГЗ Долгосрочные;12+ месяцев;;;4. ОГЗ Долгосрочные;12+ месяцев;;;4. ОГЗ Долгосрочные;12+ месяцев;;;4. ОГЗ Долгосрочные;12+ месяцев;;;4. ОГЗ Долгосрочные;12+ месяцев;4. ОГЗ Долгосрочные;12+ месяцев
37748499;https://alladin116.amocrm.ru/leads/detail/37748499;;Закрыто и не реализовано;06.05.2026;;;;;;;;;;;;;;;;;;;3. ОГЗ Упрощенное;Получены материалы по проекту (в тч Договор);;;3. ОГЗ Упрощенное;Подготовлено КП;;;3. ОГЗ Упрощенное;Закрыто и не реализовано;;;;;;;;;;;;;;;;;;;;;;;;;;;;;;;;;;;;;;;;;;;;;;;;;;;;;;;;;;;;;;;;
37748501;https://alladin116.amocrm.ru/leads/detail/37748501;;;06.05.2026;;;Квалификация ОГЗ;Презентация БО;;;Квалификация ОГЗ;Презентация БО;;;Квалификация ОГЗ;Презентация БО;;;;;Квалификация ОГЗ;Презентация БО;Квалификация ОГЗ;Презентация БО;Квалификация ОГЗ;Презентация БО;Квалификация ОГЗ;Презентация БО;Квалификация ОГЗ;Презентация БО;Квалификация ОГЗ;Презентация БО;Квалификация ОГЗ;Презентация БО;Квалификация ОГЗ;Презентация БО;Квалификация ОГЗ;Презентация БО;Квалификация ОГЗ;Презентация БО;Квалификация ОГЗ;Презентация БО;Квалификация ОГЗ;Презентация БО;Квалификация ОГЗ;Презентация БО;Квалификация ОГЗ;Презентация БО;Квалификация ОГЗ;Презентация БО;Квалификация ОГЗ;Презентация БО;Квалификация ОГЗ;Презентация БО;Квалификация ОГЗ;Презентация БО;Квалификация ОГЗ;Презентация БО;Квалификация ОГЗ;Презентация БО;Квалификация ОГЗ;Презентация БО;;;Квалификация ОГЗ;Презентация БО;;;Квалификация ОГЗ;Презентация БО;;;Квалификация ОГЗ;Презентация БО;Квалификация ОГЗ;Презентация БО;Квалификация ОГЗ;Презентация БО;;;Квалификация ОГЗ;Презентация БО;;;Квалификация ОГЗ;Презентация БО;;;Квалификация ОГЗ;Презентация БО;;;Квалификация ОГЗ;Презентация БО;Квалификация ОГЗ;Презентация БО
37748503;https://alladin116.amocrm.ru/leads/detail/37748503;;Закрыто и не реализовано;06.05.2026;;;;;;;;;;;;;;;;;;;1. ОГЗ Квалификация;Закрыто и не реализовано;;;;;;;;;;;;;;;;;;;;;;;;;;;;;;;;;;;;;;;;;;;;;;;;;;;;;;;;;;;;;;;;;;;;;;;;
37748515;https://alladin116.amocrm.ru/leads/detail/37748515;;;06.05.2026;;;4. ОГЗ Долгосрочные;6 месяцев;;;4. ОГЗ Долгосрочные;6 месяцев;;;4. ОГЗ Долгосрочные;6 месяцев;;;;;4. ОГЗ Долгосрочные;6 месяцев;4. ОГЗ Долгосрочные;6 месяцев;4. ОГЗ Долгосрочные;6 месяцев;4. ОГЗ Долгосрочные;6 месяцев;4. ОГЗ Долгосрочные;6 месяцев;4. ОГЗ Долгосрочные;6 месяцев;4. ОГЗ Долгосрочные;6 месяцев;4. ОГЗ Долгосрочные;6 месяцев;4. ОГЗ Долгосрочные;6 месяцев;4. ОГЗ Долгосрочные;6 месяцев;4. ОГЗ Долгосрочные;6 месяцев;4. ОГЗ Долгосрочные;6 месяцев;4. ОГЗ Долгосрочные;6 месяцев;4. ОГЗ Долгосрочные;6 месяцев;4. ОГЗ Долгосрочные;6 месяцев;4. ОГЗ Долгосрочные;6 месяцев;4. ОГЗ Долгосрочные;6 месяцев;4. ОГЗ Долгосрочные;6 месяцев;4. ОГЗ Долгосрочные;6 месяцев;4. ОГЗ Долгосрочные;6 месяцев;4. ОГЗ Долгосрочные;6 месяцев;;;4. ОГЗ Долгосрочные;6 месяцев;;;4. ОГЗ Долгосрочные;6 месяцев;;;4. ОГЗ Долгосрочные;6 месяцев;4. ОГЗ Долгосрочные;6 месяцев;4. ОГЗ Долгосрочные;6 месяцев;;;4. ОГЗ Долгосрочные;6 месяцев;;;4. ОГЗ Долгосрочные;6 месяцев;;;4. ОГЗ Долгосрочные;6 месяцев;;;4. ОГЗ Долгосрочные;6 месяцев;4. ОГЗ Долгосрочные;6 месяцев
37748517;https://alladin116.amocrm.ru/leads/detail/37748517;;Закрыто и не реализовано;06.05.2026;;;;;;;;;;;;;;;;;;;ОГЗ на будущее;6 Месяцев;;;ОГЗ на будущее;6 Месяцев;;;ОГЗ на будущее;6 Месяцев;;;ОГЗ на будущее;6 Месяцев;ОГЗ на будущее;6 Месяцев;ОГЗ на будущее;6 Месяцев;ОГЗ на будущее;6 Месяцев;ОГЗ на будущее;6 Месяцев;ОГЗ на будущее;6 Месяцев;ОГЗ на будущее;6 Месяцев;ОГЗ на будущее;6 Месяцев;ОГЗ на будущее;6 Месяцев;ОГЗ на будущее;6 Месяцев;ОГЗ на будущее;6 Месяцев;ОГЗ на будущее;6 Месяцев;ОГЗ на будущее;6 Месяцев;ОГЗ на будущее;6 Месяцев;;;ОГЗ на будущее;Закрыто и не реализовано;;;;;;;;;;;;;;;;;;;;;;;;;;;;;;
37748521;https://alladin116.amocrm.ru/leads/detail/37748521;;;06.05.2026;;;4. ОГЗ Долгосрочные;9 месяцев;;;4. ОГЗ Долгосрочные;9 месяцев;;;4. ОГЗ Долгосрочные;9 месяцев;;;;;4. ОГЗ Долгосрочные;9 месяцев;ОГЗ на будущее;6 Месяцев;4. ОГЗ Долгосрочные;9 месяцев;ОГЗ на будущее;6 Месяцев;4. ОГЗ Долгосрочные;9 месяцев;ОГЗ на будущее;6 Месяцев;4. ОГЗ Долгосрочные;9 месяцев;ОГЗ на будущее;6 Месяцев;ОГЗ на будущее;6 Месяцев;ОГЗ на будущее;6 Месяцев;ОГЗ на будущее;6 Месяцев;ОГЗ на будущее;6 Месяцев;ОГЗ на будущее;6 Месяцев;ОГЗ на будущее;6 Месяцев;ОГЗ на будущее;6 Месяцев;ОГЗ на будущее;6 Месяцев;ОГЗ на будущее;6 Месяцев;ОГЗ на будущее;6 Месяцев;ОГЗ на будущее;6 Месяцев;ОГЗ на будущее;6 Месяцев;ОГЗ на будущее;6 Месяцев;;;4. ОГЗ Долгосрочные;9 месяцев;;;4. ОГЗ Долгосрочные;9 месяцев;;;4. ОГЗ Долгосрочные;9 месяцев;4. ОГЗ Долгосрочные;9 месяцев;4. ОГЗ Долгосрочные;9 месяцев;;;4. ОГЗ Долгосрочные;9 месяцев;;;4. ОГЗ Долгосрочные;9 месяцев;;;4. ОГЗ Долгосрочные;9 месяцев;;;4. ОГЗ Долгосрочные;9 месяцев;4. ОГЗ Долгосрочные;9 месяцев
37748525;https://alladin116.amocrm.ru/leads/detail/37748525;;Закрыто и не реализовано;06.05.2026;;;;;;;;;;;;;;;;;;;1. ОГЗ Квалификация;Закрыто и не реализовано;;;;;;;;;;;;;;;;;;;;;;;;;;;;;;;;;;;;;;;;;;;;;;;;;;;;;;;;;;;;;;;;;;;;;;;;
37748531;https://alladin116.amocrm.ru/leads/detail/37748531;;Закрыто и не реализовано;06.05.2026;;;;;;;;;;;;;;;;;;;4. ОГЗ Долгосрочные;6 месяцев;;;4. ОГЗ Долгосрочные;6 месяцев;;;4. ОГЗ Долгосрочные;6 месяцев;;;4. ОГЗ Долгосрочные;6 месяцев;4. ОГЗ Долгосрочные;6 месяцев;4. ОГЗ Долгосрочные;6 месяцев;4. ОГЗ Долгосрочные;6 месяцев;4. ОГЗ Долгосрочные;6 месяцев;4. ОГЗ Долгосрочные;6 месяцев;4. ОГЗ Долгосрочные;6 месяцев;4. ОГЗ Долгосрочные;6 месяцев;4. ОГЗ Долгосрочные;6 месяцев;4. ОГЗ Долгосрочные;6 месяцев;4. ОГЗ Долгосрочные;6 месяцев;4. ОГЗ Долгосрочные;6 месяцев;4. ОГЗ Долгосрочные;6 месяцев;4. ОГЗ Долгосрочные;6 месяцев;;;4. ОГЗ Долгосрочные;6 месяцев;;;4. ОГЗ Долгосрочные;6 месяцев;;;4. ОГЗ Долгосрочные;6 месяцев;4. ОГЗ Долгосрочные;6 месяцев;4. ОГЗ Долгосрочные;6 месяцев;;;4. ОГЗ Долгосрочные;6 месяцев;;;4. ОГЗ Долгосрочные;6 месяцев;;;4. ОГЗ Долгосрочные;Закрыто и не реализовано;;;;;;
37748533;https://alladin116.amocrm.ru/leads/detail/37748533;;Закрыто и не реализовано;06.05.2026;;;;;;;;;;;;;;;;;;;1. ОГЗ Квалификация;Закрыто и не реализовано;;;;;;;;;;;;;;;;;;;;;;;;;;;;;;;;;;;;;;;;;;;;;;;;;;;;;;;;;;;;;;;;;;;;;;;;
37748559;https://alladin116.amocrm.ru/leads/detail/37748559;;Закрыто и не реализовано;06.05.2026;;;;;;;;;;;;;;;;;;;1. ОГЗ Квалификация;Закрыто и не реализовано;;;;;;;;;;;;;;;;;;;;;;;;;;;;;;;;;;;;;;;;;;;;;;;;;;;;;;;;;;;;;;;;;;;;;;;;
37748563;https://alladin116.amocrm.ru/leads/detail/37748563;;;06.05.2026;;;3. ОГЗ Упрощенное;Получены материалы по проекту (в тч Договор);;;3. ОГЗ Упрощенное;Получены материалы по проекту (в тч Договор);;;3. ОГЗ Упрощенное;Получены материалы по проекту (в тч Договор);;;;;3. ОГЗ Упрощенное;Получены материалы по проекту (в тч Договор);3. ОГЗ Упрощенное;Получены материалы по проекту (в тч Договор);3. ОГЗ Упрощенное;Получены материалы по проекту (в тч Договор);3. ОГЗ Упрощенное;Получены материалы по проекту (в тч Договор);3. ОГЗ Упрощенное;Получены материалы по проекту (в тч Договор);3. ОГЗ Упрощенное;Получены материалы по проекту (в тч Договор);3. ОГЗ Упрощенное;Получены материалы по проекту (в тч Договор);3. ОГЗ Упрощенное;Получены материалы по проекту (в тч Договор);3. ОГЗ Упрощенное;Получены материалы по проекту (в тч Договор);3. ОГЗ Упрощенное;Получены материалы по проекту (в тч Договор);3. ОГЗ Упрощенное;Получены материалы по проекту (в тч Договор);3. ОГЗ Упрощенное;Получены материалы по проекту (в тч Договор);3. ОГЗ Упрощенное;Получены материалы по проекту (в тч Договор);3. ОГЗ Упрощенное;Получены материалы по проекту (в тч Договор);3. ОГЗ Упрощенное;Получены материалы по проекту (в тч Договор);3. ОГЗ Упрощенное;Получены материалы по проекту (в тч Договор);3. ОГЗ Упрощенное;Получены материалы по проекту (в тч Договор);3. ОГЗ Упрощенное;Получены материалы по проекту (в тч Договор);3. ОГЗ Упрощенное;Получены материалы по проекту (в тч Договор);3. ОГЗ Упрощенное;Получены материалы по проекту (в тч Договор);3. ОГЗ Упрощенное;Получены материалы по проекту (в тч Договор);;;3. ОГЗ Упрощенное;Получены материалы по проекту (в тч Договор);;;3. ОГЗ Упрощенное;Получены материалы по проекту (в тч Договор);;;3. ОГЗ Упрощенное;Получены материалы по проекту (в тч Договор);3. ОГЗ Упрощенное;Получены материалы по проекту (в тч Договор);3. ОГЗ Упрощенное;Получены материалы по проекту (в тч Договор);;;3. ОГЗ Упрощенное;Получены материалы по проекту (в тч Договор);;;3. ОГЗ Упрощенное;Получены материалы по проекту (в тч Договор);;;3. ОГЗ Упрощенное;Получены материалы по проекту (в тч Договор);;;3. ОГЗ Упрощенное;Получены материалы по проекту (в тч Договор);3. ОГЗ Упрощенное;Получены материалы по проекту (в тч Договор)
37748567;https://alladin116.amocrm.ru/leads/detail/37748567;;Закрыто и не реализовано;06.05.2026;;;;;;;;;;;;;;;;;;;1. ОГЗ Квалификация;Закрыто и не реализовано;;;;;;;;;;;;;;;;;;;;;;;;;;;;;;;;;;;;;;;;;;;;;;;;;;;;;;;;;;;;;;;;;;;;;;;;
37748589;https://alladin116.amocrm.ru/leads/detail/37748589;;Закрыто и не реализовано;06.05.2026;;;;;;;;;;;;;;;;;;;1. ОГЗ Квалификация;Закрыто и не реализовано;;;;;;;;;;;;;;;;;;;;;;;;;;;;;;;;;;;;;;;;;;;;;;;;;;;;;;;;;;;;;;;;;;;;;;;;
37748607;https://alladin116.amocrm.ru/leads/detail/37748607;;Закрыто и не реализовано;06.05.2026;;;4. ОГЗ Долгосрочные;6 месяцев;;;4. ОГЗ Долгосрочные;6 месяцев;;;4. ОГЗ Долгосрочные;6 месяцев;;;;;4. ОГЗ Долгосрочные;6 месяцев;4. ОГЗ Долгосрочные;6 месяцев;4. ОГЗ Долгосрочные;Закрыто и не реализовано;4. ОГЗ Долгосрочные;6 месяцев;;;4. ОГЗ Долгосрочные;6 месяцев;;;4. ОГЗ Долгосрочные;6 месяцев;4. ОГЗ Долгосрочные;6 месяцев;4. ОГЗ Долгосрочные;6 месяцев;4. ОГЗ Долгосрочные;6 месяцев;4. ОГЗ Долгосрочные;6 месяцев;4. ОГЗ Долгосрочные;6 месяцев;4. ОГЗ Долгосрочные;6 месяцев;4. ОГЗ Долгосрочные;6 месяцев;4. ОГЗ Долгосрочные;6 месяцев;4. ОГЗ Долгосрочные;6 месяцев;4. ОГЗ Долгосрочные;6 месяцев;4. ОГЗ Долгосрочные;6 месяцев;4. ОГЗ Долгосрочные;6 месяцев;4. ОГЗ Долгосрочные;6 месяцев;;;4. ОГЗ Долгосрочные;6 месяцев;;;4. ОГЗ Долгосрочные;6 месяцев;;;4. ОГЗ Долгосрочные;6 месяцев;4. ОГЗ Долгосрочные;6 месяцев;4. ОГЗ Долгосрочные;6 месяцев;;;4. ОГЗ Долгосрочные;6 месяцев;;;4. ОГЗ Долгосрочные;6 месяцев;;;4. ОГЗ Долгосрочные;6 месяцев;;;4. ОГЗ Долгосрочные;6 месяцев;4. ОГЗ Долгосрочные;6 месяцев
37748619;https://alladin116.amocrm.ru/leads/detail/37748619;;Закрыто и не реализовано;06.05.2026;;;;;;;;;;;;;;;;;;;1. ОГЗ Квалификация;Закрыто и не реализовано;;;;;;;;;;;;;;;;;;;;;;;;;;;;;;;;;;;;;;;;;;;;;;;;;;;;;;;;;;;;;;;;;;;;;;;;
37748631;https://alladin116.amocrm.ru/leads/detail/37748631;;Закрыто и не реализовано;06.05.2026;;;;;;;;;;;;;;;;;;;1. ОГЗ Квалификация;Закрыто и не реализовано;;;;;;;;;;;;;;;;;;;;;;;;;;;;;;;;;;;;;;;;;;;;;;;;;;;;;;;;;;;;;;;;;;;;;;;;
37748645;https://alladin116.amocrm.ru/leads/detail/37748645;;Закрыто и не реализовано;06.05.2026;;;;;;;;;;;;;;;;;;;1. ОГЗ Квалификация;Закрыто и не реализовано;;;;;;;;;;;;;;;;;;;;;;;;;;;;;;;;;;;;;;;;;;;;;;;;;;;;;;;;;;;;;;;;;;;;;;;;
37748647;https://alladin116.amocrm.ru/leads/detail/37748647;;Закрыто и не реализовано;06.05.2026;;;;;;;;;;;;;;;;;;;1. ОГЗ Квалификация;Контакт установлен;;;1. ОГЗ Квалификация;Контакт установлен;;;1. ОГЗ Квалификация;Контакт установлен;;;1. ОГЗ Квалификация;Контакт установлен;1. ОГЗ Квалификация;Контакт установлен;1. ОГЗ Квалификация;Контакт установлен;1. ОГЗ Квалификация;Контакт установлен;1. ОГЗ Квалификация;Закрыто и не реализовано;;;;;;;;;;;;;;;;;;;;;;;;;;;;;;;;;;;;;;;;;;;;;;;;;;;;
37748865;https://alladin116.amocrm.ru/leads/detail/37748865;;Закрыто и не реализовано;07.05.2026;;;;;;;;;;;;;;;;;;;;;;;4. ОГЗ Долгосрочные;6 месяцев;;;4. ОГЗ Долгосрочные;6 месяцев;;;4. ОГЗ Долгосрочные;6 месяцев;4. ОГЗ Долгосрочные;6 месяцев;4. ОГЗ Долгосрочные;6 месяцев;4. ОГЗ Долгосрочные;6 месяцев;4. ОГЗ Долгосрочные;Закрыто и не реализовано;;;;;;;;;;;;;;;;;;;;;;;;;;;;;;;;;;;;;;;;;;;;;;;;;;;;
37748881;https://alladin116.amocrm.ru/leads/detail/37748881;;Закрыто и не реализовано;07.05.2026;;;;;;;;;;;;;;;;;;;;;;;1. ОГЗ Квалификация;Закрыто и не реализовано;;;;;;;;;;;;;;;;;;;;;;;;;;;;;;;;;;;;;;;;;;;;;;;;;;;;;;;;;;;;;;;;;;;;
37748907;https://alladin116.amocrm.ru/leads/detail/37748907;;Закрыто и не реализовано;07.05.2026;;;;;;;;;;;;;;;;;;;;;;;1. ОГЗ Квалификация;Закрыто и не реализовано;;;;;;;;;;;;;;;;;;;;;;;;;;;;;;;;;;;;;;;;;;;;;;;;;;;;;;;;;;;;;;;;;;;;
37748997;https://alladin116.amocrm.ru/leads/detail/37748997;;;07.05.2026;;;Квалификация ОГЗ;Презентация БО;;;Квалификация ОГЗ;Презентация БО;;;Квалификация ОГЗ;Презентация БО;;;;;Квалификация ОГЗ;Презентация БО;;;Квалификация ОГЗ;Презентация БО;Квалификация ОГЗ;на расчете БО (бюджетная оценка);Квалификация ОГЗ;Презентация БО;Квалификация ОГЗ;на расчете БО (бюджетная оценка);Квалификация ОГЗ;Презентация БО;Квалификация ОГЗ;на расчете БО (бюджетная оценка);Квалификация ОГЗ;на расчете БО (бюджетная оценка);Квалификация ОГЗ;на расчете БО (бюджетная оценка);Квалификация ОГЗ;на расчете БО (бюджетная оценка);Квалификация ОГЗ;на расчете БО (бюджетная оценка);Квалификация ОГЗ;на расчете БО (бюджетная оценка);Квалификация ОГЗ;на расчете БО (бюджетная оценка);Квалификация ОГЗ;на расчете БО (бюджетная оценка);Квалификация ОГЗ;на расчете БО (бюджетная оценка);Квалификация ОГЗ;на расчете БО (бюджетная оценка);Квалификация ОГЗ;на расчете БО (бюджетная оценка);Квалификация ОГЗ;на расчете БО (бюджетная оценка);Квалификация ОГЗ;на расчете БО (бюджетная оценка);Квалификация ОГЗ;на расчете БО (бюджетная оценка);;;Квалификация ОГЗ;Презентация БО;;;Квалификация ОГЗ;Презентация БО;;;Квалификация ОГЗ;Презентация БО;Квалификация ОГЗ;Презентация БО;Квалификация ОГЗ;Презентация БО;;;Квалификация ОГЗ;Презентация БО;;;Квалификация ОГЗ;Презентация БО;;;Квалификация ОГЗ;Презентация БО;;;Квалификация ОГЗ;Презентация БО;Квалификация ОГЗ;Презентация БО
37749017;https://alladin116.amocrm.ru/leads/detail/37749017;;;07.05.2026;;;4. ОГЗ Долгосрочные;9 месяцев;;;4. ОГЗ Долгосрочные;9 месяцев;;;4. ОГЗ Долгосрочные;9 месяцев;;;;;4. ОГЗ Долгосрочные;9 месяцев;;;4. ОГЗ Долгосрочные;9 месяцев;4. ОГЗ Долгосрочные;9 месяцев;4. ОГЗ Долгосрочные;9 месяцев;4. ОГЗ Долгосрочные;9 месяцев;4. ОГЗ Долгосрочные;9 месяцев;4. ОГЗ Долгосрочные;9 месяцев;4. ОГЗ Долгосрочные;9 месяцев;4. ОГЗ Долгосрочные;9 месяцев;4. ОГЗ Долгосрочные;9 месяцев;4. ОГЗ Долгосрочные;9 месяцев;4. ОГЗ Долгосрочные;9 месяцев;4. ОГЗ Долгосрочные;9 месяцев;4. ОГЗ Долгосрочные;9 месяцев;4. ОГЗ Долгосрочные;9 месяцев;4. ОГЗ Долгосрочные;9 месяцев;4. ОГЗ Долгосрочные;9 месяцев;4. ОГЗ Долгосрочные;9 месяцев;4. ОГЗ Долгосрочные;9 месяцев;4. ОГЗ Долгосрочные;9 месяцев;;;4. ОГЗ Долгосрочные;9 месяцев;;;4. ОГЗ Долгосрочные;9 месяцев;;;4. ОГЗ Долгосрочные;9 месяцев;4. ОГЗ Долгосрочные;9 месяцев;4. ОГЗ Долгосрочные;9 месяцев;;;4. ОГЗ Долгосрочные;9 месяцев;;;4. ОГЗ Долгосрочные;9 месяцев;;;4. ОГЗ Долгосрочные;9 месяцев;;;4. ОГЗ Долгосрочные;9 месяцев;4. ОГЗ Долгосрочные;9 месяцев
37749029;https://alladin116.amocrm.ru/leads/detail/37749029;;Закрыто и не реализовано;07.05.2026;;;;;;;;;;;;;;;;;;;;;;;1. ОГЗ Квалификация;Закрыто и не реализовано;;;;;;;;;;;;;;;;;;;;;;;;;;;;;;;;;;;;;;;;;;;;;;;;;;;;;;;;;;;;;;;;;;;;
37749057;https://alladin116.amocrm.ru/leads/detail/37749057;;Закрыто и не реализовано;07.05.2026;;;;;;;;;;;;;;;;;;;;;;;1. ОГЗ Квалификация;Закрыто и не реализовано;;;;;;;;;;;;;;;;;;;;;;;;;;;;;;;;;;;;;;;;;;;;;;;;;;;;;;;;;;;;;;;;;;;;
37749067;https://alladin116.amocrm.ru/leads/detail/37749067;;Закрыто и не реализовано;07.05.2026;;;;;;;;;;;;;;;;;;;;;;;1. ОГЗ Квалификация;Закрыто и не реализовано;;;;;;;;;;;;;;;;;;;;;;;;;;;;;;;;;;;;;;;;;;;;;;;;;;;;;;;;;;;;;;;;;;;;
37749103;https://alladin116.amocrm.ru/leads/detail/37749103;;Закрыто и не реализовано;07.05.2026;;;;;;;;;;;;;;;;;;;;;;;1. ОГЗ Квалификация;Закрыто и не реализовано;;;;;;;;;;;;;;;;;;;;;;;;;;;;;;;;;;;;;;;;;;;;;;;;;;;;;;;;;;;;;;;;;;;;
37749329;https://alladin116.amocrm.ru/leads/detail/37749329;;Закрыто и не реализовано;08.05.2026;;;;;;;;;;;;;;;;;;;;;;;;;;;1. ОГЗ Квалификация;Закрыто и не реализовано;;;;;;;;;;;;;;;;;;;;;;;;;;;;;;;;;;;;;;;;;;;;;;;;;;;;;;;;;;;;;;;;
37749333;https://alladin116.amocrm.ru/leads/detail/37749333;;Закрыто и не реализовано;08.05.2026;;;;;;;;;;;;;;;;;;;;;;;;;;;4. ОГЗ Долгосрочные;6 месяцев;;;4. ОГЗ Долгосрочные;6 месяцев;4. ОГЗ Долгосрочные;6 месяцев;4. ОГЗ Долгосрочные;6 месяцев;4. ОГЗ Долгосрочные;6 месяцев;4. ОГЗ Долгосрочные;6 месяцев;4. ОГЗ Долгосрочные;6 месяцев;4. ОГЗ Долгосрочные;6 месяцев;4. ОГЗ Долгосрочные;6 месяцев;4. ОГЗ Долгосрочные;6 месяцев;4. ОГЗ Долгосрочные;6 месяцев;4. ОГЗ Долгосрочные;6 месяцев;4. ОГЗ Долгосрочные;6 месяцев;4. ОГЗ Долгосрочные;6 месяцев;4. ОГЗ Долгосрочные;6 месяцев;;;4. ОГЗ Долгосрочные;6 месяцев;;;4. ОГЗ Долгосрочные;6 месяцев;;;4. ОГЗ Долгосрочные;6 месяцев;4. ОГЗ Долгосрочные;6 месяцев;4. ОГЗ Долгосрочные;6 месяцев;;;4. ОГЗ Долгосрочные;6 месяцев;;;4. ОГЗ Долгосрочные;6 месяцев;;;4. ОГЗ Долгосрочные;6 месяцев;;;4. ОГЗ Долгосрочные;Закрыто и не реализовано;;
37749361;https://alladin116.amocrm.ru/leads/detail/37749361;;;08.05.2026;;;Квалификация ОГЗ;на расчете БО (бюджетная оценка);;;Квалификация ОГЗ;на расчете БО (бюджетная оценка);;;Квалификация ОГЗ;на расчете БО (бюджетная оценка);;;;;Квалификация ОГЗ;на расчете БО (бюджетная оценка);;;Квалификация ОГЗ;на расчете БО (бюджетная оценка);;;Квалификация ОГЗ;на расчете БО (бюджетная оценка);Квалификация ОГЗ;на расчете БО (бюджетная оценка);Квалификация ОГЗ;на расчете БО (бюджетная оценка);Квалификация ОГЗ;на расчете БО (бюджетная оценка);Квалификация ОГЗ;на расчете БО (бюджетная оценка);Квалификация ОГЗ;на расчете БО (бюджетная оценка);Квалификация ОГЗ;на расчете БО (бюджетная оценка);Квалификация ОГЗ;на расчете БО (бюджетная оценка);Квалификация ОГЗ;на расчете БО (бюджетная оценка);Квалификация ОГЗ;на расчете БО (бюджетная оценка);Квалификация ОГЗ;на расчете БО (бюджетная оценка);Квалификация ОГЗ;на расчете БО (бюджетная оценка);Квалификация ОГЗ;на расчете БО (бюджетная оценка);Квалификация ОГЗ;на расчете БО (бюджетная оценка);Квалификация ОГЗ;на расчете БО (бюджетная оценка);Квалификация ОГЗ;на расчете БО (бюджетная оценка);Квалификация ОГЗ;на расчете БО (бюджетная оценка);;;Квалификация ОГЗ;на расчете БО (бюджетная оценка);;;Квалификация ОГЗ;на расчете БО (бюджетная оценка);;;Квалификация ОГЗ;на расчете БО (бюджетная оценка);Квалификация ОГЗ;на расчете БО (бюджетная оценка);Квалификация ОГЗ;на расчете БО (бюджетная оценка);;;Квалификация ОГЗ;на расчете БО (бюджетная оценка);;;Квалификация ОГЗ;на расчете БО (бюджетная оценка);;;Квалификация ОГЗ;на расчете БО (бюджетная оценка);;;Квалификация ОГЗ;на расчете БО (бюджетная оценка);Квалификация ОГЗ;на расчете БО (бюджетная оценка)
37749363;https://alladin116.amocrm.ru/leads/detail/37749363;;;08.05.2026;;;4. ОГЗ Долгосрочные;12+ месяцев;;;4. ОГЗ Долгосрочные;12+ месяцев;;;4. ОГЗ Долгосрочные;12+ месяцев;;;;;4. ОГЗ Долгосрочные;12+ месяцев;;;4. ОГЗ Долгосрочные;12+ месяцев;;;4. ОГЗ Долгосрочные;12+ месяцев;3. ОГЗ Упрощенное;Назначена дата презентации КП и запрошены материалы;4. ОГЗ Долгосрочные;12+ месяцев;3. ОГЗ Упрощенное;Назначена дата презентации КП и запрошены материалы;3. ОГЗ Упрощенное;Назначена дата презентации КП и запрошены материалы;3. ОГЗ Упрощенное;Назначена дата презентации КП и запрошены материалы;3. ОГЗ Упрощенное;Назначена дата презентации КП и запрошены материалы;3. ОГЗ Упрощенное;Назначена дата презентации КП и запрошены материалы;3. ОГЗ Упрощенное;Назначена дата презентации КП и запрошены материалы;3. ОГЗ Упрощенное;Назначена дата презентации КП и запрошены материалы;3. ОГЗ Упрощенное;Назначена дата презентации КП и запрошены материалы;3. ОГЗ Упрощенное;Назначена дата презентации КП и запрошены материалы;3. ОГЗ Упрощенное;Назначена дата презентации КП и запрошены материалы;3. ОГЗ Упрощенное;Назначена дата презентации КП и запрошены материалы;3. ОГЗ Упрощенное;Назначена дата презентации КП и запрошены материалы;4. ОГЗ Долгосрочные;12+ месяцев;4. ОГЗ Долгосрочные;12+ месяцев;;;4. ОГЗ Долгосрочные;12+ месяцев;;;4. ОГЗ Долгосрочные;12+ месяцев;;;4. ОГЗ Долгосрочные;12+ месяцев;4. ОГЗ Долгосрочные;12+ месяцев;4. ОГЗ Долгосрочные;12+ месяцев;;;4. ОГЗ Долгосрочные;12+ месяцев;;;4. ОГЗ Долгосрочные;12+ месяцев;;;4. ОГЗ Долгосрочные;12+ месяцев;;;4. ОГЗ Долгосрочные;12+ месяцев;4. ОГЗ Долгосрочные;12+ месяцев
37749375;https://alladin116.amocrm.ru/leads/detail/37749375;;Закрыто и не реализовано;08.05.2026;;;;;;;;;;;;;;;;;;;;;;;;;;;1. ОГЗ Квалификация;Закрыто и не реализовано;;;;;;;;;;;;;;;;;;;;;;;;;;;;;;;;;;;;;;;;;;;;;;;;;;;;;;;;;;;;;;;;
37749379;https://alladin116.amocrm.ru/leads/detail/37749379;;Закрыто и не реализовано;08.05.2026;;;;;;;;;;;;;;;;;;;;;;;;;;;1. ОГЗ Квалификация;Закрыто и не реализовано;;;;;;;;;;;;;;;;;;;;;;;;;;;;;;;;;;;;;;;;;;;;;;;;;;;;;;;;;;;;;;;;
37749389;https://alladin116.amocrm.ru/leads/detail/37749389;;;08.05.2026;;;3. ОГЗ Упрощенное;Подготовлено КП;;;3. ОГЗ Упрощенное;Подготовлено КП;;;3. ОГЗ Упрощенное;Подготовлено КП;;;;;3. ОГЗ Упрощенное;Подготовлено КП;;;3. ОГЗ Упрощенное;Подготовлено КП;;;3. ОГЗ Упрощенное;Подготовлено КП;3. ОГЗ Упрощенное;Подготовлено КП;3. ОГЗ Упрощенное;Подготовлено КП;3. ОГЗ Упрощенное;Подготовлено КП;3. ОГЗ Упрощенное;Подготовлено КП;3. ОГЗ Упрощенное;Подготовлено КП;3. ОГЗ Упрощенное;Подготовлено КП;3. ОГЗ Упрощенное;Подготовлено КП;3. ОГЗ Упрощенное;Подготовлено КП;3. ОГЗ Упрощенное;Подготовлено КП;3. ОГЗ Упрощенное;Подготовлено КП;3. ОГЗ Упрощенное;Подготовлено КП;3. ОГЗ Упрощенное;Подготовлено КП;3. ОГЗ Упрощенное;Подготовлено КП;3. ОГЗ Упрощенное;Подготовлено КП;3. ОГЗ Упрощенное;Подготовлено КП;3. ОГЗ Упрощенное;Подготовлено КП;;;3. ОГЗ Упрощенное;Подготовлено КП;;;3. ОГЗ Упрощенное;Подготовлено КП;;;3. ОГЗ Упрощенное;Подготовлено КП;3. ОГЗ Упрощенное;Подготовлено КП;3. ОГЗ Упрощенное;Подготовлено КП;;;3. ОГЗ Упрощенное;Подготовлено КП;;;3. ОГЗ Упрощенное;Подготовлено КП;;;3. ОГЗ Упрощенное;Подготовлено КП;;;3. ОГЗ Упрощенное;Подготовлено КП;3. ОГЗ Упрощенное;Подготовлено КП
37749397;https://alladin116.amocrm.ru/leads/detail/37749397;;Закрыто и не реализовано;08.05.2026;;;;;;;;;;;;;;;;;;;;;;;;;;;1. ОГЗ Квалификация;Закрыто и не реализовано;;;;;;;;;;;;;;;;;;;;;;;;;;;;;;;;;;;;;;;;;;;;;;;;;;;;;;;;;;;;;;;;
37749401;https://alladin116.amocrm.ru/leads/detail/37749401;;Закрыто и не реализовано;08.05.2026;;;;;;;;;;;;;;;;;;;;;;;;;;;3. ОГЗ Упрощенное;Назначена дата презентации КП и запрошены материалы;;;3. ОГЗ Упрощенное;Назначена дата презентации КП и запрошены материалы;3. ОГЗ Упрощенное;Назначена дата презентации КП и запрошены материалы;3. ОГЗ Упрощенное;Назначена дата презентации КП и запрошены материалы;3. ОГЗ Упрощенное;Назначена дата презентации КП и запрошены материалы;3. ОГЗ Упрощенное;Получены материалы по проекту (в тч Договор);3. ОГЗ Упрощенное;Подготовлено КП;3. ОГЗ Упрощенное;Закрыто и не реализовано;;;;;;;;;;;;;;;;;;;;;;;;;;;;;;;;;;;;;;;;;;;;;;;;
37749445;https://alladin116.amocrm.ru/leads/detail/37749445;;;08.05.2026;;;4. ОГЗ Долгосрочные;9 месяцев;;;4. ОГЗ Долгосрочные;9 месяцев;;;4. ОГЗ Долгосрочные;9 месяцев;;;;;4. ОГЗ Долгосрочные;9 месяцев;;;4. ОГЗ Долгосрочные;9 месяцев;;;4. ОГЗ Долгосрочные;9 месяцев;Долгосрочные ОГЗ;6 месяцев;4. ОГЗ Долгосрочные;9 месяцев;Долгосрочные ОГЗ;6 месяцев;Долгосрочные ОГЗ;6 месяцев;Долгосрочные ОГЗ;6 месяцев;Долгосрочные ОГЗ;6 месяцев;Долгосрочные ОГЗ;6 месяцев;Долгосрочные ОГЗ;6 месяцев;Долгосрочные ОГЗ;6 месяцев;Долгосрочные ОГЗ;6 месяцев;Долгосрочные ОГЗ;6 месяцев;Долгосрочные ОГЗ;6 месяцев;Долгосрочные ОГЗ;6 месяцев;Долгосрочные ОГЗ;6 месяцев;Долгосрочные ОГЗ;6 месяцев;Долгосрочные ОГЗ;6 месяцев;;;Долгосрочные ОГЗ;6 месяцев;;;4. ОГЗ Долгосрочные;9 месяцев;;;4. ОГЗ Долгосрочные;9 месяцев;4. ОГЗ Долгосрочные;9 месяцев;4. ОГЗ Долгосрочные;9 месяцев;;;4. ОГЗ Долгосрочные;9 месяцев;;;4. ОГЗ Долгосрочные;9 месяцев;;;4. ОГЗ Долгосрочные;9 месяцев;;;4. ОГЗ Долгосрочные;9 месяцев;4. ОГЗ Долгосрочные;9 месяцев
37749449;https://alladin116.amocrm.ru/leads/detail/37749449;;;08.05.2026;;;4. ОГЗ Долгосрочные;9 месяцев;;;4. ОГЗ Долгосрочные;9 месяцев;;;4. ОГЗ Долгосрочные;9 месяцев;;;;;4. ОГЗ Долгосрочные;9 месяцев;;;4. ОГЗ Долгосрочные;9 месяцев;;;4. ОГЗ Долгосрочные;9 месяцев;1. ОГЗ Квалификация;Контакт установлен;4. ОГЗ Долгосрочные;9 месяцев;1. ОГЗ Квалификация;Контакт установлен;1. ОГЗ Квалификация;Контакт установлен;4. ОГЗ Долгосрочные;9 месяцев;4. ОГЗ Долгосрочные;9 месяцев;4. ОГЗ Долгосрочные;9 месяцев;4. ОГЗ Долгосрочные;9 месяцев;4. ОГЗ Долгосрочные;9 месяцев;4. ОГЗ Долгосрочные;9 месяцев;4. ОГЗ Долгосрочные;9 месяцев;4. ОГЗ Долгосрочные;9 месяцев;4. ОГЗ Долгосрочные;9 месяцев;4. ОГЗ Долгосрочные;9 месяцев;4. ОГЗ Долгосрочные;9 месяцев;4. ОГЗ Долгосрочные;9 месяцев;;;4. ОГЗ Долгосрочные;9 месяцев;;;4. ОГЗ Долгосрочные;9 месяцев;;;4. ОГЗ Долгосрочные;9 месяцев;4. ОГЗ Долгосрочные;9 месяцев;4. ОГЗ Долгосрочные;9 месяцев;;;4. ОГЗ Долгосрочные;9 месяцев;;;4. ОГЗ Долгосрочные;9 месяцев;;;4. ОГЗ Долгосрочные;9 месяцев;;;4. ОГЗ Долгосрочные;9 месяцев;4. ОГЗ Долгосрочные;9 месяцев
37749469;https://alladin116.amocrm.ru/leads/detail/37749469;;;08.05.2026;;;4. ОГЗ Долгосрочные;6 месяцев;;;4. ОГЗ Долгосрочные;6 месяцев;;;4. ОГЗ Долгосрочные;6 месяцев;;;;;4. ОГЗ Долгосрочные;6 месяцев;;;4. ОГЗ Долгосрочные;6 месяцев;;;4. ОГЗ Долгосрочные;6 месяцев;4. ОГЗ Долгосрочные;6 месяцев;4. ОГЗ Долгосрочные;6 месяцев;4. ОГЗ Долгосрочные;6 месяцев;4. ОГЗ Долгосрочные;6 месяцев;4. ОГЗ Долгосрочные;6 месяцев;4. ОГЗ Долгосрочные;6 месяцев;4. ОГЗ Долгосрочные;6 месяцев;4. ОГЗ Долгосрочные;6 месяцев;4. ОГЗ Долгосрочные;6 месяцев;4. ОГЗ Долгосрочные;6 месяцев;4. ОГЗ Долгосрочные;6 месяцев;4. ОГЗ Долгосрочные;6 месяцев;4. ОГЗ Долгосрочные;6 месяцев;4. ОГЗ Долгосрочные;6 месяцев;4. ОГЗ Долгосрочные;6 месяцев;4. ОГЗ Долгосрочные;6 месяцев;;;4. ОГЗ Долгосрочные;6 месяцев;;;4. ОГЗ Долгосрочные;6 месяцев;;;4. ОГЗ Долгосрочные;6 месяцев;4. ОГЗ Долгосрочные;6 месяцев;4. ОГЗ Долгосрочные;6 месяцев;;;4. ОГЗ Долгосрочные;6 месяцев;;;4. ОГЗ Долгосрочные;6 месяцев;;;4. ОГЗ Долгосрочные;6 месяцев;;;4. ОГЗ Долгосрочные;6 месяцев;4. ОГЗ Долгосрочные;6 месяцев
37749477;https://alladin116.amocrm.ru/leads/detail/37749477;;;08.05.2026;;;4. ОГЗ Долгосрочные;12+ месяцев;;;4. ОГЗ Долгосрочные;12+ месяцев;;;4. ОГЗ Долгосрочные;12+ месяцев;;;;;4. ОГЗ Долгосрочные;12+ месяцев;;;4. ОГЗ Долгосрочные;12+ месяцев;;;4. ОГЗ Долгосрочные;12+ месяцев;1. ОГЗ Квалификация;Контакт установлен;4. ОГЗ Долгосрочные;12+ месяцев;1. ОГЗ Квалификация;Контакт установлен;1. ОГЗ Квалификация;Контакт установлен;4. ОГЗ Долгосрочные;12+ месяцев;4. ОГЗ Долгосрочные;12+ месяцев;4. ОГЗ Долгосрочные;12+ месяцев;4. ОГЗ Долгосрочные;12+ месяцев;4. ОГЗ Долгосрочные;12+ месяцев;4. ОГЗ Долгосрочные;12+ месяцев;4. ОГЗ Долгосрочные;12+ месяцев;4. ОГЗ Долгосрочные;12+ месяцев;4. ОГЗ Долгосрочные;12+ месяцев;4. ОГЗ Долгосрочные;12+ месяцев;4. ОГЗ Долгосрочные;12+ месяцев;4. ОГЗ Долгосрочные;12+ месяцев;;;4. ОГЗ Долгосрочные;12+ месяцев;;;4. ОГЗ Долгосрочные;12+ месяцев;;;4. ОГЗ Долгосрочные;12+ месяцев;4. ОГЗ Долгосрочные;12+ месяцев;4. ОГЗ Долгосрочные;12+ месяцев;;;4. ОГЗ Долгосрочные;12+ месяцев;;;4. ОГЗ Долгосрочные;12+ месяцев;;;4. ОГЗ Долгосрочные;12+ месяцев;;;4. ОГЗ Долгосрочные;12+ месяцев;4. ОГЗ Долгосрочные;12+ месяцев
37749521;https://alladin116.amocrm.ru/leads/detail/37749521;;Закрыто и не реализовано;08.05.2026;;;;;;;;;;;;;;;;;;;;;;;;;;;1. ОГЗ Квалификация;Контакт установлен;;;1. ОГЗ Квалификация;Контакт установлен;1. ОГЗ Квалификация;Контакт установлен;1. ОГЗ Квалификация;Контакт установлен;1. ОГЗ Квалификация;Контакт установлен;1. ОГЗ Квалификация;Закрыто и не реализовано;;;;;;;;;;;;;;;;;;;;;;;;;;;;;;;;;;;;;;;;;;;;;;;;;;;;
37749525;https://alladin116.amocrm.ru/leads/detail/37749525;;Закрыто и не реализовано;08.05.2026;;;;;;;;;;;;;;;;;;;;;;;;;;;1. ОГЗ Квалификация;Закрыто и не реализовано;;;;;;;;;;;;;;;;;;;;;;;;;;;;;;;;;;;;;;;;;;;;;;;;;;;;;;;;;;;;;;;;
37749539;https://alladin116.amocrm.ru/leads/detail/37749539;;;08.05.2026;;;4. ОГЗ Долгосрочные;12+ месяцев;;;4. ОГЗ Долгосрочные;12+ месяцев;;;4. ОГЗ Долгосрочные;12+ месяцев;;;;;4. ОГЗ Долгосрочные;12+ месяцев;;;4. ОГЗ Долгосрочные;12+ месяцев;;;4. ОГЗ Долгосрочные;12+ месяцев;4. ОГЗ Долгосрочные;12+ месяцев;4. ОГЗ Долгосрочные;12+ месяцев;4. ОГЗ Долгосрочные;12+ месяцев;4. ОГЗ Долгосрочные;12+ месяцев;4. ОГЗ Долгосрочные;12+ месяцев;4. ОГЗ Долгосрочные;12+ месяцев;4. ОГЗ Долгосрочные;12+ месяцев;4. ОГЗ Долгосрочные;12+ месяцев;4. ОГЗ Долгосрочные;12+ месяцев;4. ОГЗ Долгосрочные;12+ месяцев;4. ОГЗ Долгосрочные;12+ месяцев;4. ОГЗ Долгосрочные;12+ месяцев;4. ОГЗ Долгосрочные;12+ месяцев;4. ОГЗ Долгосрочные;12+ месяцев;4. ОГЗ Долгосрочные;12+ месяцев;4. ОГЗ Долгосрочные;12+ месяцев;;;4. ОГЗ Долгосрочные;12+ месяцев;;;4. ОГЗ Долгосрочные;12+ месяцев;;;4. ОГЗ Долгосрочные;12+ месяцев;4. ОГЗ Долгосрочные;12+ месяцев;4. ОГЗ Долгосрочные;12+ месяцев;;;4. ОГЗ Долгосрочные;12+ месяцев;;;4. ОГЗ Долгосрочные;12+ месяцев;;;4. ОГЗ Долгосрочные;12+ месяцев;;;4. ОГЗ Долгосрочные;12+ месяцев;4. ОГЗ Долгосрочные;12+ месяцев
37749945;https://alladin116.amocrm.ru/leads/detail/37749945;;Закрыто и не реализовано;10.05.2026;;;;;;;;;;;;;;;;;;;;;;;;;;;;;;;;;1. ОГЗ Квалификация;Новый лид;1. ОГЗ Квалификация;Закрыто и не реализовано;;;;;;;;;;;;;;;;;;;;;;;;;;;;;;;;;;;;;;;;;;;;;;;;;;;;;;;;
37750577;https://alladin116.amocrm.ru/leads/detail/37750577;;;12.05.2026;;;4. ОГЗ Долгосрочные;9 месяцев;;;4. ОГЗ Долгосрочные;9 месяцев;;;4. ОГЗ Долгосрочные;9 месяцев;;;;;4. ОГЗ Долгосрочные;9 месяцев;;;4. ОГЗ Долгосрочные;9 месяцев;;;4. ОГЗ Долгосрочные;9 месяцев;;;4. ОГЗ Долгосрочные;9 месяцев;;;;;;;4. ОГЗ Долгосрочные;9 месяцев;4. ОГЗ Долгосрочные;9 месяцев;4. ОГЗ Долгосрочные;9 месяцев;4. ОГЗ Долгосрочные;9 месяцев;4. ОГЗ Долгосрочные;9 месяцев;4. ОГЗ Долгосрочные;9 месяцев;4. ОГЗ Долгосрочные;9 месяцев;4. ОГЗ Долгосрочные;9 месяцев;4. ОГЗ Долгосрочные;9 месяцев;4. ОГЗ Долгосрочные;9 месяцев;4. ОГЗ Долгосрочные;9 месяцев;;;4. ОГЗ Долгосрочные;9 месяцев;;;4. ОГЗ Долгосрочные;9 месяцев;;;4. ОГЗ Долгосрочные;9 месяцев;4. ОГЗ Долгосрочные;9 месяцев;4. ОГЗ Долгосрочные;9 месяцев;;;4. ОГЗ Долгосрочные;9 месяцев;;;4. ОГЗ Долгосрочные;9 месяцев;;;4. ОГЗ Долгосрочные;9 месяцев;;;4. ОГЗ Долгосрочные;9 месяцев;4. ОГЗ Долгосрочные;9 месяцев
37750593;https://alladin116.amocrm.ru/leads/detail/37750593;;Закрыто и не реализовано;12.05.2026;;;;;;;;;;;;;;;;;;;;;;;;;;;;;;;;;;;;;1. ОГЗ Квалификация;Закрыто и не реализовано;;;;;;;;;;;;;;;;;;;;;;;;;;;;;;;;;;;;;;;;;;;;;;;;;;;;;;
37750635;https://alladin116.amocrm.ru/leads/detail/37750635;;;12.05.2026;;;4. ОГЗ Долгосрочные;12+ месяцев;;;4. ОГЗ Долгосрочные;12+ месяцев;;;4. ОГЗ Долгосрочные;12+ месяцев;;;;;4. ОГЗ Долгосрочные;12+ месяцев;;;4. ОГЗ Долгосрочные;12+ месяцев;;;4. ОГЗ Долгосрочные;12+ месяцев;;;4. ОГЗ Долгосрочные;12+ месяцев;;;;;;;4. ОГЗ Долгосрочные;12+ месяцев;4. ОГЗ Долгосрочные;12+ месяцев;4. ОГЗ Долгосрочные;12+ месяцев;4. ОГЗ Долгосрочные;12+ месяцев;4. ОГЗ Долгосрочные;12+ месяцев;4. ОГЗ Долгосрочные;12+ месяцев;4. ОГЗ Долгосрочные;12+ месяцев;4. ОГЗ Долгосрочные;12+ месяцев;4. ОГЗ Долгосрочные;12+ месяцев;4. ОГЗ Долгосрочные;12+ месяцев;4. ОГЗ Долгосрочные;12+ месяцев;;;4. ОГЗ Долгосрочные;12+ месяцев;;;4. ОГЗ Долгосрочные;12+ месяцев;;;4. ОГЗ Долгосрочные;12+ месяцев;4. ОГЗ Долгосрочные;12+ месяцев;4. ОГЗ Долгосрочные;12+ месяцев;;;4. ОГЗ Долгосрочные;12+ месяцев;;;4. ОГЗ Долгосрочные;12+ месяцев;;;4. ОГЗ Долгосрочные;12+ месяцев;;;4. ОГЗ Долгосрочные;12+ месяцев;4. ОГЗ Долгосрочные;12+ месяцев
37750651;https://alladin116.amocrm.ru/leads/detail/37750651;;;12.05.2026;;;3. ОГЗ Упрощенное;Подготовлено КП;;;3. ОГЗ Упрощенное;Подготовлено КП;;;3. ОГЗ Упрощенное;Подготовлено КП;;;;;3. ОГЗ Упрощенное;Подготовлено КП;;;3. ОГЗ Упрощенное;Подготовлено КП;;;3. ОГЗ Упрощенное;Подготовлено КП;;;3. ОГЗ Упрощенное;Подготовлено КП;;;;;;;1. ОГЗ Квалификация;Контакт установлен;1. ОГЗ Квалификация;Контакт установлен;3. ОГЗ Упрощенное;Назначена дата презентации КП и запрошены материалы;3. ОГЗ Упрощенное;Получены материалы по проекту (в тч Договор);3. ОГЗ Упрощенное;Получены материалы по проекту (в тч Договор);3. ОГЗ Упрощенное;Получены материалы по проекту (в тч Договор);3. ОГЗ Упрощенное;Подготовлено КП;3. ОГЗ Упрощенное;Подготовлено КП;3. ОГЗ Упрощенное;Подготовлено КП;3. ОГЗ Упрощенное;Подготовлено КП;3. ОГЗ Упрощенное;Подготовлено КП;;;3. ОГЗ Упрощенное;Подготовлено КП;;;3. ОГЗ Упрощенное;Подготовлено КП;;;3. ОГЗ Упрощенное;Подготовлено КП;3. ОГЗ Упрощенное;Подготовлено КП;3. ОГЗ Упрощенное;Подготовлено КП;;;3. ОГЗ Упрощенное;Подготовлено КП;;;3. ОГЗ Упрощенное;Подготовлено КП;;;3. ОГЗ Упрощенное;Подготовлено КП;;;3. ОГЗ Упрощенное;Подготовлено КП;3. ОГЗ Упрощенное;Подготовлено КП
37750675;https://alladin116.amocrm.ru/leads/detail/37750675;;Закрыто и не реализовано;12.05.2026;;;;;;;;;;;;;;;;;;;;;;;;;;;;;;;;;;;;;1. ОГЗ Квалификация;Закрыто и не реализовано;;;;;;;;;;;;;;;;;;;;;;;;;;;;;;;;;;;;;;;;;;;;;;;;;;;;;;
37750691;https://alladin116.amocrm.ru/leads/detail/37750691;;;12.05.2026;;;Квалификация ОГЗ;Презентация БО;;;Квалификация ОГЗ;Презентация БО;;;Квалификация ОГЗ;Презентация БО;;;;;Квалификация ОГЗ;Презентация БО;;;Квалификация ОГЗ;Презентация БО;;;Квалификация ОГЗ;Презентация БО;;;Квалификация ОГЗ;Презентация БО;;;;;;;Квалификация ОГЗ;на расчете БО (бюджетная оценка);Квалификация ОГЗ;на расчете БО (бюджетная оценка);Квалификация ОГЗ;на расчете БО (бюджетная оценка);Квалификация ОГЗ;на расчете БО (бюджетная оценка);Квалификация ОГЗ;на расчете БО (бюджетная оценка);Квалификация ОГЗ;на расчете БО (бюджетная оценка);Квалификация ОГЗ;на расчете БО (бюджетная оценка);Квалификация ОГЗ;на расчете БО (бюджетная оценка);Квалификация ОГЗ;на расчете БО (бюджетная оценка);Квалификация ОГЗ;на расчете БО (бюджетная оценка);Квалификация ОГЗ;Презентация БО;;;Квалификация ОГЗ;Презентация БО;;;Квалификация ОГЗ;Презентация БО;;;Квалификация ОГЗ;Презентация БО;Квалификация ОГЗ;Презентация БО;Квалификация ОГЗ;Презентация БО;;;Квалификация ОГЗ;Презентация БО;;;Квалификация ОГЗ;Презентация БО;;;Квалификация ОГЗ;Презентация БО;;;Квалификация ОГЗ;Презентация БО;Квалификация ОГЗ;Презентация БО
37750699;https://alladin116.amocrm.ru/leads/detail/37750699;;;12.05.2026;;;4. ОГЗ Долгосрочные;9 месяцев;;;4. ОГЗ Долгосрочные;9 месяцев;;;4. ОГЗ Долгосрочные;9 месяцев;;;;;4. ОГЗ Долгосрочные;9 месяцев;;;4. ОГЗ Долгосрочные;9 месяцев;;;4. ОГЗ Долгосрочные;9 месяцев;;;4. ОГЗ Долгосрочные;9 месяцев;;;;;;;4. ОГЗ Долгосрочные;9 месяцев;4. ОГЗ Долгосрочные;9 месяцев;4. ОГЗ Долгосрочные;9 месяцев;4. ОГЗ Долгосрочные;9 месяцев;4. ОГЗ Долгосрочные;9 месяцев;4. ОГЗ Долгосрочные;9 месяцев;4. ОГЗ Долгосрочные;9 месяцев;4. ОГЗ Долгосрочные;9 месяцев;4. ОГЗ Долгосрочные;9 месяцев;4. ОГЗ Долгосрочные;9 месяцев;4. ОГЗ Долгосрочные;9 месяцев;;;4. ОГЗ Долгосрочные;9 месяцев;;;4. ОГЗ Долгосрочные;9 месяцев;;;4. ОГЗ Долгосрочные;9 месяцев;4. ОГЗ Долгосрочные;9 месяцев;4. ОГЗ Долгосрочные;9 месяцев;;;4. ОГЗ Долгосрочные;9 месяцев;;;4. ОГЗ Долгосрочные;9 месяцев;;;4. ОГЗ Долгосрочные;9 месяцев;;;4. ОГЗ Долгосрочные;9 месяцев;4. ОГЗ Долгосрочные;9 месяцев
37750721;https://alladin116.amocrm.ru/leads/detail/37750721;;;12.05.2026;;;3. ОГЗ Упрощенное;Подготовлено КП;;;3. ОГЗ Упрощенное;Подготовлено КП;;;3. ОГЗ Упрощенное;Подготовлено КП;;;;;3. ОГЗ Упрощенное;Подготовлено КП;;;3. ОГЗ Упрощенное;Подготовлено КП;;;3. ОГЗ Упрощенное;Подготовлено КП;;;3. ОГЗ Упрощенное;Подготовлено КП;;;;;;;3. ОГЗ Упрощенное;Назначена дата презентации КП и запрошены материалы;3. ОГЗ Упрощенное;Назначена дата презентации КП и запрошены материалы;3. ОГЗ Упрощенное;Назначена дата презентации КП и запрошены материалы;3. ОГЗ Упрощенное;Подготовлено КП;3. ОГЗ Упрощенное;Подготовлено КП;3. ОГЗ Упрощенное;Подготовлено КП;3. ОГЗ Упрощенное;Подготовлено КП;3. ОГЗ Упрощенное;Подготовлено КП;3. ОГЗ Упрощенное;Подготовлено КП;3. ОГЗ Упрощенное;Подготовлено КП;3. ОГЗ Упрощенное;Подготовлено КП;;;3. ОГЗ Упрощенное;Подготовлено КП;;;3. ОГЗ Упрощенное;Подготовлено КП;;;3. ОГЗ Упрощенное;Подготовлено КП;3. ОГЗ Упрощенное;Подготовлено КП;3. ОГЗ Упрощенное;Подготовлено КП;;;3. ОГЗ Упрощенное;Подготовлено КП;;;3. ОГЗ Упрощенное;Подготовлено КП;;;3. ОГЗ Упрощенное;Подготовлено КП;;;3. ОГЗ Упрощенное;Подготовлено КП;3. ОГЗ Упрощенное;Подготовлено КП
37750723;https://alladin116.amocrm.ru/leads/detail/37750723;;Закрыто и не реализовано;12.05.2026;;;;;;;;;;;;;;;;;;;;;;;;;;;;;;;;;;;;;1. ОГЗ Квалификация;Контакт установлен;1. ОГЗ Квалификация;Закрыто и не реализовано;;;;;;;;;;;;;;;;;;;;;;;;;;;;;;;;;;;;;;;;;;;;;;;;;;;;
37750731;https://alladin116.amocrm.ru/leads/detail/37750731;;Закрыто и не реализовано;12.05.2026;;;;;;;;;;;;;;;;;;;;;;;;;;;;;;;;;;;;;1. ОГЗ Квалификация;Закрыто и не реализовано;;;;;;;;;;;;;;;;;;;;;;;;;;;;;;;;;;;;;;;;;;;;;;;;;;;;;;
37750733;https://alladin116.amocrm.ru/leads/detail/37750733;;Закрыто и не реализовано;12.05.2026;;;;;;;;;;;;;;;;;;;;;;;;;;;;;;;;;;;;;1. ОГЗ Квалификация;Недозвон;1. ОГЗ Квалификация;Недозвон;1. ОГЗ Квалификация;Недозвон;1. ОГЗ Квалификация;Закрыто и не реализовано;;;;;;;;;;;;;;;;;;;;;;;;;;;;;;;;;;;;;;;;;;;;;;;;
37750741;https://alladin116.amocrm.ru/leads/detail/37750741;;;12.05.2026;;;4. ОГЗ Долгосрочные;9 месяцев;;;4. ОГЗ Долгосрочные;9 месяцев;;;4. ОГЗ Долгосрочные;9 месяцев;;;;;4. ОГЗ Долгосрочные;9 месяцев;;;4. ОГЗ Долгосрочные;9 месяцев;;;4. ОГЗ Долгосрочные;9 месяцев;;;4. ОГЗ Долгосрочные;9 месяцев;;;;;;;4. ОГЗ Долгосрочные;9 месяцев;4. ОГЗ Долгосрочные;9 месяцев;4. ОГЗ Долгосрочные;9 месяцев;4. ОГЗ Долгосрочные;9 месяцев;4. ОГЗ Долгосрочные;9 месяцев;4. ОГЗ Долгосрочные;9 месяцев;4. ОГЗ Долгосрочные;9 месяцев;4. ОГЗ Долгосрочные;9 месяцев;4. ОГЗ Долгосрочные;9 месяцев;4. ОГЗ Долгосрочные;9 месяцев;4. ОГЗ Долгосрочные;9 месяцев;;;4. ОГЗ Долгосрочные;9 месяцев;;;4. ОГЗ Долгосрочные;9 месяцев;;;4. ОГЗ Долгосрочные;9 месяцев;4. ОГЗ Долгосрочные;9 месяцев;4. ОГЗ Долгосрочные;9 месяцев;;;4. ОГЗ Долгосрочные;9 месяцев;;;4. ОГЗ Долгосрочные;9 месяцев;;;4. ОГЗ Долгосрочные;9 месяцев;;;4. ОГЗ Долгосрочные;9 месяцев;4. ОГЗ Долгосрочные;9 месяцев
37750755;https://alladin116.amocrm.ru/leads/detail/37750755;;;12.05.2026;;;Долгосрочные ОГЗ;этап квалификации долгосрока;;;Долгосрочные ОГЗ;этап квалификации долгосрока;;;Долгосрочные ОГЗ;этап квалификации долгосрока;;;;;Долгосрочные ОГЗ;этап квалификации долгосрока;;;Долгосрочные ОГЗ;этап квалификации долгосрока;;;Долгосрочные ОГЗ;этап квалификации долгосрока;;;Долгосрочные ОГЗ;этап квалификации долгосрока;;;;;;;Долгосрочные ОГЗ;этап квалификации долгосрока;Долгосрочные ОГЗ;этап квалификации долгосрока;Долгосрочные ОГЗ;этап квалификации долгосрока;Долгосрочные ОГЗ;этап квалификации долгосрока;Долгосрочные ОГЗ;этап квалификации долгосрока;Долгосрочные ОГЗ;этап квалификации долгосрока;Долгосрочные ОГЗ;этап квалификации долгосрока;Долгосрочные ОГЗ;этап квалификации долгосрока;Долгосрочные ОГЗ;этап квалификации долгосрока;Долгосрочные ОГЗ;этап квалификации долгосрока;Долгосрочные ОГЗ;этап квалификации долгосрока;;;Долгосрочные ОГЗ;этап квалификации долгосрока;;;Долгосрочные ОГЗ;этап квалификации долгосрока;;;Долгосрочные ОГЗ;этап квалификации долгосрока;Долгосрочные ОГЗ;этап квалификации долгосрока;Долгосрочные ОГЗ;этап квалификации долгосрока;;;Долгосрочные ОГЗ;этап квалификации долгосрока;;;Долгосрочные ОГЗ;этап квалификации долгосрока;;;Долгосрочные ОГЗ;этап квалификации долгосрока;;;Долгосрочные ОГЗ;этап квалификации долгосрока;Долгосрочные ОГЗ;этап квалификации долгосрока
37750775;https://alladin116.amocrm.ru/leads/detail/37750775;;;12.05.2026;;;Квалификация ОГЗ;Презентация БО;;;Квалификация ОГЗ;Презентация БО;;;Квалификация ОГЗ;Презентация БО;;;;;Квалификация ОГЗ;Презентация БО;;;Квалификация ОГЗ;Презентация БО;;;Квалификация ОГЗ;Презентация БО;;;Квалификация ОГЗ;Презентация БО;;;;;;;Квалификация ОГЗ;на расчете БО (бюджетная оценка);Квалификация ОГЗ;Презентация БО;Квалификация ОГЗ;Презентация БО;Квалификация ОГЗ;Презентация БО;Квалификация ОГЗ;Презентация БО;Квалификация ОГЗ;Презентация БО;Квалификация ОГЗ;Презентация БО;Квалификация ОГЗ;Презентация БО;Квалификация ОГЗ;Презентация БО;Квалификация ОГЗ;Презентация БО;Квалификация ОГЗ;Презентация БО;;;Квалификация ОГЗ;Презентация БО;;;Квалификация ОГЗ;Презентация БО;;;Квалификация ОГЗ;Презентация БО;Квалификация ОГЗ;Презентация БО;Квалификация ОГЗ;Презентация БО;;;Квалификация ОГЗ;Презентация БО;;;Квалификация ОГЗ;Презентация БО;;;Квалификация ОГЗ;Презентация БО;;;Квалификация ОГЗ;Презентация БО;Квалификация ОГЗ;Презентация БО
37750777;https://alladin116.amocrm.ru/leads/detail/37750777;;;12.05.2026;;;ОГЗ Долгосрочные;Долгосрок 3 месяца;;;ОГЗ Долгосрочные;Долгосрок 3 месяца;;;ОГЗ Долгосрочные;Долгосрок 3 месяца;;;;;ОГЗ Долгосрочные;Долгосрок 3 месяца;;;ОГЗ Долгосрочные;Долгосрок 3 месяца;;;ОГЗ Долгосрочные;Долгосрок 3 месяца;;;ОГЗ Долгосрочные;Долгосрок 3 месяца;;;;;;;3. ОГЗ Упрощенное;Назначена дата презентации КП и запрошены материалы;3. ОГЗ Упрощенное;Получены материалы по проекту (в тч Договор);3. ОГЗ Упрощенное;Получены материалы по проекту (в тч Договор);3. ОГЗ Упрощенное;Подготовлено КП;3. ОГЗ Упрощенное;Подготовлено КП;3. ОГЗ Упрощенное;Подготовлено КП;3. ОГЗ Упрощенное;Подготовлено КП;3. ОГЗ Упрощенное;Подготовлено КП;ОГЗ Долгосрочные;Долгосрок 3 месяца;ОГЗ Долгосрочные;Долгосрок 3 месяца;ОГЗ Долгосрочные;Долгосрок 3 месяца;;;ОГЗ Долгосрочные;Долгосрок 3 месяца;;;ОГЗ Долгосрочные;Долгосрок 3 месяца;;;ОГЗ Долгосрочные;Долгосрок 3 месяца;ОГЗ Долгосрочные;Долгосрок 3 месяца;ОГЗ Долгосрочные;Долгосрок 3 месяца;;;ОГЗ Долгосрочные;Долгосрок 3 месяца;;;ОГЗ Долгосрочные;Долгосрок 3 месяца;;;ОГЗ Долгосрочные;Долгосрок 3 месяца;;;ОГЗ Долгосрочные;Долгосрок 3 месяца;ОГЗ Долгосрочные;Долгосрок 3 месяца
37750787;https://alladin116.amocrm.ru/leads/detail/37750787;;Закрыто и не реализовано;12.05.2026;;;;;;;;;;;;;;;;;;;;;;;;;;;;;;;;;;;;;1. ОГЗ Квалификация;Закрыто и не реализовано;;;;;;;;;;;;;;;;;;;;;;;;;;;;;;;;;;;;;;;;;;;;;;;;;;;;;;
37750789;https://alladin116.amocrm.ru/leads/detail/37750789;;Закрыто и не реализовано;12.05.2026;;;;;;;;;;;;;;;;;;;;;;;;;;;;;;;;;;;;;1. ОГЗ Квалификация;Недозвон;1. ОГЗ Квалификация;Закрыто и не реализовано;;;;;;;;;;;;;;;;;;;;;;;;;;;;;;;;;;;;;;;;;;;;;;;;;;;;
37750809;https://alladin116.amocrm.ru/leads/detail/37750809;;Закрыто и не реализовано;12.05.2026;;;;;;;;;;;;;;;;;;;;;;;;;;;;;;;;;;;;;1. ОГЗ Квалификация;Контакт установлен;1. ОГЗ Квалификация;Закрыто и не реализовано;;;;;;;;;;;;;;;;;;;;;;;;;;;;;;;;;;;;;;;;;;;;;;;;;;;;
37750817;https://alladin116.amocrm.ru/leads/detail/37750817;;Закрыто и не реализовано;12.05.2026;;;4. ОГЗ Долгосрочные;12+ месяцев;;;4. ОГЗ Долгосрочные;Закрыто и не реализовано;;;;;;;;;;;;;;;;;;;;;;;;;;;;;4. ОГЗ Долгосрочные;12+ месяцев;4. ОГЗ Долгосрочные;12+ месяцев;4. ОГЗ Долгосрочные;12+ месяцев;4. ОГЗ Долгосрочные;12+ месяцев;4. ОГЗ Долгосрочные;12+ месяцев;4. ОГЗ Долгосрочные;12+ месяцев;4. ОГЗ Долгосрочные;12+ месяцев;4. ОГЗ Долгосрочные;12+ месяцев;4. ОГЗ Долгосрочные;12+ месяцев;4. ОГЗ Долгосрочные;12+ месяцев;4. ОГЗ Долгосрочные;12+ месяцев;;;4. ОГЗ Долгосрочные;12+ месяцев;;;4. ОГЗ Долгосрочные;12+ месяцев;;;4. ОГЗ Долгосрочные;12+ месяцев;4. ОГЗ Долгосрочные;12+ месяцев;4. ОГЗ Долгосрочные;12+ месяцев;;;4. ОГЗ Долгосрочные;12+ месяцев;;;4. ОГЗ Долгосрочные;12+ месяцев;;;4. ОГЗ Долгосрочные;12+ месяцев;;;4. ОГЗ Долгосрочные;12+ месяцев;4. ОГЗ Долгосрочные;12+ месяцев
37750847;https://alladin116.amocrm.ru/leads/detail/37750847;;;12.05.2026;;;4. ОГЗ Долгосрочные;12+ месяцев;;;4. ОГЗ Долгосрочные;12+ месяцев;;;4. ОГЗ Долгосрочные;12+ месяцев;;;;;4. ОГЗ Долгосрочные;12+ месяцев;;;4. ОГЗ Долгосрочные;12+ месяцев;;;4. ОГЗ Долгосрочные;12+ месяцев;;;4. ОГЗ Долгосрочные;12+ месяцев;;;;;;;1. ОГЗ Квалификация;Контакт установлен;1. ОГЗ Квалификация;Контакт установлен;1. ОГЗ Квалификация;Контакт установлен;1. ОГЗ Квалификация;Контакт установлен;1. ОГЗ Квалификация;Контакт установлен;1. ОГЗ Квалификация;Контакт установлен;1. ОГЗ Квалификация;Контакт установлен;1. ОГЗ Квалификация;Контакт установлен;1. ОГЗ Квалификация;Контакт установлен;4. ОГЗ Долгосрочные;12+ месяцев;4. ОГЗ Долгосрочные;12+ месяцев;;;4. ОГЗ Долгосрочные;12+ месяцев;;;4. ОГЗ Долгосрочные;12+ месяцев;;;4. ОГЗ Долгосрочные;12+ месяцев;4. ОГЗ Долгосрочные;12+ месяцев;4. ОГЗ Долгосрочные;12+ месяцев;;;4. ОГЗ Долгосрочные;12+ месяцев;;;4. ОГЗ Долгосрочные;12+ месяцев;;;4. ОГЗ Долгосрочные;12+ месяцев;;;4. ОГЗ Долгосрочные;12+ месяцев;4. ОГЗ Долгосрочные;12+ месяцев
37751031;https://alladin116.amocrm.ru/leads/detail/37751031;;Закрыто и не реализовано;13.05.2026;;;;;;;;;;;;;;;;;;;;;;;;;;;;;;;;;;;;;;;1. ОГЗ Квалификация;Закрыто и не реализовано;;;;;;;;;;;;;;;;;;;;;;;;;;;;;;;;;;;;;;;;;;;;;;;;;;;;
37751035;https://alladin116.amocrm.ru/leads/detail/37751035;;Закрыто и не реализовано;13.05.2026;;;;;;;;;;;;;;;;;;;;;;;;;;;;;;;;;;;;;;;1. ОГЗ Квалификация;Закрыто и не реализовано;;;;;;;;;;;;;;;;;;;;;;;;;;;;;;;;;;;;;;;;;;;;;;;;;;;;
37751045;https://alladin116.amocrm.ru/leads/detail/37751045;;Закрыто и не реализовано;13.05.2026;;;;;;;;;;;;;;;;;;;;;;;;;;;;;;;;;;;;;;;1. ОГЗ Квалификация;Закрыто и не реализовано;;;;;;;;;;;;;;;;;;;;;;;;;;;;;;;;;;;;;;;;;;;;;;;;;;;;
37751051;https://alladin116.amocrm.ru/leads/detail/37751051;;Закрыто и не реализовано;13.05.2026;;;;;;;;;;;;;;;;;;;;;;;;;;;;;;;;;;;;;;;1. ОГЗ Квалификация;Закрыто и не реализовано;;;;;;;;;;;;;;;;;;;;;;;;;;;;;;;;;;;;;;;;;;;;;;;;;;;;
37751061;https://alladin116.amocrm.ru/leads/detail/37751061;;Закрыто и не реализовано;13.05.2026;;;;;;;;;;;;;;;;;;;;;;;;;;;;;;;;;;;;;;;1. ОГЗ Квалификация;Закрыто и не реализовано;;;;;;;;;;;;;;;;;;;;;;;;;;;;;;;;;;;;;;;;;;;;;;;;;;;;
37751063;https://alladin116.amocrm.ru/leads/detail/37751063;;Закрыто и не реализовано;13.05.2026;;;;;;;;;;;;;;;;;;;;;;;;;;;;;;;;;;;;;;;1. ОГЗ Квалификация;Закрыто и не реализовано;;;;;;;;;;;;;;;;;;;;;;;;;;;;;;;;;;;;;;;;;;;;;;;;;;;;
37751073;https://alladin116.amocrm.ru/leads/detail/37751073;;Закрыто и не реализовано;13.05.2026;;;;;;;;;;;;;;;;;;;;;;;;;;;;;;;;;;;;;;;4. ОГЗ Долгосрочные;9 месяцев;4. ОГЗ Долгосрочные;9 месяцев;4. ОГЗ Долгосрочные;9 месяцев;4. ОГЗ Долгосрочные;9 месяцев;4. ОГЗ Долгосрочные;9 месяцев;4. ОГЗ Долгосрочные;9 месяцев;4. ОГЗ Долгосрочные;9 месяцев;4. ОГЗ Долгосрочные;9 месяцев;4. ОГЗ Долгосрочные;Закрыто и не реализовано;;;;;;;;;;;;;;;;;;;;;;;;;;;;;;;;;;;;
37751079;https://alladin116.amocrm.ru/leads/detail/37751079;;;13.05.2026;;;4. ОГЗ Долгосрочные;9 месяцев;;;4. ОГЗ Долгосрочные;9 месяцев;;;4. ОГЗ Долгосрочные;9 месяцев;;;;;4. ОГЗ Долгосрочные;9 месяцев;;;4. ОГЗ Долгосрочные;9 месяцев;;;4. ОГЗ Долгосрочные;9 месяцев;;;4. ОГЗ Долгосрочные;9 месяцев;;;;;;;;;3. ОГЗ Упрощенное;Назначена дата презентации КП и запрошены материалы;3. ОГЗ Упрощенное;Назначена дата презентации КП и запрошены материалы;3. ОГЗ Упрощенное;Назначена дата презентации КП и запрошены материалы;3. ОГЗ Упрощенное;Назначена дата презентации КП и запрошены материалы;3. ОГЗ Упрощенное;Назначена дата презентации КП и запрошены материалы;3. ОГЗ Упрощенное;Назначена дата презентации КП и запрошены материалы;3. ОГЗ Упрощенное;Назначена дата презентации КП и запрошены материалы;3. ОГЗ Упрощенное;Назначена дата презентации КП и запрошены материалы;3. ОГЗ Упрощенное;Назначена дата презентации КП и запрошены материалы;3. ОГЗ Упрощенное;Назначена дата презентации КП и запрошены материалы;;;3. ОГЗ Упрощенное;Назначена дата презентации КП и запрошены материалы;;;3. ОГЗ Упрощенное;Назначена дата презентации КП и запрошены материалы;;;3. ОГЗ Упрощенное;Назначена дата презентации КП и запрошены материалы;3. ОГЗ Упрощенное;Назначена дата презентации КП и запрошены материалы;4. ОГЗ Долгосрочные;9 месяцев;;;4. ОГЗ Долгосрочные;9 месяцев;;;4. ОГЗ Долгосрочные;9 месяцев;;;4. ОГЗ Долгосрочные;9 месяцев;;;4. ОГЗ Долгосрочные;9 месяцев;4. ОГЗ Долгосрочные;9 месяцев
37751097;https://alladin116.amocrm.ru/leads/detail/37751097;;Закрыто и не реализовано;13.05.2026;;;;;;;;;;;;;;;;;;;;;;;;;;;;;;;;;;;;;;;1. ОГЗ Квалификация;Закрыто и не реализовано;;;;;;;;;;;;;;;;;;;;;;;;;;;;;;;;;;;;;;;;;;;;;;;;;;;;
37751133;https://alladin116.amocrm.ru/leads/detail/37751133;;Закрыто и не реализовано;13.05.2026;;;;;;;;;;;;;;;;;;;;;;;;;;;;;;;;;;;;;;;4. ОГЗ Долгосрочные;9 месяцев;4. ОГЗ Долгосрочные;9 месяцев;4. ОГЗ Долгосрочные;9 месяцев;4. ОГЗ Долгосрочные;9 месяцев;4. ОГЗ Долгосрочные;9 месяцев;4. ОГЗ Долгосрочные;9 месяцев;4. ОГЗ Долгосрочные;9 месяцев;4. ОГЗ Долгосрочные;9 месяцев;4. ОГЗ Долгосрочные;Закрыто и не реализовано;;;;;;;;;;;;;;;;;;;;;;;;;;;;;;;;;;;;
37751137;https://alladin116.amocrm.ru/leads/detail/37751137;;;13.05.2026;;;4. ОГЗ Долгосрочные;12+ месяцев;;;4. ОГЗ Долгосрочные;12+ месяцев;;;4. ОГЗ Долгосрочные;12+ месяцев;;;;;4. ОГЗ Долгосрочные;12+ месяцев;;;4. ОГЗ Долгосрочные;12+ месяцев;;;4. ОГЗ Долгосрочные;12+ месяцев;;;4. ОГЗ Долгосрочные;12+ месяцев;;;;;;;;;4. ОГЗ Долгосрочные;12+ месяцев;4. ОГЗ Долгосрочные;12+ месяцев;4. ОГЗ Долгосрочные;12+ месяцев;4. ОГЗ Долгосрочные;12+ месяцев;4. ОГЗ Долгосрочные;12+ месяцев;4. ОГЗ Долгосрочные;12+ месяцев;4. ОГЗ Долгосрочные;12+ месяцев;4. ОГЗ Долгосрочные;12+ месяцев;4. ОГЗ Долгосрочные;12+ месяцев;4. ОГЗ Долгосрочные;12+ месяцев;;;4. ОГЗ Долгосрочные;12+ месяцев;;;4. ОГЗ Долгосрочные;12+ месяцев;;;4. ОГЗ Долгосрочные;12+ месяцев;4. ОГЗ Долгосрочные;12+ месяцев;4. ОГЗ Долгосрочные;12+ месяцев;;;4. ОГЗ Долгосрочные;12+ месяцев;;;4. ОГЗ Долгосрочные;12+ месяцев;;;4. ОГЗ Долгосрочные;12+ месяцев;;;4. ОГЗ Долгосрочные;12+ месяцев;4. ОГЗ Долгосрочные;12+ месяцев
37751161;https://alladin116.amocrm.ru/leads/detail/37751161;;Закрыто и не реализовано;13.05.2026;;;;;;;;;;;;;;;;;;;;;;;;;;;;;;;;;;;;;;;1. ОГЗ Квалификация;Закрыто и не реализовано;;;;;;;;;;;;;;;;;;;;;;;;;;;;;;;;;;;;;;;;;;;;;;;;;;;;
37751171;https://alladin116.amocrm.ru/leads/detail/37751171;;;13.05.2026;;;4. ОГЗ Долгосрочные;6 месяцев;;;4. ОГЗ Долгосрочные;6 месяцев;;;4. ОГЗ Долгосрочные;6 месяцев;;;;;4. ОГЗ Долгосрочные;6 месяцев;;;4. ОГЗ Долгосрочные;6 месяцев;;;4. ОГЗ Долгосрочные;6 месяцев;;;4. ОГЗ Долгосрочные;6 месяцев;;;;;;;;;4. ОГЗ Долгосрочные;6 месяцев;4. ОГЗ Долгосрочные;6 месяцев;4. ОГЗ Долгосрочные;6 месяцев;4. ОГЗ Долгосрочные;6 месяцев;4. ОГЗ Долгосрочные;6 месяцев;4. ОГЗ Долгосрочные;6 месяцев;4. ОГЗ Долгосрочные;6 месяцев;4. ОГЗ Долгосрочные;6 месяцев;4. ОГЗ Долгосрочные;6 месяцев;4. ОГЗ Долгосрочные;6 месяцев;;;4. ОГЗ Долгосрочные;6 месяцев;;;4. ОГЗ Долгосрочные;6 месяцев;;;4. ОГЗ Долгосрочные;6 месяцев;4. ОГЗ Долгосрочные;6 месяцев;4. ОГЗ Долгосрочные;6 месяцев;;;4. ОГЗ Долгосрочные;6 месяцев;;;4. ОГЗ Долгосрочные;6 месяцев;;;4. ОГЗ Долгосрочные;6 месяцев;;;4. ОГЗ Долгосрочные;6 месяцев;4. ОГЗ Долгосрочные;6 месяцев
37751177;https://alladin116.amocrm.ru/leads/detail/37751177;;Закрыто и не реализовано;13.05.2026;;;;;;;;;;;;;;;;;;;;;;;;;;;;;;;;;;;;;;;3. ОГЗ Упрощенное;Получены материалы по проекту (в тч Договор);3. ОГЗ Упрощенное;Подготовлено КП;3. ОГЗ Упрощенное;Подготовлено КП;3. ОГЗ Упрощенное;Подготовлено КП;3. ОГЗ Упрощенное;Подготовлено КП;3. ОГЗ Упрощенное;Подготовлено КП;3. ОГЗ Упрощенное;Подготовлено КП;3. ОГЗ Упрощенное;Подготовлено КП;3. ОГЗ Упрощенное;Подготовлено КП;3. ОГЗ Упрощенное;Подготовлено КП;;;3. ОГЗ Упрощенное;Подготовлено КП;;;3. ОГЗ Упрощенное;Подготовлено КП;;;3. ОГЗ Упрощенное;Подготовлено КП;3. ОГЗ Упрощенное;Закрыто и не реализовано;;;;;;;;;;;;;;;;;;;;
37751211;https://alladin116.amocrm.ru/leads/detail/37751211;;Закрыто и не реализовано;13.05.2026;;;;;;;;;;;;;;;;;;;;;;;;;;;;;;;;;;;;;;;1. ОГЗ Квалификация;Закрыто и не реализовано;;;;;;;;;;;;;;;;;;;;;;;;;;;;;;;;;;;;;;;;;;;;;;;;;;;;
37751215;https://alladin116.amocrm.ru/leads/detail/37751215;;Закрыто и не реализовано;13.05.2026;;;;;;;;;;;;;;;;;;;;;;;;;;;;;;;;;;;;;;;1. ОГЗ Квалификация;Недозвон;1. ОГЗ Квалификация;Недозвон;1. ОГЗ Квалификация;Закрыто и не реализовано;;;;;;;;;;;;;;;;;;;;;;;;;;;;;;;;;;;;;;;;;;;;;;;;
37751239;https://alladin116.amocrm.ru/leads/detail/37751239;;;13.05.2026;;;4. ОГЗ Долгосрочные;6 месяцев;;;4. ОГЗ Долгосрочные;6 месяцев;;;4. ОГЗ Долгосрочные;6 месяцев;;;;;4. ОГЗ Долгосрочные;6 месяцев;;;4. ОГЗ Долгосрочные;6 месяцев;;;4. ОГЗ Долгосрочные;6 месяцев;;;4. ОГЗ Долгосрочные;6 месяцев;;;;;;;;;4. ОГЗ Долгосрочные;6 месяцев;4. ОГЗ Долгосрочные;6 месяцев;4. ОГЗ Долгосрочные;6 месяцев;4. ОГЗ Долгосрочные;6 месяцев;4. ОГЗ Долгосрочные;6 месяцев;4. ОГЗ Долгосрочные;6 месяцев;4. ОГЗ Долгосрочные;6 месяцев;4. ОГЗ Долгосрочные;6 месяцев;4. ОГЗ Долгосрочные;6 месяцев;4. ОГЗ Долгосрочные;6 месяцев;;;4. ОГЗ Долгосрочные;6 месяцев;;;4. ОГЗ Долгосрочные;6 месяцев;;;4. ОГЗ Долгосрочные;6 месяцев;4. ОГЗ Долгосрочные;6 месяцев;4. ОГЗ Долгосрочные;6 месяцев;;;4. ОГЗ Долгосрочные;6 месяцев;;;4. ОГЗ Долгосрочные;6 месяцев;;;4. ОГЗ Долгосрочные;6 месяцев;;;4. ОГЗ Долгосрочные;6 месяцев;4. ОГЗ Долгосрочные;6 месяцев
37751247;https://alladin116.amocrm.ru/leads/detail/37751247;;Закрыто и не реализовано;13.05.2026;;;;;;;;;;;;;;;;;;;;;;;;;;;;;;;;;;;;;;;1. ОГЗ Квалификация;Закрыто и не реализовано;;;;;;;;;;;;;;;;;;;;;;;;;;;;;;;;;;;;;;;;;;;;;;;;;;;;
37751467;https://alladin116.amocrm.ru/leads/detail/37751467;;;14.05.2026;;;4. ОГЗ Долгосрочные;9 месяцев;;;4. ОГЗ Долгосрочные;9 месяцев;;;4. ОГЗ Долгосрочные;9 месяцев;;;;;4. ОГЗ Долгосрочные;9 месяцев;;;4. ОГЗ Долгосрочные;9 месяцев;;;4. ОГЗ Долгосрочные;9 месяцев;;;4. ОГЗ Долгосрочные;9 месяцев;;;;;;;;;;;4. ОГЗ Долгосрочные;9 месяцев;4. ОГЗ Долгосрочные;9 месяцев;4. ОГЗ Долгосрочные;9 месяцев;4. ОГЗ Долгосрочные;9 месяцев;4. ОГЗ Долгосрочные;9 месяцев;4. ОГЗ Долгосрочные;9 месяцев;4. ОГЗ Долгосрочные;9 месяцев;4. ОГЗ Долгосрочные;9 месяцев;4. ОГЗ Долгосрочные;9 месяцев;;;4. ОГЗ Долгосрочные;9 месяцев;;;4. ОГЗ Долгосрочные;9 месяцев;;;4. ОГЗ Долгосрочные;9 месяцев;4. ОГЗ Долгосрочные;9 месяцев;4. ОГЗ Долгосрочные;9 месяцев;;;4. ОГЗ Долгосрочные;9 месяцев;;;4. ОГЗ Долгосрочные;9 месяцев;;;4. ОГЗ Долгосрочные;9 месяцев;;;4. ОГЗ Долгосрочные;9 месяцев;4. ОГЗ Долгосрочные;9 месяцев
37751479;https://alladin116.amocrm.ru/leads/detail/37751479;;Закрыто и не реализовано;14.05.2026;;;;;;;;;;;;;;;;;;;;;;;;;;;;;;;;;;;;;;;;;1. ОГЗ Квалификация;Закрыто и не реализовано;;;;;;;;;;;;;;;;;;;;;;;;;;;;;;;;;;;;;;;;;;;;;;;;;;
37751493;https://alladin116.amocrm.ru/leads/detail/37751493;;;14.05.2026;;;Квалификация ОГЗ;Презентация БО;;;Квалификация ОГЗ;Презентация БО;;;Квалификация ОГЗ;Презентация БО;;;;;Квалификация ОГЗ;Презентация БО;;;Квалификация ОГЗ;Презентация БО;;;Квалификация ОГЗ;Презентация БО;;;Квалификация ОГЗ;Презентация БО;;;;;;;;;;;Квалификация ОГЗ;Презентация БО;Квалификация ОГЗ;Презентация БО;Квалификация ОГЗ;Презентация БО;Квалификация ОГЗ;Презентация БО;Квалификация ОГЗ;Презентация БО;Квалификация ОГЗ;Презентация БО;Квалификация ОГЗ;Презентация БО;Квалификация ОГЗ;Презентация БО;Квалификация ОГЗ;Презентация БО;;;Квалификация ОГЗ;Презентация БО;;;Квалификация ОГЗ;Презентация БО;;;Квалификация ОГЗ;Презентация БО;Квалификация ОГЗ;Презентация БО;Квалификация ОГЗ;Презентация БО;;;Квалификация ОГЗ;Презентация БО;;;Квалификация ОГЗ;Презентация БО;;;Квалификация ОГЗ;Презентация БО;;;Квалификация ОГЗ;Презентация БО;Квалификация ОГЗ;Презентация БО
37751503;https://alladin116.amocrm.ru/leads/detail/37751503;;;14.05.2026;;;4. ОГЗ Долгосрочные;9 месяцев;;;4. ОГЗ Долгосрочные;9 месяцев;;;4. ОГЗ Долгосрочные;9 месяцев;;;;;4. ОГЗ Долгосрочные;9 месяцев;;;4. ОГЗ Долгосрочные;9 месяцев;;;4. ОГЗ Долгосрочные;9 месяцев;;;4. ОГЗ Долгосрочные;9 месяцев;;;;;;;;;;;4. ОГЗ Долгосрочные;9 месяцев;4. ОГЗ Долгосрочные;9 месяцев;4. ОГЗ Долгосрочные;9 месяцев;4. ОГЗ Долгосрочные;9 месяцев;4. ОГЗ Долгосрочные;9 месяцев;4. ОГЗ Долгосрочные;9 месяцев;4. ОГЗ Долгосрочные;9 месяцев;4. ОГЗ Долгосрочные;9 месяцев;4. ОГЗ Долгосрочные;9 месяцев;;;4. ОГЗ Долгосрочные;9 месяцев;;;4. ОГЗ Долгосрочные;9 месяцев;;;4. ОГЗ Долгосрочные;9 месяцев;4. ОГЗ Долгосрочные;9 месяцев;4. ОГЗ Долгосрочные;9 месяцев;;;4. ОГЗ Долгосрочные;9 месяцев;;;4. ОГЗ Долгосрочные;9 месяцев;;;4. ОГЗ Долгосрочные;9 месяцев;;;4. ОГЗ Долгосрочные;9 месяцев;4. ОГЗ Долгосрочные;9 месяцев
37751525;https://alladin116.amocrm.ru/leads/detail/37751525;;Закрыто и не реализовано;14.05.2026;;;;;;;;;;;;;;;;;;;;;;;;;;;;;;;;;;;;;;;;;1. ОГЗ Квалификация;Закрыто и не реализовано;;;;;;;;;;;;;;;;;;;;;;;;;;;;;;;;;;;;;;;;;;;;;;;;;;
37751529;https://alladin116.amocrm.ru/leads/detail/37751529;;Закрыто и не реализовано;14.05.2026;;;;;;;;;;;;;;;;;;;;;;;;;;;;;;;;;;;;;;;;;1. ОГЗ Квалификация;Закрыто и не реализовано;;;;;;;;;;;;;;;;;;;;;;;;;;;;;;;;;;;;;;;;;;;;;;;;;;
37751567;https://alladin116.amocrm.ru/leads/detail/37751567;;Закрыто и не реализовано;14.05.2026;;;;;;;;;;;;;;;;;;;;;;;;;;;;;;;;;;;;;;;;;1. ОГЗ Квалификация;Закрыто и не реализовано;;;;;;;;;;;;;;;;;;;;;;;;;;;;;;;;;;;;;;;;;;;;;;;;;;
37751589;https://alladin116.amocrm.ru/leads/detail/37751589;;;14.05.2026;;;3. ОГЗ Упрощенное;"""Презентовано КП (ВЖИВУЮ (зум!)  (КЭВ)""";;;3. ОГЗ Упрощенное;"""Презентовано КП (ВЖИВУЮ (зум!)  (КЭВ)""";;;3. ОГЗ Упрощенное;"""Презентовано КП (ВЖИВУЮ (зум!)  (КЭВ)""";;;;;3. ОГЗ Упрощенное;"""Презентовано КП (ВЖИВУЮ (зум!)  (КЭВ)""";;;3. ОГЗ Упрощенное;"""Презентовано КП (ВЖИВУЮ (зум!)  (КЭВ)""";;;3. ОГЗ Упрощенное;"""Презентовано КП (ВЖИВУЮ (зум!)  (КЭВ)""";;;3. ОГЗ Упрощенное;"""Презентовано КП (ВЖИВУЮ (зум!)  (КЭВ)""";;;;;;;;;;;3. ОГЗ Упрощенное;Рассчитана БО;3. ОГЗ Упрощенное;Рассчитана БО;3. ОГЗ Упрощенное;Рассчитана БО;3. ОГЗ Упрощенное;Рассчитана БО;3. ОГЗ Упрощенное;Презентовано КП (ВЖИВУЮ (зум!)  (КЭВ);3. ОГЗ Упрощенное;Презентовано КП (ВЖИВУЮ (зум!)  (КЭВ);3. ОГЗ Упрощенное;Презентовано КП (ВЖИВУЮ (зум!)  (КЭВ);3. ОГЗ Упрощенное;Презентовано КП (ВЖИВУЮ (зум!)  (КЭВ);3. ОГЗ Упрощенное;Презентовано КП (ВЖИВУЮ (зум!)  (КЭВ);;;3. ОГЗ Упрощенное;Презентовано КП (ВЖИВУЮ (зум!)  (КЭВ);;;3. ОГЗ Упрощенное;Презентовано КП (ВЖИВУЮ (зум!)  (КЭВ);;;3. ОГЗ Упрощенное;Презентовано КП (ВЖИВУЮ (зум!)  (КЭВ);3. ОГЗ Упрощенное;"""Презентовано КП (ВЖИВУЮ (зум!)  (КЭВ)""";3. ОГЗ Упрощенное;"""Презентовано КП (ВЖИВУЮ (зум!)  (КЭВ)""";;;3. ОГЗ Упрощенное;"""Презентовано КП (ВЖИВУЮ (зум!)  (КЭВ)""";;;3. ОГЗ Упрощенное;"""Презентовано КП (ВЖИВУЮ (зум!)  (КЭВ)""";;;3. ОГЗ Упрощенное;"""Презентовано КП (ВЖИВУЮ (зум!)  (КЭВ)""";;;3. ОГЗ Упрощенное;"""Презентовано КП (ВЖИВУЮ (зум!)  (КЭВ)""";3. ОГЗ Упрощенное;"""Презентовано КП (ВЖИВУЮ (зум!)  (КЭВ)"""
37751625;https://alladin116.amocrm.ru/leads/detail/37751625;;Закрыто и не реализовано;14.05.2026;;;;;;;;;;;;;;;;;;;;;;;;;;;;;;;;;;;;;;;;;1. ОГЗ Квалификация;Закрыто и не реализовано;;;;;;;;;;;;;;;;;;;;;;;;;;;;;;;;;;;;;;;;;;;;;;;;;;
37751627;https://alladin116.amocrm.ru/leads/detail/37751627;;;14.05.2026;;;Квалификация ОГЗ;на расчете БО (бюджетная оценка);;;Квалификация ОГЗ;на расчете БО (бюджетная оценка);;;Квалификация ОГЗ;на расчете БО (бюджетная оценка);;;;;Квалификация ОГЗ;на расчете БО (бюджетная оценка);;;Квалификация ОГЗ;на расчете БО (бюджетная оценка);;;Квалификация ОГЗ;на расчете БО (бюджетная оценка);;;Квалификация ОГЗ;на расчете БО (бюджетная оценка);;;;;;;;;;;Квалификация ОГЗ;на расчете БО (бюджетная оценка);Квалификация ОГЗ;на расчете БО (бюджетная оценка);Квалификация ОГЗ;на расчете БО (бюджетная оценка);Квалификация ОГЗ;на расчете БО (бюджетная оценка);Квалификация ОГЗ;на расчете БО (бюджетная оценка);Квалификация ОГЗ;на расчете БО (бюджетная оценка);Квалификация ОГЗ;на расчете БО (бюджетная оценка);Квалификация ОГЗ;на расчете БО (бюджетная оценка);Квалификация ОГЗ;на расчете БО (бюджетная оценка);;;Квалификация ОГЗ;на расчете БО (бюджетная оценка);;;Квалификация ОГЗ;на расчете БО (бюджетная оценка);;;Квалификация ОГЗ;на расчете БО (бюджетная оценка);Квалификация ОГЗ;на расчете БО (бюджетная оценка);Квалификация ОГЗ;на расчете БО (бюджетная оценка);;;Квалификация ОГЗ;на расчете БО (бюджетная оценка);;;Квалификация ОГЗ;на расчете БО (бюджетная оценка);;;Квалификация ОГЗ;на расчете БО (бюджетная оценка);;;Квалификация ОГЗ;на расчете БО (бюджетная оценка);Квалификация ОГЗ;на расчете БО (бюджетная оценка)
37751629;https://alladin116.amocrm.ru/leads/detail/37751629;;Закрыто и не реализовано;14.05.2026;;;;;;;;;;;;;;;;;;;;;;;;;;;;;;;;;;;;;;;;;исполнение ОГНЕЗАЩИТА;Закрыто и не реализовано;;;;;;;;;;;;;;;;;;;;;;;;;;;;;;;;;;;;;;;;;;;;;;;;;;
37751647;https://alladin116.amocrm.ru/leads/detail/37751647;;;14.05.2026;;;Квалификация ОГЗ;Презентация БО;;;Квалификация ОГЗ;Презентация БО;;;Квалификация ОГЗ;Презентация БО;;;;;Квалификация ОГЗ;Презентация БО;;;Квалификация ОГЗ;Презентация БО;;;Квалификация ОГЗ;Презентация БО;;;Квалификация ОГЗ;Презентация БО;;;;;;;;;;;Квалификация ОГЗ;Презентация БО;Квалификация ОГЗ;Презентация БО;Квалификация ОГЗ;Презентация БО;Квалификация ОГЗ;Презентация БО;Квалификация ОГЗ;Презентация БО;Квалификация ОГЗ;Презентация БО;Квалификация ОГЗ;Презентация БО;Квалификация ОГЗ;Презентация БО;Квалификация ОГЗ;Презентация БО;;;Квалификация ОГЗ;Презентация БО;;;Квалификация ОГЗ;Презентация БО;;;Квалификация ОГЗ;Презентация БО;Квалификация ОГЗ;Презентация БО;Квалификация ОГЗ;Презентация БО;;;Квалификация ОГЗ;Презентация БО;;;Квалификация ОГЗ;Презентация БО;;;Квалификация ОГЗ;Презентация БО;;;Квалификация ОГЗ;Презентация БО;Квалификация ОГЗ;Презентация БО
37751705;https://alladin116.amocrm.ru/leads/detail/37751705;;;14.05.2026;;;4. ОГЗ Долгосрочные;9 месяцев;;;4. ОГЗ Долгосрочные;9 месяцев;;;4. ОГЗ Долгосрочные;9 месяцев;;;;;4. ОГЗ Долгосрочные;9 месяцев;;;4. ОГЗ Долгосрочные;9 месяцев;;;4. ОГЗ Долгосрочные;9 месяцев;;;4. ОГЗ Долгосрочные;9 месяцев;;;;;;;;;;;4. ОГЗ Долгосрочные;9 месяцев;4. ОГЗ Долгосрочные;9 месяцев;4. ОГЗ Долгосрочные;9 месяцев;4. ОГЗ Долгосрочные;9 месяцев;4. ОГЗ Долгосрочные;9 месяцев;4. ОГЗ Долгосрочные;9 месяцев;4. ОГЗ Долгосрочные;9 месяцев;4. ОГЗ Долгосрочные;9 месяцев;4. ОГЗ Долгосрочные;9 месяцев;;;4. ОГЗ Долгосрочные;9 месяцев;;;4. ОГЗ Долгосрочные;9 месяцев;;;4. ОГЗ Долгосрочные;9 месяцев;4. ОГЗ Долгосрочные;9 месяцев;4. ОГЗ Долгосрочные;9 месяцев;;;4. ОГЗ Долгосрочные;9 месяцев;;;4. ОГЗ Долгосрочные;9 месяцев;;;4. ОГЗ Долгосрочные;9 месяцев;;;4. ОГЗ Долгосрочные;9 месяцев;4. ОГЗ Долгосрочные;9 месяцев
37751855;https://alladin116.amocrm.ru/leads/detail/37751855;;Закрыто и не реализовано;15.05.2026;;;;;;;;;;;;;;;;;;;;;;;;;;;;;;;;;;;;;;;;;;;1. ОГЗ Квалификация;Закрыто и не реализовано;;;;;;;;;;;;;;;;;;;;;;;;;;;;;;;;;;;;;;;;;;;;;;;;
37751913;https://alladin116.amocrm.ru/leads/detail/37751913;;Закрыто и не реализовано;15.05.2026;;;;;;;;;;;;;;;;;;;;;;;;;;;;;;;;;;;;;;;;;;;1. ОГЗ Квалификация;Контакт установлен;1. ОГЗ Квалификация;Контакт установлен;1. ОГЗ Квалификация;Контакт установлен;1. ОГЗ Квалификация;Контакт установлен;1. ОГЗ Квалификация;Контакт установлен;1. ОГЗ Квалификация;Контакт установлен;1. ОГЗ Квалификация;Контакт установлен;1. ОГЗ Квалификация;Контакт установлен;;;1. ОГЗ Квалификация;Закрыто и не реализовано;;;;;;;;;;;;;;;;;;;;;;;;;;;;;;
37751917;https://alladin116.amocrm.ru/leads/detail/37751917;;Закрыто и не реализовано;15.05.2026;;;;;;;;;;;;;;;;;;;;;;;;;;;;;;;;;;;;;;;;;;;1. ОГЗ Квалификация;Закрыто и не реализовано;;;;;;;;;;;;;;;;;;;;;;;;;;;;;;;;;;;;;;;;;;;;;;;;
37751919;https://alladin116.amocrm.ru/leads/detail/37751919;;Закрыто и не реализовано;15.05.2026;;;;;;;;;;;;;;;;;;;;;;;;;;;;;;;;;;;;;;;;;;;1. ОГЗ Квалификация;Закрыто и не реализовано;;;;;;;;;;;;;;;;;;;;;;;;;;;;;;;;;;;;;;;;;;;;;;;;
37751955;https://alladin116.amocrm.ru/leads/detail/37751955;;Закрыто и не реализовано;15.05.2026;;;;;;;;;;;;;;;;;;;;;;;;;;;;;;;;;;;;;;;;;;;1. ОГЗ Квалификация;Закрыто и не реализовано;;;;;;;;;;;;;;;;;;;;;;;;;;;;;;;;;;;;;;;;;;;;;;;;
37751977;https://alladin116.amocrm.ru/leads/detail/37751977;;Закрыто и не реализовано;15.05.2026;;;;;;;;;;;;;;;;;;;;;;;;;;;;;;;;;;;;;;;;;;;1. ОГЗ Квалификация;Контакт установлен;1. ОГЗ Квалификация;Контакт установлен;1. ОГЗ Квалификация;Контакт установлен;1. ОГЗ Квалификация;Контакт установлен;1. ОГЗ Квалификация;Контакт установлен;1. ОГЗ Квалификация;Контакт установлен;1. ОГЗ Квалификация;Закрыто и не реализовано;;;;;;;;;;;;;;;;;;;;;;;;;;;;;;;;;;;;
37752013;https://alladin116.amocrm.ru/leads/detail/37752013;;Закрыто и не реализовано;15.05.2026;;;;;;;;;;;;;;;;;;;;;;;;;;;;;;;;;;;;;;;;;;;1. ОГЗ Квалификация;Контакт установлен;1. ОГЗ Квалификация;Контакт установлен;1. ОГЗ Квалификация;Контакт установлен;1. ОГЗ Квалификация;Контакт установлен;1. ОГЗ Квалификация;Контакт установлен;1. ОГЗ Квалификация;Контакт установлен;1. ОГЗ Квалификация;Закрыто и не реализовано;;;;;;;;;;;;;;;;;;;;;;;;;;;;;;;;;;;;
37752015;https://alladin116.amocrm.ru/leads/detail/37752015;;Закрыто и не реализовано;15.05.2026;;;;;;;;;;;;;;;;;;;;;;;;;;;;;;;;;;;;;;;;;;;1. ОГЗ Квалификация;Контакт установлен;1. ОГЗ Квалификация;Контакт установлен;1. ОГЗ Квалификация;Закрыто и не реализовано;;;;;;;;;;;;;;;;;;;;;;;;;;;;;;;;;;;;;;;;;;;;
37752033;https://alladin116.amocrm.ru/leads/detail/37752033;;;15.05.2026;;;4. ОГЗ Долгосрочные;12+ месяцев;;;4. ОГЗ Долгосрочные;12+ месяцев;;;4. ОГЗ Долгосрочные;12+ месяцев;;;;;4. ОГЗ Долгосрочные;12+ месяцев;;;4. ОГЗ Долгосрочные;12+ месяцев;;;4. ОГЗ Долгосрочные;12+ месяцев;;;4. ОГЗ Долгосрочные;12+ месяцев;;;;;;;;;;;;;4. ОГЗ Долгосрочные;12+ месяцев;4. ОГЗ Долгосрочные;12+ месяцев;4. ОГЗ Долгосрочные;12+ месяцев;4. ОГЗ Долгосрочные;12+ месяцев;4. ОГЗ Долгосрочные;12+ месяцев;4. ОГЗ Долгосрочные;12+ месяцев;4. ОГЗ Долгосрочные;12+ месяцев;4. ОГЗ Долгосрочные;12+ месяцев;;;4. ОГЗ Долгосрочные;12+ месяцев;;;4. ОГЗ Долгосрочные;12+ месяцев;;;4. ОГЗ Долгосрочные;12+ месяцев;4. ОГЗ Долгосрочные;12+ месяцев;4. ОГЗ Долгосрочные;12+ месяцев;;;4. ОГЗ Долгосрочные;12+ месяцев;;;4. ОГЗ Долгосрочные;12+ месяцев;;;4. ОГЗ Долгосрочные;12+ месяцев;;;4. ОГЗ Долгосрочные;12+ месяцев;4. ОГЗ Долгосрочные;12+ месяцев
37752055;https://alladin116.amocrm.ru/leads/detail/37752055;;Закрыто и не реализовано;15.05.2026;;;;;;;;;;;;;;;;;;;;;;;;;;;;;;;;;;;;;;;;;;;1. ОГЗ Квалификация;Закрыто и не реализовано;;;;;;;;;;;;;;;;;;;;;;;;;;;;;;;;;;;;;;;;;;;;;;;;
37752059;https://alladin116.amocrm.ru/leads/detail/37752059;;Закрыто и не реализовано;15.05.2026;;;;;;;;;;;;;;;;;;;;;;;;;;;;;;;;;;;;;;;;;;;1. ОГЗ Квалификация;Закрыто и не реализовано;;;;;;;;;;;;;;;;;;;;;;;;;;;;;;;;;;;;;;;;;;;;;;;;
37752093;https://alladin116.amocrm.ru/leads/detail/37752093;;Закрыто и не реализовано;15.05.2026;;;;;;;;;;;;;;;;;;;;;;;;;;;;;;;;;;;;;;;;;;;1. ОГЗ Квалификация;Закрыто и не реализовано;;;;;;;;;;;;;;;;;;;;;;;;;;;;;;;;;;;;;;;;;;;;;;;;
37752109;https://alladin116.amocrm.ru/leads/detail/37752109;;;15.05.2026;;;4. ОГЗ Долгосрочные;9 месяцев;;;4. ОГЗ Долгосрочные;9 месяцев;;;4. ОГЗ Долгосрочные;9 месяцев;;;;;4. ОГЗ Долгосрочные;9 месяцев;;;4. ОГЗ Долгосрочные;9 месяцев;;;4. ОГЗ Долгосрочные;9 месяцев;;;4. ОГЗ Долгосрочные;9 месяцев;;;;;;;;;;;;;Квалификация ОГЗ;Новый ЛИД;Квалификация ОГЗ;Новый ЛИД;Квалификация ОГЗ;Новый ЛИД;4. ОГЗ Долгосрочные;9 месяцев;4. ОГЗ Долгосрочные;9 месяцев;4. ОГЗ Долгосрочные;9 месяцев;4. ОГЗ Долгосрочные;9 месяцев;4. ОГЗ Долгосрочные;9 месяцев;;;4. ОГЗ Долгосрочные;9 месяцев;;;4. ОГЗ Долгосрочные;9 месяцев;;;4. ОГЗ Долгосрочные;9 месяцев;4. ОГЗ Долгосрочные;9 месяцев;4. ОГЗ Долгосрочные;9 месяцев;;;4. ОГЗ Долгосрочные;9 месяцев;;;4. ОГЗ Долгосрочные;9 месяцев;;;4. ОГЗ Долгосрочные;9 месяцев;;;4. ОГЗ Долгосрочные;9 месяцев;4. ОГЗ Долгосрочные;9 месяцев
37752151;https://alladin116.amocrm.ru/leads/detail/37752151;;Закрыто и не реализовано;15.05.2026;;;;;;;;;;;;;;;;;;;;;;;;;;;;;;;;;;;;;;;;;;;1. ОГЗ Квалификация;Контакт установлен;1. ОГЗ Квалификация;Контакт установлен;1. ОГЗ Квалификация;Контакт установлен;1. ОГЗ Квалификация;Закрыто и не реализовано;;;;;;;;;;;;;;;;;;;;;;;;;;;;;;;;;;;;;;;;;;
37752837;https://alladin116.amocrm.ru/leads/detail/37752837;;Закрыто и не реализовано;18.05.2026;;;;;;;;;;;;;;;;;;;;;;;;;;;;;;;;;;;;;;;;;;;;;;;;;;;1. ОГЗ Квалификация;Закрыто и не реализовано;;;;;;;;;;;;;;;;;;;;;;;;;;;;;;;;;;;;;;;;
37752861;https://alladin116.amocrm.ru/leads/detail/37752861;;Закрыто и не реализовано;18.05.2026;;;;;;;;;;;;;;;;;;;;;;;;;;;;;;;;;;;;;;;;;;;;;;;;;;;1. ОГЗ Квалификация;Закрыто и не реализовано;;;;;;;;;;;;;;;;;;;;;;;;;;;;;;;;;;;;;;;;
37752895;https://alladin116.amocrm.ru/leads/detail/37752895;;Закрыто и не реализовано;18.05.2026;;;;;;;;;;;;;;;;;;;;;;;;;;;;;;;;;;;;;;;;;;;;;;;;;;;1. ОГЗ Квалификация;Закрыто и не реализовано;;;;;;;;;;;;;;;;;;;;;;;;;;;;;;;;;;;;;;;;
37752919;https://alladin116.amocrm.ru/leads/detail/37752919;;Закрыто и не реализовано;18.05.2026;;;;;;;;;;;;;;;;;;;;;;;;;;;;;;;;;;;;;;;;;;;;;;;;;;;1. ОГЗ Квалификация;Закрыто и не реализовано;;;;;;;;;;;;;;;;;;;;;;;;;;;;;;;;;;;;;;;;
37752945;https://alladin116.amocrm.ru/leads/detail/37752945;;Закрыто и не реализовано;18.05.2026;;;;;;;;;;;;;;;;;;;;;;;;;;;;;;;;;;;;;;;;;;;;;;;;;;;1. ОГЗ Квалификация;Закрыто и не реализовано;;;;;;;;;;;;;;;;;;;;;;;;;;;;;;;;;;;;;;;;
37752953;https://alladin116.amocrm.ru/leads/detail/37752953;;Закрыто и не реализовано;18.05.2026;;;;;;;;;;;;;;;;;;;;;;;;;;;;;;;;;;;;;;;;;;;;;;;;;;;1. ОГЗ Квалификация;Закрыто и не реализовано;;;;;;;;;;;;;;;;;;;;;;;;;;;;;;;;;;;;;;;;
37752955;https://alladin116.amocrm.ru/leads/detail/37752955;;Закрыто и не реализовано;18.05.2026;;;;;;;;;;;;;;;;;;;;;;;;;;;;;;;;;;;;;;;;;;;;;;;;;;;1. ОГЗ Квалификация;Закрыто и не реализовано;;;;;;;;;;;;;;;;;;;;;;;;;;;;;;;;;;;;;;;;
37752975;https://alladin116.amocrm.ru/leads/detail/37752975;;;18.05.2026;;;4. ОГЗ Долгосрочные;12+ месяцев;;;4. ОГЗ Долгосрочные;12+ месяцев;;;4. ОГЗ Долгосрочные;12+ месяцев;;;;;4. ОГЗ Долгосрочные;12+ месяцев;;;4. ОГЗ Долгосрочные;12+ месяцев;;;4. ОГЗ Долгосрочные;12+ месяцев;;;4. ОГЗ Долгосрочные;12+ месяцев;;;;;;;;;;;;;;;;;;;;;1. ОГЗ Квалификация;Контакт установлен;4. ОГЗ Долгосрочные;12+ месяцев;4. ОГЗ Долгосрочные;12+ месяцев;4. ОГЗ Долгосрочные;12+ месяцев;;;4. ОГЗ Долгосрочные;12+ месяцев;;;4. ОГЗ Долгосрочные;12+ месяцев;;;4. ОГЗ Долгосрочные;12+ месяцев;4. ОГЗ Долгосрочные;12+ месяцев;4. ОГЗ Долгосрочные;12+ месяцев;;;4. ОГЗ Долгосрочные;12+ месяцев;;;4. ОГЗ Долгосрочные;12+ месяцев;;;4. ОГЗ Долгосрочные;12+ месяцев;;;4. ОГЗ Долгосрочные;12+ месяцев;4. ОГЗ Долгосрочные;12+ месяцев
37753019;https://alladin116.amocrm.ru/leads/detail/37753019;;Закрыто и не реализовано;18.05.2026;;;;;;;;;;;;;;;;;;;;;;;;;;;;;;;;;;;;;;;;;;;;;;;;;;;1. ОГЗ Квалификация;Закрыто и не реализовано;;;;;;;;;;;;;;;;;;;;;;;;;;;;;;;;;;;;;;;;
37753023;https://alladin116.amocrm.ru/leads/detail/37753023;;;18.05.2026;;;3. ОГЗ Упрощенное;Подготовлено КП;;;3. ОГЗ Упрощенное;Подготовлено КП;;;3. ОГЗ Упрощенное;Подготовлено КП;;;;;3. ОГЗ Упрощенное;Подготовлено КП;;;3. ОГЗ Упрощенное;Согласовано финальное КП;;;3. ОГЗ Упрощенное;Согласовано финальное КП;;;3. ОГЗ Упрощенное;Согласовано финальное КП;;;;;;;;;;;;;;;;;;;;;3. ОГЗ Упрощенное;Назначена дата презентации КП и запрошены материалы;3. ОГЗ Упрощенное;Назначена дата презентации КП и запрошены материалы;3. ОГЗ Упрощенное;Назначена дата презентации КП и запрошены материалы;3. ОГЗ Упрощенное;Назначена дата презентации КП и запрошены материалы;;;3. ОГЗ Упрощенное;Назначена дата презентации КП и запрошены материалы;;;3. ОГЗ Упрощенное;Назначена дата презентации КП и запрошены материалы;;;3. ОГЗ Упрощенное;Назначена дата презентации КП и запрошены материалы;3. ОГЗ Упрощенное;Назначена дата презентации КП и запрошены материалы;3. ОГЗ Упрощенное;Назначена дата презентации КП и запрошены материалы;;;3. ОГЗ Упрощенное;Подготовлено КП;;;3. ОГЗ Упрощенное;Подготовлено КП;;;3. ОГЗ Упрощенное;Подготовлено КП;;;3. ОГЗ Упрощенное;Подготовлено КП;3. ОГЗ Упрощенное;Подготовлено КП
37753039;https://alladin116.amocrm.ru/leads/detail/37753039;;Закрыто и не реализовано;18.05.2026;;;;;;;;;;;;;;;;;;;;;;;;;;;;;;;;;;;;;;;;;;;;;;;;;;;1. ОГЗ Квалификация;Закрыто и не реализовано;;;;;;;;;;;;;;;;;;;;;;;;;;;;;;;;;;;;;;;;
37753043;https://alladin116.amocrm.ru/leads/detail/37753043;;Закрыто и не реализовано;18.05.2026;;;;;;;;;;;;;;;;;;;;;;;;;;;;;;;;;;;;;;;;;;;;;;;;;;;1. ОГЗ Квалификация;Контакт установлен;1. ОГЗ Квалификация;Закрыто и не реализовано;;;;;;;;;;;;;;;;;;;;;;;;;;;;;;;;;;;;;;
37753053;https://alladin116.amocrm.ru/leads/detail/37753053;;Закрыто и не реализовано;18.05.2026;;;;;;;;;;;;;;;;;;;;;;;;;;;;;;;;;;;;;;;;;;;;;;;;;;;1. ОГЗ Квалификация;Закрыто и не реализовано;;;;;;;;;;;;;;;;;;;;;;;;;;;;;;;;;;;;;;;;
37753055;https://alladin116.amocrm.ru/leads/detail/37753055;;;18.05.2026;;;3. ОГЗ Упрощенное;Получена обратная связь по КП;;;3. ОГЗ Упрощенное;Получена обратная связь по КП;;;3. ОГЗ Упрощенное;Получена обратная связь по КП;;;;;3. ОГЗ Упрощенное;Получена обратная связь по КП;;;3. ОГЗ Упрощенное;Получена обратная связь по КП;;;3. ОГЗ Упрощенное;Получена обратная связь по КП;;;3. ОГЗ Упрощенное;Получена обратная связь по КП;;;;;;;;;;;;;;;;;;;;;3. ОГЗ Упрощенное;Назначена дата презентации КП и запрошены материалы;3. ОГЗ Упрощенное;Подготовлено КП;3. ОГЗ Упрощенное;Получена обратная связь по КП;3. ОГЗ Упрощенное;Получена обратная связь по КП;;;3. ОГЗ Упрощенное;Получена обратная связь по КП;;;3. ОГЗ Упрощенное;Получена обратная связь по КП;;;3. ОГЗ Упрощенное;Получена обратная связь по КП;3. ОГЗ Упрощенное;Получена обратная связь по КП;3. ОГЗ Упрощенное;Получена обратная связь по КП;;;3. ОГЗ Упрощенное;Получена обратная связь по КП;;;3. ОГЗ Упрощенное;Получена обратная связь по КП;;;3. ОГЗ Упрощенное;Получена обратная связь по КП;;;3. ОГЗ Упрощенное;Получена обратная связь по КП;3. ОГЗ Упрощенное;Получена обратная связь по КП
37753057;https://alladin116.amocrm.ru/leads/detail/37753057;;Закрыто и не реализовано;18.05.2026;;;;;;;;;;;;;;;;;;;;;;;;;;;;;;;;;;;;;;;;;;;;;;;;;;;1. ОГЗ Квалификация;Закрыто и не реализовано;;;;;;;;;;;;;;;;;;;;;;;;;;;;;;;;;;;;;;;;
37753061;https://alladin116.amocrm.ru/leads/detail/37753061;;;18.05.2026;;;4. ОГЗ Долгосрочные;6 месяцев;;;4. ОГЗ Долгосрочные;6 месяцев;;;4. ОГЗ Долгосрочные;6 месяцев;;;;;4. ОГЗ Долгосрочные;6 месяцев;;;4. ОГЗ Долгосрочные;6 месяцев;;;4. ОГЗ Долгосрочные;6 месяцев;;;4. ОГЗ Долгосрочные;6 месяцев;;;;;;;;;;;;;;;;;;;;;4. ОГЗ Долгосрочные;6 месяцев;4. ОГЗ Долгосрочные;6 месяцев;4. ОГЗ Долгосрочные;6 месяцев;4. ОГЗ Долгосрочные;6 месяцев;;;4. ОГЗ Долгосрочные;6 месяцев;;;4. ОГЗ Долгосрочные;6 месяцев;;;4. ОГЗ Долгосрочные;6 месяцев;4. ОГЗ Долгосрочные;6 месяцев;4. ОГЗ Долгосрочные;6 месяцев;;;4. ОГЗ Долгосрочные;6 месяцев;;;4. ОГЗ Долгосрочные;6 месяцев;;;4. ОГЗ Долгосрочные;6 месяцев;;;4. ОГЗ Долгосрочные;6 месяцев;4. ОГЗ Долгосрочные;6 месяцев
37753093;https://alladin116.amocrm.ru/leads/detail/37753093;;Закрыто и не реализовано;19.05.2026;;;;;;;;;;;;;;;;;;;;;;;;;;;;;;;;;;;;;;;;;;;;;;;;;;;;;1. ОГЗ Квалификация;Закрыто и не реализовано;;;;;;;;;;;;;;;;;;;;;;;;;;;;;;;;;;;;;;
37753127;https://alladin116.amocrm.ru/leads/detail/37753127;;Закрыто и не реализовано;19.05.2026;;;;;;;;;;;;;;;;;;;;;;;;;;;;;;;;;;;;;;;;;;;;;;;;;;;;;1. ОГЗ Квалификация;Закрыто и не реализовано;;;;;;;;;;;;;;;;;;;;;;;;;;;;;;;;;;;;;;
37753177;https://alladin116.amocrm.ru/leads/detail/37753177;;Закрыто и не реализовано;19.05.2026;;;;;;;;;;;;;;;;;;;;;;;;;;;;;;;;;;;;;;;;;;;;;;;;;;;;;1. ОГЗ Квалификация;Закрыто и не реализовано;;;;;;;;;;;;;;;;;;;;;;;;;;;;;;;;;;;;;;
37753181;https://alladin116.amocrm.ru/leads/detail/37753181;;;19.05.2026;;;4. ОГЗ Долгосрочные;3 месяца;;;4. ОГЗ Долгосрочные;3 месяца;;;4. ОГЗ Долгосрочные;3 месяца;;;;;4. ОГЗ Долгосрочные;3 месяца;;;4. ОГЗ Долгосрочные;3 месяца;;;4. ОГЗ Долгосрочные;3 месяца;;;4. ОГЗ Долгосрочные;3 месяца;;;;;;;;;;;;;;;;;;;;;;;1. ОГЗ Квалификация;Недозвон;4. ОГЗ Долгосрочные;3 месяца;4. ОГЗ Долгосрочные;3 месяца;;;4. ОГЗ Долгосрочные;3 месяца;;;4. ОГЗ Долгосрочные;3 месяца;;;4. ОГЗ Долгосрочные;3 месяца;4. ОГЗ Долгосрочные;3 месяца;4. ОГЗ Долгосрочные;3 месяца;;;4. ОГЗ Долгосрочные;3 месяца;;;4. ОГЗ Долгосрочные;3 месяца;;;4. ОГЗ Долгосрочные;3 месяца;;;4. ОГЗ Долгосрочные;3 месяца;4. ОГЗ Долгосрочные;3 месяца
37753219;https://alladin116.amocrm.ru/leads/detail/37753219;;Закрыто и не реализовано;19.05.2026;;;;;;;;;;;;;;;;;;;;;;;;;;;;;;;;;;;;;;;;;;;;;;;;;;;;;1. ОГЗ Квалификация;Закрыто и не реализовано;;;;;;;;;;;;;;;;;;;;;;;;;;;;;;;;;;;;;;
37753233;https://alladin116.amocrm.ru/leads/detail/37753233;;;19.05.2026;;;4. ОГЗ Долгосрочные;6 месяцев;;;4. ОГЗ Долгосрочные;6 месяцев;;;4. ОГЗ Долгосрочные;6 месяцев;;;;;4. ОГЗ Долгосрочные;6 месяцев;;;4. ОГЗ Долгосрочные;6 месяцев;;;4. ОГЗ Долгосрочные;6 месяцев;;;4. ОГЗ Долгосрочные;6 месяцев;;;;;;;;;;;;;;;;;;;;;;;1. ОГЗ Квалификация;Контакт установлен;4. ОГЗ Долгосрочные;6 месяцев;4. ОГЗ Долгосрочные;6 месяцев;;;4. ОГЗ Долгосрочные;6 месяцев;;;4. ОГЗ Долгосрочные;6 месяцев;;;4. ОГЗ Долгосрочные;6 месяцев;4. ОГЗ Долгосрочные;6 месяцев;4. ОГЗ Долгосрочные;6 месяцев;;;4. ОГЗ Долгосрочные;6 месяцев;;;4. ОГЗ Долгосрочные;6 месяцев;;;4. ОГЗ Долгосрочные;6 месяцев;;;4. ОГЗ Долгосрочные;6 месяцев;4. ОГЗ Долгосрочные;6 месяцев
37753257;https://alladin116.amocrm.ru/leads/detail/37753257;;Закрыто и не реализовано;19.05.2026;;;;;;;;;;;;;;;;;;;;;;;;;;;;;;;;;;;;;;;;;;;;;;;;;;;;;1. ОГЗ Квалификация;Закрыто и не реализовано;;;;;;;;;;;;;;;;;;;;;;;;;;;;;;;;;;;;;;
37753265;https://alladin116.amocrm.ru/leads/detail/37753265;;;19.05.2026;;;4. ОГЗ Долгосрочные;12+ месяцев;;;4. ОГЗ Долгосрочные;12+ месяцев;;;4. ОГЗ Долгосрочные;12+ месяцев;;;;;4. ОГЗ Долгосрочные;12+ месяцев;;;4. ОГЗ Долгосрочные;12+ месяцев;;;4. ОГЗ Долгосрочные;12+ месяцев;;;4. ОГЗ Долгосрочные;12+ месяцев;;;;;;;;;;;;;;;;;;;;;;;4. ОГЗ Долгосрочные;12+ месяцев;4. ОГЗ Долгосрочные;12+ месяцев;4. ОГЗ Долгосрочные;12+ месяцев;;;4. ОГЗ Долгосрочные;12+ месяцев;;;4. ОГЗ Долгосрочные;12+ месяцев;;;4. ОГЗ Долгосрочные;12+ месяцев;4. ОГЗ Долгосрочные;12+ месяцев;4. ОГЗ Долгосрочные;12+ месяцев;;;4. ОГЗ Долгосрочные;12+ месяцев;;;4. ОГЗ Долгосрочные;12+ месяцев;;;4. ОГЗ Долгосрочные;12+ месяцев;;;4. ОГЗ Долгосрочные;12+ месяцев;4. ОГЗ Долгосрочные;12+ месяцев
37753349;https://alladin116.amocrm.ru/leads/detail/37753349;;Закрыто и не реализовано;20.05.2026;;;;;;;;;;;;;;;;;;;;;;;;;;;;;;;;;;;;;;;;;;;;;;;;;;;;;;;1. ОГЗ Квалификация;Контакт установлен;1. ОГЗ Квалификация;Контакт установлен;;;1. ОГЗ Квалификация;Контакт установлен;;;1. ОГЗ Квалификация;Контакт установлен;;;1. ОГЗ Квалификация;Контакт установлен;1. ОГЗ Квалификация;Контакт установлен;1. ОГЗ Квалификация;Закрыто и не реализовано;;;;;;;;;;;;;;;;;;
37753365;https://alladin116.amocrm.ru/leads/detail/37753365;;;20.05.2026;;;4. ОГЗ Долгосрочные;9 месяцев;;;4. ОГЗ Долгосрочные;9 месяцев;;;4. ОГЗ Долгосрочные;9 месяцев;;;;;4. ОГЗ Долгосрочные;9 месяцев;;;4. ОГЗ Долгосрочные;9 месяцев;;;4. ОГЗ Долгосрочные;9 месяцев;;;4. ОГЗ Долгосрочные;9 месяцев;;;;;;;;;;;;;;;;;;;;;;;;;4. ОГЗ Долгосрочные;9 месяцев;4. ОГЗ Долгосрочные;9 месяцев;;;4. ОГЗ Долгосрочные;9 месяцев;;;4. ОГЗ Долгосрочные;9 месяцев;;;4. ОГЗ Долгосрочные;9 месяцев;4. ОГЗ Долгосрочные;9 месяцев;4. ОГЗ Долгосрочные;9 месяцев;;;4. ОГЗ Долгосрочные;9 месяцев;;;4. ОГЗ Долгосрочные;9 месяцев;;;4. ОГЗ Долгосрочные;9 месяцев;;;4. ОГЗ Долгосрочные;9 месяцев;4. ОГЗ Долгосрочные;9 месяцев
37753381;https://alladin116.amocrm.ru/leads/detail/37753381;;;20.05.2026;;;4. ОГЗ Долгосрочные;9 месяцев;;;4. ОГЗ Долгосрочные;9 месяцев;;;4. ОГЗ Долгосрочные;9 месяцев;;;;;4. ОГЗ Долгосрочные;9 месяцев;;;4. ОГЗ Долгосрочные;9 месяцев;;;4. ОГЗ Долгосрочные;9 месяцев;;;4. ОГЗ Долгосрочные;9 месяцев;;;;;;;;;;;;;;;;;;;;;;;;;4. ОГЗ Долгосрочные;9 месяцев;4. ОГЗ Долгосрочные;9 месяцев;;;4. ОГЗ Долгосрочные;9 месяцев;;;4. ОГЗ Долгосрочные;9 месяцев;;;4. ОГЗ Долгосрочные;9 месяцев;4. ОГЗ Долгосрочные;9 месяцев;4. ОГЗ Долгосрочные;9 месяцев;;;4. ОГЗ Долгосрочные;9 месяцев;;;4. ОГЗ Долгосрочные;9 месяцев;;;4. ОГЗ Долгосрочные;9 месяцев;;;4. ОГЗ Долгосрочные;9 месяцев;4. ОГЗ Долгосрочные;9 месяцев
37753391;https://alladin116.amocrm.ru/leads/detail/37753391;;Закрыто и не реализовано;20.05.2026;;;;;;;;;;;;;;;;;;;;;;;;;;;;;;;;;;;;;;;;;;;;;;;;;;;;;;;1. ОГЗ Квалификация;Контакт установлен;1. ОГЗ Квалификация;Контакт установлен;;;1. ОГЗ Квалификация;Контакт установлен;;;1. ОГЗ Квалификация;Контакт установлен;;;1. ОГЗ Квалификация;Контакт установлен;1. ОГЗ Квалификация;Закрыто и не реализовано;;;;;;;;;;;;;;;;;;;;
37753395;https://alladin116.amocrm.ru/leads/detail/37753395;;;20.05.2026;;;Квалификация ОГЗ;Презентация БО;;;Квалификация ОГЗ;Презентация БО;;;Квалификация ОГЗ;Презентация БО;;;;;Квалификация ОГЗ;Презентация БО;;;Квалификация ОГЗ;Презентация БО;;;Квалификация ОГЗ;Презентация БО;;;Квалификация ОГЗ;Презентация БО;;;;;;;;;;;;;;;;;;;;;;;;;Квалификация ОГЗ;Презентация БО;Квалификация ОГЗ;Презентация БО;;;Квалификация ОГЗ;Презентация БО;;;Квалификация ОГЗ;Презентация БО;;;Квалификация ОГЗ;Презентация БО;Квалификация ОГЗ;Презентация БО;Квалификация ОГЗ;Презентация БО;;;Квалификация ОГЗ;Презентация БО;;;Квалификация ОГЗ;Презентация БО;;;Квалификация ОГЗ;Презентация БО;;;Квалификация ОГЗ;Презентация БО;Квалификация ОГЗ;Презентация БО
37753421;https://alladin116.amocrm.ru/leads/detail/37753421;;;20.05.2026;;;4. ОГЗ Долгосрочные;9 месяцев;;;4. ОГЗ Долгосрочные;9 месяцев;;;4. ОГЗ Долгосрочные;9 месяцев;;;;;4. ОГЗ Долгосрочные;9 месяцев;;;4. ОГЗ Долгосрочные;9 месяцев;;;4. ОГЗ Долгосрочные;9 месяцев;;;4. ОГЗ Долгосрочные;9 месяцев;;;;;;;;;;;;;;;;;;;;;;;;;4. ОГЗ Долгосрочные;9 месяцев;4. ОГЗ Долгосрочные;9 месяцев;;;4. ОГЗ Долгосрочные;9 месяцев;;;4. ОГЗ Долгосрочные;9 месяцев;;;4. ОГЗ Долгосрочные;9 месяцев;4. ОГЗ Долгосрочные;9 месяцев;4. ОГЗ Долгосрочные;9 месяцев;;;4. ОГЗ Долгосрочные;9 месяцев;;;4. ОГЗ Долгосрочные;9 месяцев;;;4. ОГЗ Долгосрочные;9 месяцев;;;4. ОГЗ Долгосрочные;9 месяцев;4. ОГЗ Долгосрочные;9 месяцев
37753427;https://alladin116.amocrm.ru/leads/detail/37753427;;;20.05.2026;;;4. ОГЗ Долгосрочные;12+ месяцев;;;4. ОГЗ Долгосрочные;12+ месяцев;;;4. ОГЗ Долгосрочные;12+ месяцев;;;;;4. ОГЗ Долгосрочные;12+ месяцев;;;4. ОГЗ Долгосрочные;12+ месяцев;;;4. ОГЗ Долгосрочные;12+ месяцев;;;4. ОГЗ Долгосрочные;12+ месяцев;;;;;;;;;;;;;;;;;;;;;;;;;4. ОГЗ Долгосрочные;12+ месяцев;4. ОГЗ Долгосрочные;12+ месяцев;;;4. ОГЗ Долгосрочные;12+ месяцев;;;4. ОГЗ Долгосрочные;12+ месяцев;;;4. ОГЗ Долгосрочные;12+ месяцев;4. ОГЗ Долгосрочные;12+ месяцев;4. ОГЗ Долгосрочные;12+ месяцев;;;4. ОГЗ Долгосрочные;12+ месяцев;;;4. ОГЗ Долгосрочные;12+ месяцев;;;4. ОГЗ Долгосрочные;12+ месяцев;;;4. ОГЗ Долгосрочные;12+ месяцев;4. ОГЗ Долгосрочные;12+ месяцев
37753453;https://alladin116.amocrm.ru/leads/detail/37753453;;;20.05.2026;;;4. ОГЗ Долгосрочные;6 месяцев;;;4. ОГЗ Долгосрочные;6 месяцев;;;4. ОГЗ Долгосрочные;6 месяцев;;;;;4. ОГЗ Долгосрочные;6 месяцев;;;4. ОГЗ Долгосрочные;6 месяцев;;;4. ОГЗ Долгосрочные;6 месяцев;;;4. ОГЗ Долгосрочные;6 месяцев;;;;;;;;;;;;;;;;;;;;;;;;;4. ОГЗ Долгосрочные;6 месяцев;4. ОГЗ Долгосрочные;6 месяцев;;;4. ОГЗ Долгосрочные;6 месяцев;;;4. ОГЗ Долгосрочные;6 месяцев;;;4. ОГЗ Долгосрочные;6 месяцев;4. ОГЗ Долгосрочные;6 месяцев;4. ОГЗ Долгосрочные;6 месяцев;;;4. ОГЗ Долгосрочные;6 месяцев;;;4. ОГЗ Долгосрочные;6 месяцев;;;4. ОГЗ Долгосрочные;6 месяцев;;;4. ОГЗ Долгосрочные;6 месяцев;4. ОГЗ Долгосрочные;6 месяцев
37753459;https://alladin116.amocrm.ru/leads/detail/37753459;;;20.05.2026;;;4. ОГЗ Долгосрочные;12+ месяцев;;;4. ОГЗ Долгосрочные;12+ месяцев;;;4. ОГЗ Долгосрочные;12+ месяцев;;;;;4. ОГЗ Долгосрочные;12+ месяцев;;;4. ОГЗ Долгосрочные;12+ месяцев;;;4. ОГЗ Долгосрочные;12+ месяцев;;;4. ОГЗ Долгосрочные;12+ месяцев;;;;;;;;;;;;;;;;;;;;;;;;;3. ОГЗ Упрощенное;Назначена дата презентации КП и запрошены материалы;3. ОГЗ Упрощенное;Назначена дата презентации КП и запрошены материалы;;;3. ОГЗ Упрощенное;Назначена дата презентации КП и запрошены материалы;;;3. ОГЗ Упрощенное;Назначена дата презентации КП и запрошены материалы;;;3. ОГЗ Упрощенное;Назначена дата презентации КП и запрошены материалы;4. ОГЗ Долгосрочные;12+ месяцев;4. ОГЗ Долгосрочные;12+ месяцев;;;4. ОГЗ Долгосрочные;12+ месяцев;;;4. ОГЗ Долгосрочные;12+ месяцев;;;4. ОГЗ Долгосрочные;12+ месяцев;;;4. ОГЗ Долгосрочные;12+ месяцев;4. ОГЗ Долгосрочные;12+ месяцев
37753545;https://alladin116.amocrm.ru/leads/detail/37753545;;Закрыто и не реализовано;21.05.2026;;;;;;;;;;;;;;;;;;;;;;;;;;;;;;;;;;;;;;;;;;;;;;;;;;;;;;;;;1. ОГЗ Квалификация;Закрыто и не реализовано;;;;;;;;;;;;;;;;;;;;;;;;;;;;;;;;;;
37753569;https://alladin116.amocrm.ru/leads/detail/37753569;;;21.05.2026;;;3. ОГЗ Упрощенное;Получены материалы по проекту (в тч Договор);;;3. ОГЗ Упрощенное;Получены материалы по проекту (в тч Договор);;;3. ОГЗ Упрощенное;Получены материалы по проекту (в тч Договор);;;;;3. ОГЗ Упрощенное;Получены материалы по проекту (в тч Договор);;;3. ОГЗ Упрощенное;Получены материалы по проекту (в тч Договор);;;3. ОГЗ Упрощенное;Получены материалы по проекту (в тч Договор);;;3. ОГЗ Упрощенное;Получены материалы по проекту (в тч Договор);;;;;;;;;;;;;;;;;;;;;;;;;;;3. ОГЗ Упрощенное;Получены материалы по проекту (в тч Договор);;;3. ОГЗ Упрощенное;Получены материалы по проекту (в тч Договор);;;3. ОГЗ Упрощенное;Получены материалы по проекту (в тч Договор);;;3. ОГЗ Упрощенное;Получены материалы по проекту (в тч Договор);3. ОГЗ Упрощенное;Получены материалы по проекту (в тч Договор);3. ОГЗ Упрощенное;Получены материалы по проекту (в тч Договор);;;3. ОГЗ Упрощенное;Получены материалы по проекту (в тч Договор);;;3. ОГЗ Упрощенное;Получены материалы по проекту (в тч Договор);;;3. ОГЗ Упрощенное;Получены материалы по проекту (в тч Договор);;;3. ОГЗ Упрощенное;Получены материалы по проекту (в тч Договор);3. ОГЗ Упрощенное;Получены материалы по проекту (в тч Договор)
37753593;https://alladin116.amocrm.ru/leads/detail/37753593;;Закрыто и не реализовано;21.05.2026;;;;;;;;;;;;;;;;;;;;;;;;;;;;;;;;;;;;;;;;;;;;;;;;;;;;;;;;;1. ОГЗ Квалификация;Закрыто и не реализовано;;;;;;;;;;;;;;;;;;;;;;;;;;;;;;;;;;
37753621;https://alladin116.amocrm.ru/leads/detail/37753621;;Закрыто и не реализовано;21.05.2026;;;;;;;;;;;;;;;;;;;;;;;;;;;;;;;;;;;;;;;;;;;;;;;;;;;;;;;;;1. ОГЗ Квалификация;Закрыто и не реализовано;;;;;;;;;;;;;;;;;;;;;;;;;;;;;;;;;;
37753667;https://alladin116.amocrm.ru/leads/detail/37753667;;Закрыто и не реализовано;21.05.2026;;;;;;;;;;;;;;;;;;;;;;;;;;;;;;;;;;;;;;;;;;;;;;;;;;;;;;;;;1. ОГЗ Квалификация;Закрыто и не реализовано;;;;;;;;;;;;;;;;;;;;;;;;;;;;;;;;;;
37753729;https://alladin116.amocrm.ru/leads/detail/37753729;;;22.05.2026;;;4. ОГЗ Долгосрочные;12+ месяцев;;;4. ОГЗ Долгосрочные;12+ месяцев;;;4. ОГЗ Долгосрочные;12+ месяцев;;;;;4. ОГЗ Долгосрочные;12+ месяцев;;;4. ОГЗ Долгосрочные;12+ месяцев;;;4. ОГЗ Долгосрочные;12+ месяцев;;;4. ОГЗ Долгосрочные;12+ месяцев;;;;;;;;;;;;;;;;;;;;;;;;;;;;;;;3. ОГЗ Упрощенное;Назначена дата презентации КП и запрошены материалы;;;3. ОГЗ Упрощенное;Назначена дата презентации КП и запрошены материалы;;;3. ОГЗ Упрощенное;Назначена дата презентации КП и запрошены материалы;3. ОГЗ Упрощенное;Назначена дата презентации КП и запрошены материалы;3. ОГЗ Упрощенное;Назначена дата презентации КП и запрошены материалы;;;4. ОГЗ Долгосрочные;12+ месяцев;;;4. ОГЗ Долгосрочные;12+ месяцев;;;4. ОГЗ Долгосрочные;12+ месяцев;;;4. ОГЗ Долгосрочные;12+ месяцев;4. ОГЗ Долгосрочные;12+ месяцев
37753749;https://alladin116.amocrm.ru/leads/detail/37753749;;;22.05.2026;;;Квалификация ОГЗ;Презентация БО;;;Квалификация ОГЗ;Презентация БО;;;Квалификация ОГЗ;Презентация БО;;;;;Квалификация ОГЗ;Презентация БО;;;Квалификация ОГЗ;Презентация БО;;;Квалификация ОГЗ;Презентация БО;;;Квалификация ОГЗ;Презентация БО;;;;;;;;;;;;;;;;;;;;;;;;;;;;;;;Квалификация ОГЗ;Презентация БО;;;Квалификация ОГЗ;Презентация БО;;;Квалификация ОГЗ;Презентация БО;Квалификация ОГЗ;Презентация БО;Квалификация ОГЗ;Презентация БО;;;Квалификация ОГЗ;Презентация БО;;;Квалификация ОГЗ;Презентация БО;;;Квалификация ОГЗ;Презентация БО;;;Квалификация ОГЗ;Презентация БО;Квалификация ОГЗ;Презентация БО
37753819;https://alladin116.amocrm.ru/leads/detail/37753819;;Закрыто и не реализовано;22.05.2026;;;;;;;;;;;;;;;;;;;;;;;;;;;;;;;;;;;;;;;;;;;;;;;;;;;;;;;;;;;;;1. ОГЗ Квалификация;Закрыто и не реализовано;;;;;;;;;;;;;;;;;;;;;;;;;;;;;;
37753843;https://alladin116.amocrm.ru/leads/detail/37753843;;Закрыто и не реализовано;22.05.2026;;;;;;;;;;;;;;;;;;;;;;;;;;;;;;;;;;;;;;;;;;;;;;;;;;;;;;;;;;;;;1. ОГЗ Квалификация;Закрыто и не реализовано;;;;;;;;;;;;;;;;;;;;;;;;;;;;;;
37753985;https://alladin116.amocrm.ru/leads/detail/37753985;;Закрыто и не реализовано;24.05.2026;;;;;;;;;;;;;;;;;;;;;;;;;;;;;;;;;;;;;;;;;;;;;;;;;;;;;;;;;;;;;;;;;;;;;1. ОГЗ Квалификация;Новый лид;1. ОГЗ Квалификация;Закрыто и не реализовано;;;;;;;;;;;;;;;;;;;;
37754063;https://alladin116.amocrm.ru/leads/detail/37754063;Коол Центр;Закрыто и не реализовано;25.05.2026;;;;;;;;;;;;;;;;;;;;;;;;;;;;;;;;;;;;;;;;;;;;;;;;;;;;;;;;;;;;;;;;;;;;;;;1. ОГЗ Квалификация;Закрыто и не реализовано;;;;;;;;;;;;;;;;;;;;
37754071;https://alladin116.amocrm.ru/leads/detail/37754071;Коол Центр;;25.05.2026;;;3. ОГЗ Упрощенное;Подготовлено КП;;;3. ОГЗ Упрощенное;Подготовлено КП;;;3. ОГЗ Упрощенное;Подготовлено КП;;;;;3. ОГЗ Упрощенное;Подготовлено КП;;;3. ОГЗ Упрощенное;Подготовлено КП;;;3. ОГЗ Упрощенное;Подготовлено КП;;;3. ОГЗ Упрощенное;Подготовлено КП;;;;;;;;;;;;;;;;;;;;;;;;;;;;;;;;;;;;;;;;;3. ОГЗ Упрощенное;Получены материалы по проекту (в тч Договор);3. ОГЗ Упрощенное;Подготовлено КП;;;3. ОГЗ Упрощенное;Подготовлено КП;;;3. ОГЗ Упрощенное;Подготовлено КП;;;3. ОГЗ Упрощенное;Подготовлено КП;;;3. ОГЗ Упрощенное;Подготовлено КП;3. ОГЗ Упрощенное;Подготовлено КП
37754101;https://alladin116.amocrm.ru/leads/detail/37754101;Коол Центр;;25.05.2026;;;4. ОГЗ Долгосрочные;12+ месяцев;;;4. ОГЗ Долгосрочные;12+ месяцев;;;4. ОГЗ Долгосрочные;12+ месяцев;;;;;4. ОГЗ Долгосрочные;12+ месяцев;;;4. ОГЗ Долгосрочные;12+ месяцев;;;4. ОГЗ Долгосрочные;12+ месяцев;;;4. ОГЗ Долгосрочные;12+ месяцев;;;;;;;;;;;;;;;;;;;;;;;;;;;;;;;;;;;;;;;;;4. ОГЗ Долгосрочные;12+ месяцев;4. ОГЗ Долгосрочные;12+ месяцев;;;4. ОГЗ Долгосрочные;12+ месяцев;;;4. ОГЗ Долгосрочные;12+ месяцев;;;4. ОГЗ Долгосрочные;12+ месяцев;;;4. ОГЗ Долгосрочные;12+ месяцев;4. ОГЗ Долгосрочные;12+ месяцев
37754105;https://alladin116.amocrm.ru/leads/detail/37754105;Коол Центр;Закрыто и не реализовано;25.05.2026;;;;;;;;;;;;;;;;;;;;;;;;;;;;;;;;;;;;;;;;;;;;;;;;;;;;;;;;;;;;;;;;;;;;;;;1. ОГЗ Квалификация;Контакт установлен;1. ОГЗ Квалификация;Закрыто и не реализовано;;;;;;;;;;;;;;;;;;
37754117;https://alladin116.amocrm.ru/leads/detail/37754117;Коол Центр;;25.05.2026;;;4. ОГЗ Долгосрочные;9 месяцев;;;4. ОГЗ Долгосрочные;9 месяцев;;;4. ОГЗ Долгосрочные;9 месяцев;;;;;4. ОГЗ Долгосрочные;9 месяцев;;;4. ОГЗ Долгосрочные;9 месяцев;;;4. ОГЗ Долгосрочные;9 месяцев;;;4. ОГЗ Долгосрочные;9 месяцев;;;;;;;;;;;;;;;;;;;;;;;;;;;;;;;;;;;;;;;;;4. ОГЗ Долгосрочные;9 месяцев;4. ОГЗ Долгосрочные;9 месяцев;;;4. ОГЗ Долгосрочные;9 месяцев;;;4. ОГЗ Долгосрочные;9 месяцев;;;4. ОГЗ Долгосрочные;9 месяцев;;;4. ОГЗ Долгосрочные;9 месяцев;4. ОГЗ Долгосрочные;9 месяцев
37754119;https://alladin116.amocrm.ru/leads/detail/37754119;;Закрыто и не реализовано;25.05.2026;;;;;;;;;;;;;;;;;;;;;;;;;;;;;;;;;;;;;;;;;;;;;;;;;;;;;;;;;;;;;;;;;;;;;;;1. ОГЗ Квалификация;Закрыто и не реализовано;;;;;;;;;;;;;;;;;;;;
37754165;https://alladin116.amocrm.ru/leads/detail/37754165;Коол Центр;Закрыто и не реализовано;25.05.2026;;;3. ОГЗ Упрощенное;Подготовлено КП;;;3. ОГЗ Упрощенное;Подготовлено КП;;;3. ОГЗ Упрощенное;Подготовлено КП;;;;;3. ОГЗ Упрощенное;Закрыто и не реализовано;;;;;;;;;;;;;;;;;;;;;;;;;;;;;;;;;;;;;;;;;;;;;;;;;;;;;3. ОГЗ Упрощенное;Получены материалы по проекту (в тч Договор);3. ОГЗ Упрощенное;Получены материалы по проекту (в тч Договор);;;3. ОГЗ Упрощенное;Получены материалы по проекту (в тч Договор);;;3. ОГЗ Упрощенное;Подготовлено КП;;;3. ОГЗ Упрощенное;Подготовлено КП;;;3. ОГЗ Упрощенное;Подготовлено КП;3. ОГЗ Упрощенное;Подготовлено КП
37754169;https://alladin116.amocrm.ru/leads/detail/37754169;yandex;Закрыто и не реализовано;25.05.2026;;;;;;;;;;;;;;;;;;;;;;;;;;;;;;;;;;;;;;;;;;;;;;;;;;;;;;;;;;;;;;;;;;;;;;;3. ОГЗ Упрощенное;Назначена дата презентации КП и запрошены материалы;3. ОГЗ Упрощенное;Назначена дата презентации КП и запрошены материалы;;;3. ОГЗ Упрощенное;Закрыто и не реализовано;;;;;;;;;;;;;;
37754201;https://alladin116.amocrm.ru/leads/detail/37754201;Коол Центр;;25.05.2026;;;4. ОГЗ Долгосрочные;9 месяцев;;;4. ОГЗ Долгосрочные;9 месяцев;;;4. ОГЗ Долгосрочные;9 месяцев;;;;;4. ОГЗ Долгосрочные;9 месяцев;;;4. ОГЗ Долгосрочные;9 месяцев;;;4. ОГЗ Долгосрочные;9 месяцев;;;4. ОГЗ Долгосрочные;9 месяцев;;;;;;;;;;;;;;;;;;;;;;;;;;;;;;;;;;;;;;;;;1. ОГЗ Квалификация;Контакт установлен;1. ОГЗ Квалификация;Контакт установлен;;;4. ОГЗ Долгосрочные;9 месяцев;;;4. ОГЗ Долгосрочные;9 месяцев;;;4. ОГЗ Долгосрочные;9 месяцев;;;4. ОГЗ Долгосрочные;9 месяцев;4. ОГЗ Долгосрочные;9 месяцев
37754207;https://alladin116.amocrm.ru/leads/detail/37754207;Коол Центр;Закрыто и не реализовано;25.05.2026;;;;;;;;;;;;;;;;;;;;;;;;;;;;;;;;;;;;;;;;;;;;;;;;;;;;;;;;;;;;;;;;;;;;;;;1. ОГЗ Квалификация;Контакт установлен;1. ОГЗ Квалификация;Контакт установлен;;;1. ОГЗ Квалификация;Закрыто и не реализовано;;;;;;;;;;;;;;
37754263;https://alladin116.amocrm.ru/leads/detail/37754263;Партнерская СРМ;;26.05.2026;;;4. ОГЗ Долгосрочные;9 месяцев;;;4. ОГЗ Долгосрочные;9 месяцев;;;4. ОГЗ Долгосрочные;9 месяцев;;;;;4. ОГЗ Долгосрочные;9 месяцев;;;4. ОГЗ Долгосрочные;9 месяцев;;;4. ОГЗ Долгосрочные;9 месяцев;;;4. ОГЗ Долгосрочные;9 месяцев;;;;;;;;;;;;;;;;;;;;;;;;;;;;;;;;;;;;;;;;;;;4. ОГЗ Долгосрочные;9 месяцев;;;4. ОГЗ Долгосрочные;9 месяцев;;;4. ОГЗ Долгосрочные;9 месяцев;;;4. ОГЗ Долгосрочные;9 месяцев;;;4. ОГЗ Долгосрочные;9 месяцев;4. ОГЗ Долгосрочные;9 месяцев
37754267;https://alladin116.amocrm.ru/leads/detail/37754267;Коол Центр;Закрыто и не реализовано;26.05.2026;;;;;;;;;;;;;;;;;;;;;;;;;;;;;;;;;;;;;;;;;;;;;;;;;;;;;;;;;;;;;;;;;;;;;;;;;1. ОГЗ Квалификация;Закрыто и не реализовано;;;;;;;;;;;;;;;;;;
37754269;https://alladin116.amocrm.ru/leads/detail/37754269;Партнерская СРМ;;26.05.2026;;;4. ОГЗ Долгосрочные;12+ месяцев;;;4. ОГЗ Долгосрочные;12+ месяцев;;;4. ОГЗ Долгосрочные;12+ месяцев;;;;;4. ОГЗ Долгосрочные;12+ месяцев;;;4. ОГЗ Долгосрочные;12+ месяцев;;;4. ОГЗ Долгосрочные;12+ месяцев;;;4. ОГЗ Долгосрочные;12+ месяцев;;;;;;;;;;;;;;;;;;;;;;;;;;;;;;;;;;;;;;;;;;;4. ОГЗ Долгосрочные;12+ месяцев;;;4. ОГЗ Долгосрочные;12+ месяцев;;;4. ОГЗ Долгосрочные;12+ месяцев;;;4. ОГЗ Долгосрочные;12+ месяцев;;;4. ОГЗ Долгосрочные;12+ месяцев;4. ОГЗ Долгосрочные;12+ месяцев
37754273;https://alladin116.amocrm.ru/leads/detail/37754273;Коол Центр;Закрыто и не реализовано;26.05.2026;;;;;;;;;;;;;;;;;;;;;;;;;;;;;;;;;;;;;;;;;;;;;;;;;;;;;;;;;;;;;;;;;;;;;;;;;1. ОГЗ Квалификация;Закрыто и не реализовано;;;;;;;;;;;;;;;;;;
37754279;https://alladin116.amocrm.ru/leads/detail/37754279;Коол Центр;Закрыто и не реализовано;26.05.2026;;;;;;;;;;;;;;;;;;;;;;;;;;;;;;;;;;;;;;;;;;;;;;;;;;;;;;;;;;;;;;;;;;;;;;;;;1. ОГЗ Квалификация;Закрыто и не реализовано;;;;;;;;;;;;;;;;;;
37754303;https://alladin116.amocrm.ru/leads/detail/37754303;Коол Центр;Закрыто и не реализовано;26.05.2026;;;;;;;;;;;;;;;;;;;;;;;;;;;;;;;;;;;;;;;;;;;;;;;;;;;;;;;;;;;;;;;;;;;;;;;;;1. ОГЗ Квалификация;Закрыто и не реализовано;;;;;;;;;;;;;;;;;;
37754321;https://alladin116.amocrm.ru/leads/detail/37754321;Коол Центр;Закрыто и не реализовано;26.05.2026;;;;;;;;;;;;;;;;;;;;;;;;;;;;;;;;;;;;;;;;;;;;;;;;;;;;;;;;;;;;;;;;;;;;;;;;;1. ОГЗ Квалификация;Закрыто и не реализовано;;;;;;;;;;;;;;;;;;
37754323;https://alladin116.amocrm.ru/leads/detail/37754323;Коол Центр;Закрыто и не реализовано;26.05.2026;;;;;;;;;;;;;;;;;;;;;;;;;;;;;;;;;;;;;;;;;;;;;;;;;;;;;;;;;;;;;;;;;;;;;;;;;3. ОГЗ Упрощенное;Получены материалы по проекту (в тч Договор);;;3. ОГЗ Упрощенное;Подготовлено КП;;;3. ОГЗ Упрощенное;Подготовлено КП;;;3. ОГЗ Упрощенное;Закрыто и не реализовано;;;;;;
37754363;https://alladin116.amocrm.ru/leads/detail/37754363;По рекомендации;;26.05.2026;;;Квалификация ОГЗ;Презентация БО;;;Квалификация ОГЗ;Презентация БО;;;Квалификация ОГЗ;Презентация БО;;;;;Квалификация ОГЗ;Презентация БО;;;Квалификация ОГЗ;Презентация БО;;;Квалификация ОГЗ;Презентация БО;;;Квалификация ОГЗ;Презентация БО;;;;;;;;;;;;;;;;;;;;;;;;;;;;;;;;;;;;;;;;;;;Квалификация ОГЗ;Презентация БО;;;Квалификация ОГЗ;Презентация БО;;;Квалификация ОГЗ;Презентация БО;;;Квалификация ОГЗ;Презентация БО;;;Квалификация ОГЗ;Презентация БО;Квалификация ОГЗ;Презентация БО
37754403;https://alladin116.amocrm.ru/leads/detail/37754403;Коол Центр;;26.05.2026;;;4. ОГЗ Долгосрочные;12+ месяцев;;;4. ОГЗ Долгосрочные;12+ месяцев;;;4. ОГЗ Долгосрочные;12+ месяцев;;;;;4. ОГЗ Долгосрочные;12+ месяцев;;;4. ОГЗ Долгосрочные;12+ месяцев;;;4. ОГЗ Долгосрочные;12+ месяцев;;;4. ОГЗ Долгосрочные;12+ месяцев;;;;;;;;;;;;;;;;;;;;;;;;;;;;;;;;;;;;;;;;;;;4. ОГЗ Долгосрочные;12+ месяцев;;;4. ОГЗ Долгосрочные;12+ месяцев;;;4. ОГЗ Долгосрочные;12+ месяцев;;;4. ОГЗ Долгосрочные;12+ месяцев;;;4. ОГЗ Долгосрочные;12+ месяцев;4. ОГЗ Долгосрочные;12+ месяцев
37754421;https://alladin116.amocrm.ru/leads/detail/37754421;По рекомендации;;26.05.2026;;;Квалификация ОГЗ;Презентация БО;;;Квалификация ОГЗ;Презентация БО;;;Квалификация ОГЗ;Презентация БО;;;;;Квалификация ОГЗ;Презентация БО;;;Квалификация ОГЗ;Презентация БО;;;Квалификация ОГЗ;Презентация БО;;;Квалификация ОГЗ;Презентация БО;;;;;;;;;;;;;;;;;;;;;;;;;;;;;;;;;;;;;;;;;;;Квалификация ОГЗ;Презентация БО;;;Квалификация ОГЗ;Презентация БО;;;Квалификация ОГЗ;Презентация БО;;;Квалификация ОГЗ;Презентация БО;;;Квалификация ОГЗ;Презентация БО;Квалификация ОГЗ;Презентация БО
37754427;https://alladin116.amocrm.ru/leads/detail/37754427;повторный заказ;Закрыто и не реализовано;26.05.2026;;;;;;;;;;;;;;;;;;;;;;;;;;;;;;;;;;;;;;;;;;;;;;;;;;;;;;;;;;;;;;;;;;;;;;;;;1. ОГЗ Квалификация;Закрыто и не реализовано;;;;;;;;;;;;;;;;;;
37754429;https://alladin116.amocrm.ru/leads/detail/37754429;повторный заказ;Закрыто и не реализовано;26.05.2026;;;;;;;;;;;;;;;;;;;;;;;;;;;;;;;;;;;;;;;;;;;;;;;;;;;;;;;;;;;;;;;;;;;;;;;;;1. ОГЗ Квалификация;Закрыто и не реализовано;;;;;;;;;;;;;;;;;;
37754453;https://alladin116.amocrm.ru/leads/detail/37754453;По рекомендации;;26.05.2026;;;Квалификация ОГЗ;Презентация БО;;;Квалификация ОГЗ;Презентация БО;;;Квалификация ОГЗ;Презентация БО;;;;;Квалификация ОГЗ;Презентация БО;;;Квалификация ОГЗ;Презентация БО;;;Квалификация ОГЗ;Презентация БО;;;Квалификация ОГЗ;Презентация БО;;;;;;;;;;;;;;;;;;;;;;;;;;;;;;;;;;;;;;;;;;;Квалификация ОГЗ;на расчете БО (бюджетная оценка);;;Квалификация ОГЗ;Презентация БО;;;Квалификация ОГЗ;Презентация БО;;;Квалификация ОГЗ;Презентация БО;;;Квалификация ОГЗ;Презентация БО;Квалификация ОГЗ;Презентация БО
37754481;https://alladin116.amocrm.ru/leads/detail/37754481;Коол Центр;;27.05.2026;;;4. ОГЗ Долгосрочные;9 месяцев;;;4. ОГЗ Долгосрочные;9 месяцев;;;4. ОГЗ Долгосрочные;9 месяцев;;;;;4. ОГЗ Долгосрочные;9 месяцев;;;4. ОГЗ Долгосрочные;9 месяцев;;;4. ОГЗ Долгосрочные;9 месяцев;;;4. ОГЗ Долгосрочные;9 месяцев;;;;;;;;;;;;;;;;;;;;;;;;;;;;;;;;;;;;;;;;;;;;;;;4. ОГЗ Долгосрочные;9 месяцев;;;4. ОГЗ Долгосрочные;9 месяцев;;;4. ОГЗ Долгосрочные;9 месяцев;;;4. ОГЗ Долгосрочные;9 месяцев;4. ОГЗ Долгосрочные;9 месяцев
37754483;https://alladin116.amocrm.ru/leads/detail/37754483;Коол Центр;;27.05.2026;;;4. ОГЗ Долгосрочные;3 месяца;;;4. ОГЗ Долгосрочные;3 месяца;;;4. ОГЗ Долгосрочные;3 месяца;;;;;4. ОГЗ Долгосрочные;3 месяца;;;4. ОГЗ Долгосрочные;3 месяца;;;4. ОГЗ Долгосрочные;3 месяца;;;4. ОГЗ Долгосрочные;3 месяца;;;;;;;;;;;;;;;;;;;;;;;;;;;;;;;;;;;;;;;;;;;;;;;4. ОГЗ Долгосрочные;3 месяца;;;4. ОГЗ Долгосрочные;3 месяца;;;4. ОГЗ Долгосрочные;3 месяца;;;4. ОГЗ Долгосрочные;3 месяца;4. ОГЗ Долгосрочные;3 месяца
37754487;https://alladin116.amocrm.ru/leads/detail/37754487;Коол Центр;;27.05.2026;;;3. ОГЗ Упрощенное;Назначена дата презентации КП и запрошены материалы;;;4. ОГЗ Долгосрочные;3 месяца;;;4. ОГЗ Долгосрочные;3 месяца;;;;;4. ОГЗ Долгосрочные;3 месяца;;;4. ОГЗ Долгосрочные;3 месяца;;;4. ОГЗ Долгосрочные;3 месяца;;;4. ОГЗ Долгосрочные;3 месяца;;;;;;;;;;;;;;;;;;;;;;;;;;;;;;;;;;;;;;;;;;;;;;;1. ОГЗ Квалификация;Недозвон;;;1. ОГЗ Квалификация;Недозвон;;;3. ОГЗ Упрощенное;Назначена дата презентации КП и запрошены материалы;;;3. ОГЗ Упрощенное;Назначена дата презентации КП и запрошены материалы;3. ОГЗ Упрощенное;Назначена дата презентации КП и запрошены материалы
37754497;https://alladin116.amocrm.ru/leads/detail/37754497;Коол Центр;;27.05.2026;;;4. ОГЗ Долгосрочные;12+ месяцев;;;4. ОГЗ Долгосрочные;12+ месяцев;;;4. ОГЗ Долгосрочные;12+ месяцев;;;;;4. ОГЗ Долгосрочные;12+ месяцев;;;4. ОГЗ Долгосрочные;12+ месяцев;;;4. ОГЗ Долгосрочные;12+ месяцев;;;4. ОГЗ Долгосрочные;12+ месяцев;;;;;;;;;;;;;;;;;;;;;;;;;;;;;;;;;;;;;;;;;;;;;;;4. ОГЗ Долгосрочные;12+ месяцев;;;4. ОГЗ Долгосрочные;12+ месяцев;;;4. ОГЗ Долгосрочные;12+ месяцев;;;4. ОГЗ Долгосрочные;12+ месяцев;4. ОГЗ Долгосрочные;12+ месяцев
37754547;https://alladin116.amocrm.ru/leads/detail/37754547;Коол Центр;Закрыто и не реализовано;27.05.2026;;;;;;;;;;;;;;;;;;;;;;;;;;;;;;;;;;;;;;;;;;;;;;;;;;;;;;;;;;;;;;;;;;;;;;;;;;;;;1. ОГЗ Квалификация;Контакт установлен;;;1. ОГЗ Квалификация;Контакт установлен;;;1. ОГЗ Квалификация;Закрыто и не реализовано;;;;;;
37754551;https://alladin116.amocrm.ru/leads/detail/37754551;Коол Центр;;27.05.2026;;;4. ОГЗ Долгосрочные;9 месяцев;;;4. ОГЗ Долгосрочные;9 месяцев;;;4. ОГЗ Долгосрочные;9 месяцев;;;;;4. ОГЗ Долгосрочные;9 месяцев;;;4. ОГЗ Долгосрочные;9 месяцев;;;4. ОГЗ Долгосрочные;9 месяцев;;;4. ОГЗ Долгосрочные;9 месяцев;;;;;;;;;;;;;;;;;;;;;;;;;;;;;;;;;;;;;;;;;;;;;;;4. ОГЗ Долгосрочные;9 месяцев;;;4. ОГЗ Долгосрочные;9 месяцев;;;4. ОГЗ Долгосрочные;9 месяцев;;;4. ОГЗ Долгосрочные;9 месяцев;4. ОГЗ Долгосрочные;9 месяцев
37754555;https://alladin116.amocrm.ru/leads/detail/37754555;По рекомендации;;27.05.2026;;;Квалификация ОГЗ;Презентация БО;;;Квалификация ОГЗ;Презентация БО;;;Квалификация ОГЗ;Презентация БО;;;;;Квалификация ОГЗ;Презентация БО;;;Квалификация ОГЗ;Презентация БО;;;Квалификация ОГЗ;Презентация БО;;;Квалификация ОГЗ;Презентация БО;;;;;;;;;;;;;;;;;;;;;;;;;;;;;;;;;;;;;;;;;;;;;;;Квалификация ОГЗ;Презентация БО;;;Квалификация ОГЗ;Презентация БО;;;Квалификация ОГЗ;Презентация БО;;;Квалификация ОГЗ;Презентация БО;Квалификация ОГЗ;Презентация БО
37754557;https://alladin116.amocrm.ru/leads/detail/37754557;Коол Центр;;27.05.2026;;;4. ОГЗ Долгосрочные;12+ месяцев;;;4. ОГЗ Долгосрочные;12+ месяцев;;;4. ОГЗ Долгосрочные;12+ месяцев;;;;;4. ОГЗ Долгосрочные;12+ месяцев;;;4. ОГЗ Долгосрочные;12+ месяцев;;;4. ОГЗ Долгосрочные;12+ месяцев;;;4. ОГЗ Долгосрочные;12+ месяцев;;;;;;;;;;;;;;;;;;;;;;;;;;;;;;;;;;;;;;;;;;;;;;;4. ОГЗ Долгосрочные;12+ месяцев;;;4. ОГЗ Долгосрочные;12+ месяцев;;;4. ОГЗ Долгосрочные;12+ месяцев;;;4. ОГЗ Долгосрочные;12+ месяцев;4. ОГЗ Долгосрочные;12+ месяцев
37754565;https://alladin116.amocrm.ru/leads/detail/37754565;Своя база;;27.05.2026;;;3. ОГЗ Упрощенное;Подготовлено КП;;;3. ОГЗ Упрощенное;Подготовлено КП;;;3. ОГЗ Упрощенное;Подготовлено КП;;;;;3. ОГЗ Упрощенное;Подготовлено КП;;;3. ОГЗ Упрощенное;Подготовлено КП;;;3. ОГЗ Упрощенное;Подготовлено КП;;;3. ОГЗ Упрощенное;Подготовлено КП;;;;;;;;;;;;;;;;;;;;;;;;;;;;;;;;;;;;;;;;;;;;;;;3. ОГЗ Упрощенное;Получены материалы по проекту (в тч Договор);;;3. ОГЗ Упрощенное;Подготовлено КП;;;3. ОГЗ Упрощенное;Подготовлено КП;;;3. ОГЗ Упрощенное;Подготовлено КП;3. ОГЗ Упрощенное;Подготовлено КП
37754569;https://alladin116.amocrm.ru/leads/detail/37754569;Своя база;Закрыто и не реализовано;27.05.2026;;;3. ОГЗ Упрощенное;Подготовлено КП;;;3. ОГЗ Упрощенное;Подготовлено КП;;;3. ОГЗ Упрощенное;Закрыто и не реализовано;;;;;;;;;;;;;;;;;;;;;;;;;;;;;;;;;;;;;;;;;;;;;;;;;;;;;;;;;;;;;;;;;3. ОГЗ Упрощенное;Получены материалы по проекту (в тч Договор);;;3. ОГЗ Упрощенное;Получены материалы по проекту (в тч Договор);;;3. ОГЗ Упрощенное;Подготовлено КП;;;3. ОГЗ Упрощенное;Подготовлено КП;3. ОГЗ Упрощенное;Подготовлено КП
37754579;https://alladin116.amocrm.ru/leads/detail/37754579;СЕО;Закрыто и не реализовано;27.05.2026;;;3. ОГЗ Упрощенное;Получена обратная связь по КП;;;3. ОГЗ Упрощенное;Получена обратная связь по КП;;;3. ОГЗ Упрощенное;Получена обратная связь по КП;;;;;3. ОГЗ Упрощенное;Закрыто и не реализовано;;;;;;;;;;;;;;;;;;;;;;;;;;;;;;;;;;;;;;;;;;;;;;;;;;;;;;;;;;;3. ОГЗ Упрощенное;Назначена дата презентации КП и запрошены материалы;;;3. ОГЗ Упрощенное;Назначена дата презентации КП и запрошены материалы;;;3. ОГЗ Упрощенное;Подготовлено КП;;;3. ОГЗ Упрощенное;Подготовлено КП;3. ОГЗ Упрощенное;Подготовлено КП
37754639;https://alladin116.amocrm.ru/leads/detail/37754639;;Закрыто и не реализовано;27.05.2026;;;;;;;;;;;;;;;;;;;;;;;;;;;;;;;;;;;;;;;;;;;;;;;;;;;;;;;;;;;;;;;;;;;;;;;;;;;;;1. ОГЗ Квалификация;Закрыто и не реализовано;;;;;;;;;;;;;;
37754651;https://alladin116.amocrm.ru/leads/detail/37754651;повторный заказ;Закрыто и не реализовано;27.05.2026;;;3. ОГЗ Упрощенное;Подготовлено КП;;;3. ОГЗ Упрощенное;Подготовлено КП;;;3. ОГЗ Упрощенное;Закрыто и не реализовано;;;;;;;;;;;;;;;;;;;;;;;;;;;;;;;;;;;;;;;;;;;;;;;;;;;;;;;;;;;;;;;;;3. ОГЗ Упрощенное;Получены материалы по проекту (в тч Договор);;;3. ОГЗ Упрощенное;Получены материалы по проекту (в тч Договор);;;3. ОГЗ Упрощенное;Подготовлено КП;;;3. ОГЗ Упрощенное;Подготовлено КП;3. ОГЗ Упрощенное;Подготовлено КП
37754715;https://alladin116.amocrm.ru/leads/detail/37754715;Коол Центр;;28.05.2026;;;4. ОГЗ Долгосрочные;12+ месяцев;;;4. ОГЗ Долгосрочные;12+ месяцев;;;4. ОГЗ Долгосрочные;12+ месяцев;;;;;4. ОГЗ Долгосрочные;12+ месяцев;;;4. ОГЗ Долгосрочные;12+ месяцев;;;4. ОГЗ Долгосрочные;12+ месяцев;;;4. ОГЗ Долгосрочные;12+ месяцев;;;;;;;;;;;;;;;;;;;;;;;;;;;;;;;;;;;;;;;;;;;;;;;;;;;4. ОГЗ Долгосрочные;12+ месяцев;;;4. ОГЗ Долгосрочные;12+ месяцев;;;4. ОГЗ Долгосрочные;12+ месяцев;4. ОГЗ Долгосрочные;12+ месяцев
37754733;https://alladin116.amocrm.ru/leads/detail/37754733;По рекомендации;;28.05.2026;;;Квалификация ОГЗ;Запросили данные;;;Квалификация ОГЗ;Запросили данные;;;Квалификация ОГЗ;Запросили данные;;;;;Квалификация ОГЗ;Запросили данные;;;Квалификация ОГЗ;Запросили данные;;;Квалификация ОГЗ;Запросили данные;;;Квалификация ОГЗ;Запросили данные;;;;;;;;;;;;;;;;;;;;;;;;;;;;;;;;;;;;;;;;;;;;;;;;;;;Квалификация ОГЗ;Запросили данные;;;Квалификация ОГЗ;Запросили данные;;;Квалификация ОГЗ;Запросили данные;Квалификация ОГЗ;Запросили данные
37754735;https://alladin116.amocrm.ru/leads/detail/37754735;Коол Центр;Закрыто и не реализовано;28.05.2026;;;;;;;;;;;;;;;;;;;;;;;;;;;;;;;;;;;;;;;;;;;;;;;;;;;;;;;;;;;;;;;;;;;;;;;;;;;;;;;;;3. ОГЗ Упрощенное;Назначена дата презентации КП и запрошены материалы;;;3. ОГЗ Упрощенное;Закрыто и не реализовано;;;;;;
37754737;https://alladin116.amocrm.ru/leads/detail/37754737;Коол Центр;Закрыто и не реализовано;28.05.2026;;;;;;;;;;;;;;;;;;;;;;;;;;;;;;;;;;;;;;;;;;;;;;;;;;;;;;;;;;;;;;;;;;;;;;;;;;;;;;;;;1. ОГЗ Квалификация;Закрыто и не реализовано;;;;;;;;;;
37754741;https://alladin116.amocrm.ru/leads/detail/37754741;Коол Центр;;28.05.2026;;;3. ОГЗ Упрощенное;Назначена дата презентации КП и запрошены материалы;;;3. ОГЗ Упрощенное;Назначена дата презентации КП и запрошены материалы;;;3. ОГЗ Упрощенное;Назначена дата презентации КП и запрошены материалы;;;;;3. ОГЗ Упрощенное;Назначена дата презентации КП и запрошены материалы;;;3. ОГЗ Упрощенное;Назначена дата презентации КП и запрошены материалы;;;3. ОГЗ Упрощенное;Назначена дата презентации КП и запрошены материалы;;;3. ОГЗ Упрощенное;Назначена дата презентации КП и запрошены материалы;;;;;;;;;;;;;;;;;;;;;;;;;;;;;;;;;;;;;;;;;;;;;;;;;;;3. ОГЗ Упрощенное;Назначена дата презентации КП и запрошены материалы;;;3. ОГЗ Упрощенное;Назначена дата презентации КП и запрошены материалы;;;3. ОГЗ Упрощенное;Назначена дата презентации КП и запрошены материалы;3. ОГЗ Упрощенное;Назначена дата презентации КП и запрошены материалы
37754759;https://alladin116.amocrm.ru/leads/detail/37754759;Коол Центр;;28.05.2026;;;Квалификация ОГЗ;Новый ЛИД;;;Квалификация ОГЗ;Новый ЛИД;;;Квалификация ОГЗ;Новый ЛИД;;;;;Квалификация ОГЗ;Новый ЛИД;;;Квалификация ОГЗ;Новый ЛИД;;;Квалификация ОГЗ;Новый ЛИД;;;Квалификация ОГЗ;Новый ЛИД;;;;;;;;;;;;;;;;;;;;;;;;;;;;;;;;;;;;;;;;;;;;;;;;;;;Квалификация ОГЗ;Новый ЛИД;;;Квалификация ОГЗ;Новый ЛИД;;;Квалификация ОГЗ;Новый ЛИД;Квалификация ОГЗ;Новый ЛИД
37754809;https://alladin116.amocrm.ru/leads/detail/37754809;Партнерская СРМ;;28.05.2026;;;4. ОГЗ Долгосрочные;9 месяцев;;;4. ОГЗ Долгосрочные;9 месяцев;;;4. ОГЗ Долгосрочные;9 месяцев;;;;;4. ОГЗ Долгосрочные;9 месяцев;;;4. ОГЗ Долгосрочные;9 месяцев;;;4. ОГЗ Долгосрочные;9 месяцев;;;4. ОГЗ Долгосрочные;9 месяцев;;;;;;;;;;;;;;;;;;;;;;;;;;;;;;;;;;;;;;;;;;;;;;;;;;;4. ОГЗ Долгосрочные;9 месяцев;;;4. ОГЗ Долгосрочные;9 месяцев;;;4. ОГЗ Долгосрочные;9 месяцев;4. ОГЗ Долгосрочные;9 месяцев
37754811;https://alladin116.amocrm.ru/leads/detail/37754811;Коол Центр;Закрыто и не реализовано;28.05.2026;;;;;;;;;;;;;;;;;;;;;;;;;;;;;;;;;;;;;;;;;;;;;;;;;;;;;;;;;;;;;;;;;;;;;;;;;;;;;;;;;3. ОГЗ Упрощенное;Закрыто и не реализовано;;;;;;;;;;
37754819;https://alladin116.amocrm.ru/leads/detail/37754819;Коол Центр;Закрыто и не реализовано;28.05.2026;;;3. ОГЗ Упрощенное;Подготовлено КП;;;3. ОГЗ Упрощенное;Подготовлено КП;;;3. ОГЗ Упрощенное;Подготовлено КП;;;;;3. ОГЗ Упрощенное;Закрыто и не реализовано;;;;;;;;;;;;;;;;;;;;;;;;;;;;;;;;;;;;;;;;;;;;;;;;;;;;;;;;;;;;;;;3. ОГЗ Упрощенное;Назначена дата презентации КП и запрошены материалы;;;3. ОГЗ Упрощенное;Подготовлено КП;;;3. ОГЗ Упрощенное;Подготовлено КП;3. ОГЗ Упрощенное;Подготовлено КП
37754845;https://alladin116.amocrm.ru/leads/detail/37754845;Коол Центр;;28.05.2026;;;4. ОГЗ Долгосрочные;6 месяцев;;;4. ОГЗ Долгосрочные;6 месяцев;;;4. ОГЗ Долгосрочные;6 месяцев;;;;;4. ОГЗ Долгосрочные;6 месяцев;;;4. ОГЗ Долгосрочные;6 месяцев;;;4. ОГЗ Долгосрочные;6 месяцев;;;4. ОГЗ Долгосрочные;6 месяцев;;;;;;;;;;;;;;;;;;;;;;;;;;;;;;;;;;;;;;;;;;;;;;;;;;;4. ОГЗ Долгосрочные;6 месяцев;;;4. ОГЗ Долгосрочные;6 месяцев;;;4. ОГЗ Долгосрочные;6 месяцев;4. ОГЗ Долгосрочные;6 месяцев
37754906;https://alladin116.amocrm.ru/leads/detail/37754906;Коол Центр;;28.05.2026;;;3. ОГЗ Упрощенное;Назначена дата презентации КП и запрошены материалы;;;3. ОГЗ Упрощенное;Назначена дата презентации КП и запрошены материалы;;;3. ОГЗ Упрощенное;Назначена дата презентации КП и запрошены материалы;;;;;3. ОГЗ Упрощенное;Назначена дата презентации КП и запрошены материалы;;;3. ОГЗ Упрощенное;Назначена дата презентации КП и запрошены материалы;;;3. ОГЗ Упрощенное;Назначена дата презентации КП и запрошены материалы;;;3. ОГЗ Упрощенное;Назначена дата презентации КП и запрошены материалы;;;;;;;;;;;;;;;;;;;;;;;;;;;;;;;;;;;;;;;;;;;;;;;;;;;1. ОГЗ Квалификация;Контакт установлен;;;3. ОГЗ Упрощенное;Назначена дата презентации КП и запрошены материалы;;;3. ОГЗ Упрощенное;Назначена дата презентации КП и запрошены материалы;3. ОГЗ Упрощенное;Назначена дата презентации КП и запрошены материалы
37754912;https://alladin116.amocrm.ru/leads/detail/37754912;Своя база;Закрыто и не реализовано;28.05.2026;;;3. ОГЗ Упрощенное;Получены материалы по проекту (в тч Договор);;;3. ОГЗ Упрощенное;Получены материалы по проекту (в тч Договор);;;3. ОГЗ Упрощенное;Получены материалы по проекту (в тч Договор);;;;;3. ОГЗ Упрощенное;Закрыто и не реализовано;;;;;;;;;;;;;;;;;;;;;;;;;;;;;;;;;;;;;;;;;;;;;;;;;;;;;;;;;;;;;;;3. ОГЗ Упрощенное;Получены материалы по проекту (в тч Договор);;;3. ОГЗ Упрощенное;Получены материалы по проекту (в тч Договор);;;3. ОГЗ Упрощенное;Получены материалы по проекту (в тч Договор);3. ОГЗ Упрощенное;Получены материалы по проекту (в тч Договор)
37754954;https://alladin116.amocrm.ru/leads/detail/37754954;Коол Центр;Закрыто и не реализовано;29.05.2026;;;;;;;;;;;;;;;;;;;;;;;;;;;;;;;;;;;;;;;;;;;;;;;;;;;;;;;;;;;;;;;;;;;;;;;;;;;;;;;;;;;;;1. ОГЗ Квалификация;Закрыто и не реализовано;;;;;;
37754956;https://alladin116.amocrm.ru/leads/detail/37754956;Коол Центр;Закрыто и не реализовано;29.05.2026;;;;;;;;;;;;;;;;;;;;;;;;;;;;;;;;;;;;;;;;;;;;;;;;;;;;;;;;;;;;;;;;;;;;;;;;;;;;;;;;;;;;;1. ОГЗ Квалификация;Закрыто и не реализовано;;;;;;
37754958;https://alladin116.amocrm.ru/leads/detail/37754958;Коол Центр;Закрыто и не реализовано;29.05.2026;;;;;;;;;;;;;;;;;;;;;;;;;;;;;;;;;;;;;;;;;;;;;;;;;;;;;;;;;;;;;;;;;;;;;;;;;;;;;;;;;;;;;1. ОГЗ Квалификация;Закрыто и не реализовано;;;;;;
37754980;https://alladin116.amocrm.ru/leads/detail/37754980;Коол Центр;;29.05.2026;;;4. ОГЗ Долгосрочные;9 месяцев;;;4. ОГЗ Долгосрочные;9 месяцев;;;4. ОГЗ Долгосрочные;9 месяцев;;;;;4. ОГЗ Долгосрочные;9 месяцев;;;4. ОГЗ Долгосрочные;9 месяцев;;;4. ОГЗ Долгосрочные;9 месяцев;;;4. ОГЗ Долгосрочные;9 месяцев;;;;;;;;;;;;;;;;;;;;;;;;;;;;;;;;;;;;;;;;;;;;;;;;;;;;;;;4. ОГЗ Долгосрочные;9 месяцев;;;4. ОГЗ Долгосрочные;9 месяцев;4. ОГЗ Долгосрочные;9 месяцев
37754988;https://alladin116.amocrm.ru/leads/detail/37754988;Партнерская СРМ;;29.05.2026;;;3. ОГЗ Упрощенное;Подготовлено КП;;;3. ОГЗ Упрощенное;Подготовлено КП;;;3. ОГЗ Упрощенное;Подготовлено КП;;;;;3. ОГЗ Упрощенное;Подготовлено КП;;;3. ОГЗ Упрощенное;Подготовлено КП;;;3. ОГЗ Упрощенное;Подготовлено КП;;;3. ОГЗ Упрощенное;Подготовлено КП;;;;;;;;;;;;;;;;;;;;;;;;;;;;;;;;;;;;;;;;;;;;;;;;;;;;;;;3. ОГЗ Упрощенное;Подготовлено КП;;;3. ОГЗ Упрощенное;Подготовлено КП;3. ОГЗ Упрощенное;Подготовлено КП
37755019;https://alladin116.amocrm.ru/leads/detail/37755019;По рекомендации;;29.05.2026;;;Квалификация ОГЗ;на расчете БО (бюджетная оценка);;;Квалификация ОГЗ;на расчете БО (бюджетная оценка);;;Квалификация ОГЗ;на расчете БО (бюджетная оценка);;;;;Квалификация ОГЗ;на расчете БО (бюджетная оценка);;;Квалификация ОГЗ;на расчете БО (бюджетная оценка);;;Квалификация ОГЗ;на расчете БО (бюджетная оценка);;;Квалификация ОГЗ;на расчете БО (бюджетная оценка);;;;;;;;;;;;;;;;;;;;;;;;;;;;;;;;;;;;;;;;;;;;;;;;;;;;;;;Квалификация ОГЗ;на расчете БО (бюджетная оценка);;;Квалификация ОГЗ;на расчете БО (бюджетная оценка);Квалификация ОГЗ;на расчете БО (бюджетная оценка)
37755027;https://alladin116.amocrm.ru/leads/detail/37755027;Коол Центр;Закрыто и не реализовано;29.05.2026;;;;;;;;;;;;;;;;;;;;;;;;;;;;;;;;;;;;;;;;;;;;;;;;;;;;;;;;;;;;;;;;;;;;;;;;;;;;;;;;;;;;;1. ОГЗ Квалификация;Закрыто и не реализовано;;;;;;
37755047;https://alladin116.amocrm.ru/leads/detail/37755047;Коол Центр;Закрыто и не реализовано;29.05.2026;;;;;;;;;;;;;;;;;;;;;;;;;;;;;;;;;;;;;;;;;;;;;;;;;;;;;;;;;;;;;;;;;;;;;;;;;;;;;;;;;;;;;1. ОГЗ Квалификация;Закрыто и не реализовано;;;;;;
37755051;https://alladin116.amocrm.ru/leads/detail/37755051;Коол Центр;;29.05.2026;;;4. ОГЗ Долгосрочные;9 месяцев;;;4. ОГЗ Долгосрочные;9 месяцев;;;4. ОГЗ Долгосрочные;9 месяцев;;;;;4. ОГЗ Долгосрочные;9 месяцев;;;4. ОГЗ Долгосрочные;9 месяцев;;;4. ОГЗ Долгосрочные;9 месяцев;;;4. ОГЗ Долгосрочные;9 месяцев;;;;;;;;;;;;;;;;;;;;;;;;;;;;;;;;;;;;;;;;;;;;;;;;;;;;;;;4. ОГЗ Долгосрочные;9 месяцев;;;4. ОГЗ Долгосрочные;9 месяцев;4. ОГЗ Долгосрочные;9 месяцев
37755053;https://alladin116.amocrm.ru/leads/detail/37755053;Коол Центр;;29.05.2026;;;4. ОГЗ Долгосрочные;9 месяцев;;;4. ОГЗ Долгосрочные;9 месяцев;;;4. ОГЗ Долгосрочные;9 месяцев;;;;;4. ОГЗ Долгосрочные;9 месяцев;;;4. ОГЗ Долгосрочные;9 месяцев;;;4. ОГЗ Долгосрочные;9 месяцев;;;4. ОГЗ Долгосрочные;9 месяцев;;;;;;;;;;;;;;;;;;;;;;;;;;;;;;;;;;;;;;;;;;;;;;;;;;;;;;;4. ОГЗ Долгосрочные;9 месяцев;;;4. ОГЗ Долгосрочные;9 месяцев;4. ОГЗ Долгосрочные;9 месяцев
37755065;https://alladin116.amocrm.ru/leads/detail/37755065;повторный заказ;Закрыто и не реализовано;29.05.2026;;;;;;;;;;;;;;;;;;;;;;;;;;;;;;;;;;;;;;;;;;;;;;;;;;;;;;;;;;;;;;;;;;;;;;;;;;;;;;;;;;;;;1. ОГЗ Квалификация;Закрыто и не реализовано;;;;;;
37755099;https://alladin116.amocrm.ru/leads/detail/37755099;По рекомендации;;29.05.2026;;;Квалификация ОГЗ;Презентация БО;;;Квалификация ОГЗ;Презентация БО;;;Квалификация ОГЗ;Презентация БО;;;;;Квалификация ОГЗ;Презентация БО;;;Квалификация ОГЗ;Презентация БО;;;Квалификация ОГЗ;Презентация БО;;;Квалификация ОГЗ;Презентация БО;;;;;;;;;;;;;;;;;;;;;;;;;;;;;;;;;;;;;;;;;;;;;;;;;;;;;;;Квалификация ОГЗ;Презентация БО;;;Квалификация ОГЗ;Презентация БО;Квалификация ОГЗ;Презентация БО
37755323;https://alladin116.amocrm.ru/leads/detail/37755323;Своя база;;01.06.2026;;;3. ОГЗ Упрощенное;Получены материалы по проекту (в тч Договор);;;3. ОГЗ Упрощенное;Подготовлено КП;;;3. ОГЗ Упрощенное;"""Презентовано КП (ВЖИВУЮ (зум!)  (КЭВ)""";;;;;3. ОГЗ Упрощенное;"""Презентовано КП (ВЖИВУЮ (зум!)  (КЭВ)""";;;3. ОГЗ Упрощенное;"""Презентовано КП (ВЖИВУЮ (зум!)  (КЭВ)""";;;3. ОГЗ Упрощенное;"""Презентовано КП (ВЖИВУЮ (зум!)  (КЭВ)""";;;3. ОГЗ Упрощенное;"""Презентовано КП (ВЖИВУЮ (зум!)  (КЭВ)""";;;;;;;;;;;;;;;;;;;;;;;;;;;;;;;;;;;;;;;;;;;;;;;;;;;;;;;;;;;;;;
37755357;https://alladin116.amocrm.ru/leads/detail/37755357;Коол Центр;;01.06.2026;;;3. ОГЗ Упрощенное;Получены материалы по проекту (в тч Договор);;;3. ОГЗ Упрощенное;Подготовлено КП;;;3. ОГЗ Упрощенное;Подготовлено КП;;;;;3. ОГЗ Упрощенное;Подготовлено КП;;;3. ОГЗ Упрощенное;Подготовлено КП;;;3. ОГЗ Упрощенное;Подготовлено КП;;;3. ОГЗ Упрощенное;Подготовлено КП;;;;;;;;;;;;;;;;;;;;;;;;;;;;;;;;;;;;;;;;;;;;;;;;;;;;;;;;;;;;;;
37755363;https://alladin116.amocrm.ru/leads/detail/37755363;Коол Центр;;01.06.2026;;;4. ОГЗ Долгосрочные;6 месяцев;;;4. ОГЗ Долгосрочные;6 месяцев;;;4. ОГЗ Долгосрочные;6 месяцев;;;;;4. ОГЗ Долгосрочные;6 месяцев;;;4. ОГЗ Долгосрочные;6 месяцев;;;4. ОГЗ Долгосрочные;6 месяцев;;;4. ОГЗ Долгосрочные;6 месяцев;;;;;;;;;;;;;;;;;;;;;;;;;;;;;;;;;;;;;;;;;;;;;;;;;;;;;;;;;;;;;;
37755365;https://alladin116.amocrm.ru/leads/detail/37755365;Коол Центр;;01.06.2026;;;4. ОГЗ Долгосрочные;9 месяцев;;;4. ОГЗ Долгосрочные;9 месяцев;;;4. ОГЗ Долгосрочные;9 месяцев;;;;;4. ОГЗ Долгосрочные;9 месяцев;;;4. ОГЗ Долгосрочные;9 месяцев;;;4. ОГЗ Долгосрочные;9 месяцев;;;4. ОГЗ Долгосрочные;9 месяцев;;;;;;;;;;;;;;;;;;;;;;;;;;;;;;;;;;;;;;;;;;;;;;;;;;;;;;;;;;;;;;
37755391;https://alladin116.amocrm.ru/leads/detail/37755391;Коол Центр;;01.06.2026;;;4. ОГЗ Долгосрочные;12+ месяцев;;;4. ОГЗ Долгосрочные;12+ месяцев;;;4. ОГЗ Долгосрочные;12+ месяцев;;;;;4. ОГЗ Долгосрочные;12+ месяцев;;;4. ОГЗ Долгосрочные;12+ месяцев;;;4. ОГЗ Долгосрочные;12+ месяцев;;;4. ОГЗ Долгосрочные;12+ месяцев;;;;;;;;;;;;;;;;;;;;;;;;;;;;;;;;;;;;;;;;;;;;;;;;;;;;;;;;;;;;;;
37755399;https://alladin116.amocrm.ru/leads/detail/37755399;Коол Центр;;01.06.2026;;;4. ОГЗ Долгосрочные;9 месяцев;;;4. ОГЗ Долгосрочные;9 месяцев;;;4. ОГЗ Долгосрочные;9 месяцев;;;;;4. ОГЗ Долгосрочные;9 месяцев;;;4. ОГЗ Долгосрочные;9 месяцев;;;4. ОГЗ Долгосрочные;9 месяцев;;;4. ОГЗ Долгосрочные;9 месяцев;;;;;;;;;;;;;;;;;;;;;;;;;;;;;;;;;;;;;;;;;;;;;;;;;;;;;;;;;;;;;;
37755411;https://alladin116.amocrm.ru/leads/detail/37755411;Своя база;;01.06.2026;;;3. ОГЗ Упрощенное;Получены материалы по проекту (в тч Договор);;;3. ОГЗ Упрощенное;Подготовлено КП;;;3. ОГЗ Упрощенное;"""Презентовано КП (ВЖИВУЮ (зум!)  (КЭВ)""";;;;;3. ОГЗ Упрощенное;"""Презентовано КП (ВЖИВУЮ (зум!)  (КЭВ)""";;;3. ОГЗ Упрощенное;"""Презентовано КП (ВЖИВУЮ (зум!)  (КЭВ)""";;;3. ОГЗ Упрощенное;"""Презентовано КП (ВЖИВУЮ (зум!)  (КЭВ)""";;;3. ОГЗ Упрощенное;"""Презентовано КП (ВЖИВУЮ (зум!)  (КЭВ)""";;;;;;;;;;;;;;;;;;;;;;;;;;;;;;;;;;;;;;;;;;;;;;;;;;;;;;;;;;;;;;
37755417;https://alladin116.amocrm.ru/leads/detail/37755417;;Закрыто и не реализовано;01.06.2026;;;1. ОГЗ Квалификация;Закрыто и не реализовано;;;;;;;;;;;;;;;;;;;;;;;;;;;;;;;;;;;;;;;;;;;;;;;;;;;;;;;;;;;;;;;;;;;;;;;;;;;;;;;;;;;;;;;;
37755425;https://alladin116.amocrm.ru/leads/detail/37755425;;Закрыто и не реализовано;01.06.2026;;;1. ОГЗ Квалификация;Закрыто и не реализовано;;;;;;;;;;;;;;;;;;;;;;;;;;;;;;;;;;;;;;;;;;;;;;;;;;;;;;;;;;;;;;;;;;;;;;;;;;;;;;;;;;;;;;;;
37755431;https://alladin116.amocrm.ru/leads/detail/37755431;Коол Центр;;01.06.2026;;;1. ОГЗ Квалификация;Контакт установлен;;;1. ОГЗ Квалификация;Контакт установлен;;;1. ОГЗ Квалификация;Контакт установлен;;;;;1. ОГЗ Квалификация;Контакт установлен;;;1. ОГЗ Квалификация;Контакт установлен;;;1. ОГЗ Квалификация;Контакт установлен;;;1. ОГЗ Квалификация;Контакт установлен;;;;;;;;;;;;;;;;;;;;;;;;;;;;;;;;;;;;;;;;;;;;;;;;;;;;;;;;;;;;;;
37755439;https://alladin116.amocrm.ru/leads/detail/37755439;;Закрыто и не реализовано;01.06.2026;;;1. ОГЗ Квалификация;Закрыто и не реализовано;;;;;;;;;;;;;;;;;;;;;;;;;;;;;;;;;;;;;;;;;;;;;;;;;;;;;;;;;;;;;;;;;;;;;;;;;;;;;;;;;;;;;;;;
37755443;https://alladin116.amocrm.ru/leads/detail/37755443;Коол Центр;Закрыто и не реализовано;01.06.2026;;;1. ОГЗ Квалификация;Недозвон;;;1. ОГЗ Квалификация;Недозвон;;;1. ОГЗ Квалификация;Закрыто и не реализовано;;;;;;;;;;;;;;;;;;;;;;;;;;;;;;;;;;;;;;;;;;;;;;;;;;;;;;;;;;;;;;;;;;;;;;;;;;;;;;;;
37755453;https://alladin116.amocrm.ru/leads/detail/37755453;;Закрыто и не реализовано;01.06.2026;;;1. ОГЗ Квалификация;Закрыто и не реализовано;;;;;;;;;;;;;;;;;;;;;;;;;;;;;;;;;;;;;;;;;;;;;;;;;;;;;;;;;;;;;;;;;;;;;;;;;;;;;;;;;;;;;;;;
37755455;https://alladin116.amocrm.ru/leads/detail/37755455;Коол Центр;;01.06.2026;;;4. ОГЗ Долгосрочные;9 месяцев;;;4. ОГЗ Долгосрочные;9 месяцев;;;4. ОГЗ Долгосрочные;9 месяцев;;;;;4. ОГЗ Долгосрочные;9 месяцев;;;4. ОГЗ Долгосрочные;9 месяцев;;;4. ОГЗ Долгосрочные;9 месяцев;;;4. ОГЗ Долгосрочные;9 месяцев;;;;;;;;;;;;;;;;;;;;;;;;;;;;;;;;;;;;;;;;;;;;;;;;;;;;;;;;;;;;;;
37755463;https://alladin116.amocrm.ru/leads/detail/37755463;Коол Центр;;01.06.2026;;;1. ОГЗ Квалификация;Контакт установлен;;;1. ОГЗ Квалификация;Контакт установлен;;;4. ОГЗ Долгосрочные;6 месяцев;;;;;4. ОГЗ Долгосрочные;6 месяцев;;;4. ОГЗ Долгосрочные;6 месяцев;;;4. ОГЗ Долгосрочные;6 месяцев;;;4. ОГЗ Долгосрочные;6 месяцев;;;;;;;;;;;;;;;;;;;;;;;;;;;;;;;;;;;;;;;;;;;;;;;;;;;;;;;;;;;;;;
37755479;https://alladin116.amocrm.ru/leads/detail/37755479;;Закрыто и не реализовано;01.06.2026;;;1. ОГЗ Квалификация;Закрыто и не реализовано;;;;;;;;;;;;;;;;;;;;;;;;;;;;;;;;;;;;;;;;;;;;;;;;;;;;;;;;;;;;;;;;;;;;;;;;;;;;;;;;;;;;;;;;
37755505;https://alladin116.amocrm.ru/leads/detail/37755505;;Закрыто и не реализовано;01.06.2026;;;1. ОГЗ Квалификация;Закрыто и не реализовано;;;;;;;;;;;;;;;;;;;;;;;;;;;;;;;;;;;;;;;;;;;;;;;;;;;;;;;;;;;;;;;;;;;;;;;;;;;;;;;;;;;;;;;;
37755621;https://alladin116.amocrm.ru/leads/detail/37755621;Коол Центр, yandex;;02.06.2026;;;;;;;Квалификация ОГЗ;Новый ЛИД;;;Квалификация ОГЗ;Новый ЛИД;;;;;Квалификация ОГЗ;Новый ЛИД;;;Квалификация ОГЗ;Новый ЛИД;;;Квалификация ОГЗ;Новый ЛИД;;;Квалификация ОГЗ;Новый ЛИД;;;;;;;;;;;;;;;;;;;;;;;;;;;;;;;;;;;;;;;;;;;;;;;;;;;;;;;;;;;;;;
37755633;https://alladin116.amocrm.ru/leads/detail/37755633;yandex;Закрыто и не реализовано;02.06.2026;;;;;;;1. ОГЗ Квалификация;Закрыто и не реализовано;;;;;;;;;;;;;;;;;;;;;;;;;;;;;;;;;;;;;;;;;;;;;;;;;;;;;;;;;;;;;;;;;;;;;;;;;;;;;;;;;;;;
37755681;https://alladin116.amocrm.ru/leads/detail/37755681;Коол Центр;Закрыто и не реализовано;02.06.2026;;;;;;;1. ОГЗ Квалификация;Закрыто и не реализовано;;;;;;;;;;;;;;;;;;;;;;;;;;;;;;;;;;;;;;;;;;;;;;;;;;;;;;;;;;;;;;;;;;;;;;;;;;;;;;;;;;;;
37755695;https://alladin116.amocrm.ru/leads/detail/37755695;Коол Центр;Закрыто и не реализовано;02.06.2026;;;;;;;3. ОГЗ Упрощенное;Подготовлено КП;;;3. ОГЗ Упрощенное;Подготовлено КП;;;;;3. ОГЗ Упрощенное;Закрыто и не реализовано;;;;;;;;;;;;;;;;;;;;;;;;;;;;;;;;;;;;;;;;;;;;;;;;;;;;;;;;;;;;;;;;;;;;;;;;;;
37755711;https://alladin116.amocrm.ru/leads/detail/37755711;Коол Центр;;02.06.2026;;;;;;;1. ОГЗ Квалификация;Контакт установлен;;;1. ОГЗ Квалификация;Контакт установлен;;;;;1. ОГЗ Квалификация;Контакт установлен;;;1. ОГЗ Квалификация;Контакт установлен;;;1. ОГЗ Квалификация;Контакт установлен;;;1. ОГЗ Квалификация;Контакт установлен;;;;;;;;;;;;;;;;;;;;;;;;;;;;;;;;;;;;;;;;;;;;;;;;;;;;;;;;;;;;;;
37755717;https://alladin116.amocrm.ru/leads/detail/37755717;Коол Центр;;02.06.2026;;;;;;;1. ОГЗ Квалификация;Контакт установлен;;;1. ОГЗ Квалификация;Контакт установлен;;;;;1. ОГЗ Квалификация;Контакт установлен;;;1. ОГЗ Квалификация;Контакт установлен;;;1. ОГЗ Квалификация;Контакт установлен;;;1. ОГЗ Квалификация;Контакт установлен;;;;;;;;;;;;;;;;;;;;;;;;;;;;;;;;;;;;;;;;;;;;;;;;;;;;;;;;;;;;;;
37755723;https://alladin116.amocrm.ru/leads/detail/37755723;Коол Центр;;02.06.2026;;;;;;;1. ОГЗ Квалификация;Контакт установлен;;;1. ОГЗ Квалификация;Контакт установлен;;;;;1. ОГЗ Квалификация;Контакт установлен;;;1. ОГЗ Квалификация;Контакт установлен;;;1. ОГЗ Квалификация;Контакт установлен;;;1. ОГЗ Квалификация;Контакт установлен;;;;;;;;;;;;;;;;;;;;;;;;;;;;;;;;;;;;;;;;;;;;;;;;;;;;;;;;;;;;;;
37755743;https://alladin116.amocrm.ru/leads/detail/37755743;yandex;Закрыто и не реализовано;02.06.2026;;;;;;;1. ОГЗ Квалификация;Закрыто и не реализовано;;;;;;;;;;;;;;;;;;;;;;;;;;;;;;;;;;;;;;;;;;;;;;;;;;;;;;;;;;;;;;;;;;;;;;;;;;;;;;;;;;;;
37755745;https://alladin116.amocrm.ru/leads/detail/37755745;yandex;Закрыто и не реализовано;02.06.2026;;;;;;;1. ОГЗ Квалификация;Новый лид;;;1. ОГЗ Квалификация;Закрыто и не реализовано;;;;;;;;;;;;;;;;;;;;;;;;;;;;;;;;;;;;;;;;;;;;;;;;;;;;;;;;;;;;;;;;;;;;;;;;;;;;;;;;
37755747;https://alladin116.amocrm.ru/leads/detail/37755747;повторный заказ;Закрыто и не реализовано;02.06.2026;;;;;;;1. ОГЗ Квалификация;Закрыто и не реализовано;;;;;;;;;;;;;;;;;;;;;;;;;;;;;;;;;;;;;;;;;;;;;;;;;;;;;;;;;;;;;;;;;;;;;;;;;;;;;;;;;;;;
37755767;https://alladin116.amocrm.ru/leads/detail/37755767;yandex;Закрыто и не реализовано;02.06.2026;;;;;;;1. ОГЗ Квалификация;Закрыто и не реализовано;;;;;;;;;;;;;;;;;;;;;;;;;;;;;;;;;;;;;;;;;;;;;;;;;;;;;;;;;;;;;;;;;;;;;;;;;;;;;;;;;;;;
37755781;https://alladin116.amocrm.ru/leads/detail/37755781;Коол Центр;;02.06.2026;;;;;;;1. ОГЗ Квалификация;Недозвон;;;1. ОГЗ Квалификация;Недозвон;;;;;1. ОГЗ Квалификация;Недозвон;;;1. ОГЗ Квалификация;Недозвон;;;1. ОГЗ Квалификация;Недозвон;;;1. ОГЗ Квалификация;Недозвон;;;;;;;;;;;;;;;;;;;;;;;;;;;;;;;;;;;;;;;;;;;;;;;;;;;;;;;;;;;;;;
37755787;https://alladin116.amocrm.ru/leads/detail/37755787;Коол Центр;Закрыто и не реализовано;02.06.2026;;;;;;;1. ОГЗ Квалификация;Контакт установлен;;;1. ОГЗ Квалификация;Контакт установлен;;;;;1. ОГЗ Квалификация;Закрыто и не реализовано;;;;;;;;;;;;;;;;;;;;;;;;;;;;;;;;;;;;;;;;;;;;;;;;;;;;;;;;;;;;;;;;;;;;;;;;;;
37755791;https://alladin116.amocrm.ru/leads/detail/37755791;Коол Центр;;02.06.2026;;;;;;;1. ОГЗ Квалификация;Недозвон;;;1. ОГЗ Квалификация;Недозвон;;;;;1. ОГЗ Квалификация;Недозвон;;;1. ОГЗ Квалификация;Недозвон;;;1. ОГЗ Квалификация;Недозвон;;;1. ОГЗ Квалификация;Недозвон;;;;;;;;;;;;;;;;;;;;;;;;;;;;;;;;;;;;;;;;;;;;;;;;;;;;;;;;;;;;;;
37755793;https://alladin116.amocrm.ru/leads/detail/37755793;Коол Центр;;02.06.2026;;;;;;;1. ОГЗ Квалификация;Контакт установлен;;;1. ОГЗ Квалификация;Контакт установлен;;;;;1. ОГЗ Квалификация;Контакт установлен;;;1. ОГЗ Квалификация;Контакт установлен;;;1. ОГЗ Квалификация;Контакт установлен;;;1. ОГЗ Квалификация;Контакт установлен;;;;;;;;;;;;;;;;;;;;;;;;;;;;;;;;;;;;;;;;;;;;;;;;;;;;;;;;;;;;;;
37755795;https://alladin116.amocrm.ru/leads/detail/37755795;Коол Центр;;02.06.2026;;;;;;;1. ОГЗ Квалификация;Контакт установлен;;;1. ОГЗ Квалификация;Контакт установлен;;;;;1. ОГЗ Квалификация;Контакт установлен;;;1. ОГЗ Квалификация;Контакт установлен;;;1. ОГЗ Квалификация;Контакт установлен;;;1. ОГЗ Квалификация;Контакт установлен;;;;;;;;;;;;;;;;;;;;;;;;;;;;;;;;;;;;;;;;;;;;;;;;;;;;;;;;;;;;;;
37755809;https://alladin116.amocrm.ru/leads/detail/37755809;yandex;Закрыто и не реализовано;02.06.2026;;;;;;;1. ОГЗ Квалификация;Закрыто и не реализовано;;;;;;;;;;;;;;;;;;;;;;;;;;;;;;;;;;;;;;;;;;;;;;;;;;;;;;;;;;;;;;;;;;;;;;;;;;;;;;;;;;;;
37755867;https://alladin116.amocrm.ru/leads/detail/37755867;По рекомендации;;02.06.2026;;;;;;;Квалификация ОГЗ;на расчете БО (бюджетная оценка);;;Квалификация ОГЗ;на расчете БО (бюджетная оценка);;;;;Квалификация ОГЗ;на расчете БО (бюджетная оценка);;;Квалификация ОГЗ;Расчет БО готов;;;Квалификация ОГЗ;Расчет БО готов;;;Квалификация ОГЗ;Расчет БО готов;;;;;;;;;;;;;;;;;;;;;;;;;;;;;;;;;;;;;;;;;;;;;;;;;;;;;;;;;;;;;;
37755871;https://alladin116.amocrm.ru/leads/detail/37755871;Коол Центр;Закрыто и не реализовано;02.06.2026;;;;;;;1. ОГЗ Квалификация;Недозвон;;;1. ОГЗ Квалификация;Закрыто и не реализовано;;;;;;;;;;;;;;;;;;;;;;;;;;;;;;;;;;;;;;;;;;;;;;;;;;;;;;;;;;;;;;;;;;;;;;;;;;;;;;;;
37755873;https://alladin116.amocrm.ru/leads/detail/37755873;почта;Закрыто и не реализовано;02.06.2026;;;;;;;3. ОГЗ Упрощенное;Получены материалы по проекту (в тч Договор);;;3. ОГЗ Упрощенное;Получены материалы по проекту (в тч Договор);;;;;3. ОГЗ Упрощенное;Закрыто и не реализовано;;;;;;;;;;;;;;;;;;;;;;;;;;;;;;;;;;;;;;;;;;;;;;;;;;;;;;;;;;;;;;;;;;;;;;;;;;
37755881;https://alladin116.amocrm.ru/leads/detail/37755881;Коол Центр;;02.06.2026;;;;;;;1. ОГЗ Квалификация;Контакт установлен;;;1. ОГЗ Квалификация;Контакт установлен;;;;;1. ОГЗ Квалификация;Контакт установлен;;;1. ОГЗ Квалификация;Контакт установлен;;;1. ОГЗ Квалификация;Контакт установлен;;;1. ОГЗ Квалификация;Контакт установлен;;;;;;;;;;;;;;;;;;;;;;;;;;;;;;;;;;;;;;;;;;;;;;;;;;;;;;;;;;;;;;
37755891;https://alladin116.amocrm.ru/leads/detail/37755891;yandex;Закрыто и не реализовано;02.06.2026;;;;;;;1. ОГЗ Квалификация;Новый лид;;;1. ОГЗ Квалификация;Закрыто и не реализовано;;;;;;;;;;;;;;;;;;;;;;;;;;;;;;;;;;;;;;;;;;;;;;;;;;;;;;;;;;;;;;;;;;;;;;;;;;;;;;;;
37755945;https://alladin116.amocrm.ru/leads/detail/37755945;Коол Центр;;03.06.2026;;;;;;;;;;;1. ОГЗ Квалификация;Контакт установлен;;;;;1. ОГЗ Квалификация;Контакт установлен;;;1. ОГЗ Квалификация;Контакт установлен;;;1. ОГЗ Квалификация;Контакт установлен;;;1. ОГЗ Квалификация;Контакт установлен;;;;;;;;;;;;;;;;;;;;;;;;;;;;;;;;;;;;;;;;;;;;;;;;;;;;;;;;;;;;;;
37755961;https://alladin116.amocrm.ru/leads/detail/37755961;;Закрыто и не реализовано;03.06.2026;;;;;;;;;;;1. ОГЗ Квалификация;Закрыто и не реализовано;;;;;;;;;;;;;;;;;;;;;;;;;;;;;;;;;;;;;;;;;;;;;;;;;;;;;;;;;;;;;;;;;;;;;;;;;;;;;;;;
37755967;https://alladin116.amocrm.ru/leads/detail/37755967;Коол Центр;;03.06.2026;;;;;;;;;;;1. ОГЗ Квалификация;Контакт установлен;;;;;4. ОГЗ Долгосрочные;5 месяцев;;;4. ОГЗ Долгосрочные;5 месяцев;;;4. ОГЗ Долгосрочные;5 месяцев;;;4. ОГЗ Долгосрочные;5 месяцев;;;;;;;;;;;;;;;;;;;;;;;;;;;;;;;;;;;;;;;;;;;;;;;;;;;;;;;;;;;;;;
37755969;https://alladin116.amocrm.ru/leads/detail/37755969;Коол Центр;;03.06.2026;;;;;;;;;;;1. ОГЗ Квалификация;Проведена квалификация;;;;;1. ОГЗ Квалификация;Проведена квалификация;;;1. ОГЗ Квалификация;Проведена квалификация;;;1. ОГЗ Квалификация;Проведена квалификация;;;1. ОГЗ Квалификация;Проведена квалификация;;;;;;;;;;;;;;;;;;;;;;;;;;;;;;;;;;;;;;;;;;;;;;;;;;;;;;;;;;;;;;
37755971;https://alladin116.amocrm.ru/leads/detail/37755971;По рекомендации;;03.06.2026;;;;;;;;;;;Квалификация ОГЗ;на расчете БО (бюджетная оценка);;;;;Квалификация ОГЗ;на расчете БО (бюджетная оценка);;;Квалификация ОГЗ;Презентация БО;;;Квалификация ОГЗ;Презентация БО;;;Квалификация ОГЗ;Презентация БО;;;;;;;;;;;;;;;;;;;;;;;;;;;;;;;;;;;;;;;;;;;;;;;;;;;;;;;;;;;;;;
37755973;https://alladin116.amocrm.ru/leads/detail/37755973;Коол Центр;;03.06.2026;;;;;;;;;;;1. ОГЗ Квалификация;Недозвон;;;;;1. ОГЗ Квалификация;Недозвон;;;1. ОГЗ Квалификация;Недозвон;;;1. ОГЗ Квалификация;Недозвон;;;1. ОГЗ Квалификация;Недозвон;;;;;;;;;;;;;;;;;;;;;;;;;;;;;;;;;;;;;;;;;;;;;;;;;;;;;;;;;;;;;;
37755977;https://alladin116.amocrm.ru/leads/detail/37755977;По рекомендации;;03.06.2026;;;;;;;;;;;Квалификация ОГЗ;Запросили данные;;;;;Квалификация ОГЗ;Презентация БО;;;Квалификация ОГЗ;Презентация БО;;;Квалификация ОГЗ;Презентация БО;;;Квалификация ОГЗ;Презентация БО;;;;;;;;;;;;;;;;;;;;;;;;;;;;;;;;;;;;;;;;;;;;;;;;;;;;;;;;;;;;;;
37755991;https://alladin116.amocrm.ru/leads/detail/37755991;Коол Центр;;03.06.2026;;;;;;;;;;;1. ОГЗ Квалификация;Проведена квалификация;;;;;1. ОГЗ Квалификация;Проведена квалификация;;;1. ОГЗ Квалификация;Проведена квалификация;;;1. ОГЗ Квалификация;Проведена квалификация;;;1. ОГЗ Квалификация;Проведена квалификация;;;;;;;;;;;;;;;;;;;;;;;;;;;;;;;;;;;;;;;;;;;;;;;;;;;;;;;;;;;;;;
37756007;https://alladin116.amocrm.ru/leads/detail/37756007;Партнерская СРМ;Закрыто и не реализовано;03.06.2026;;;;;;;;;;;4. ОГЗ Долгосрочные;Закрыто и не реализовано;;;;;;;;;;;;;;;;;;;;;;;;;;;;;;;;;;;;;;;;;;;;;;;;;;;;;;;;;;;;;;;;;;;;;;;;;;;;;;;;
37756023;https://alladin116.amocrm.ru/leads/detail/37756023;;Закрыто и не реализовано;03.06.2026;;;;;;;;;;;1. ОГЗ Квалификация;Закрыто и не реализовано;;;;;;;;;;;;;;;;;;;;;;;;;;;;;;;;;;;;;;;;;;;;;;;;;;;;;;;;;;;;;;;;;;;;;;;;;;;;;;;;
37756027;https://alladin116.amocrm.ru/leads/detail/37756027;;Закрыто и не реализовано;03.06.2026;;;;;;;;;;;1. ОГЗ Квалификация;Закрыто и не реализовано;;;;;;;;;;;;;;;;;;;;;;;;;;;;;;;;;;;;;;;;;;;;;;;;;;;;;;;;;;;;;;;;;;;;;;;;;;;;;;;;
37756035;https://alladin116.amocrm.ru/leads/detail/37756035;Коол Центр;;03.06.2026;;;;;;;;;;;1. ОГЗ Квалификация;Недозвон;;;;;1. ОГЗ Квалификация;Недозвон;;;1. ОГЗ Квалификация;Недозвон;;;1. ОГЗ Квалификация;Недозвон;;;1. ОГЗ Квалификация;Недозвон;;;;;;;;;;;;;;;;;;;;;;;;;;;;;;;;;;;;;;;;;;;;;;;;;;;;;;;;;;;;;;
37756057;https://alladin116.amocrm.ru/leads/detail/37756057;Коол Центр;Закрыто и не реализовано;03.06.2026;;;;;;;;;;;1. ОГЗ Квалификация;Проведена квалификация;;;;;1. ОГЗ Квалификация;Закрыто и не реализовано;;;;;;;;;;;;;;;;;;;;;;;;;;;;;;;;;;;;;;;;;;;;;;;;;;;;;;;;;;;;;;;;;;;;;;;;;;
37756059;https://alladin116.amocrm.ru/leads/detail/37756059;Коол Центр;;03.06.2026;;;;;;;;;;;1. ОГЗ Квалификация;Контакт установлен;;;;;1. ОГЗ Квалификация;Контакт установлен;;;1. ОГЗ Квалификация;Контакт установлен;;;1. ОГЗ Квалификация;Контакт установлен;;;1. ОГЗ Квалификация;Контакт установлен;;;;;;;;;;;;;;;;;;;;;;;;;;;;;;;;;;;;;;;;;;;;;;;;;;;;;;;;;;;;;;
37756065;https://alladin116.amocrm.ru/leads/detail/37756065;;Закрыто и не реализовано;03.06.2026;;;;;;;;;;;1. ОГЗ Квалификация;Закрыто и не реализовано;;;;;;;;;;;;;;;;;;;;;;;;;;;;;;;;;;;;;;;;;;;;;;;;;;;;;;;;;;;;;;;;;;;;;;;;;;;;;;;;
37756093;https://alladin116.amocrm.ru/leads/detail/37756093;;Закрыто и не реализовано;03.06.2026;;;;;;;;;;;1. ОГЗ Квалификация;Закрыто и не реализовано;;;;;;;;;;;;;;;;;;;;;;;;;;;;;;;;;;;;;;;;;;;;;;;;;;;;;;;;;;;;;;;;;;;;;;;;;;;;;;;;
37756101;https://alladin116.amocrm.ru/leads/detail/37756101;;Закрыто и не реализовано;03.06.2026;;;;;;;;;;;1. ОГЗ Квалификация;Закрыто и не реализовано;;;;;;;;;;;;;;;;;;;;;;;;;;;;;;;;;;;;;;;;;;;;;;;;;;;;;;;;;;;;;;;;;;;;;;;;;;;;;;;;
37756103;https://alladin116.amocrm.ru/leads/detail/37756103;Коол Центр;;03.06.2026;;;;;;;;;;;1. ОГЗ Квалификация;Контакт установлен;;;;;1. ОГЗ Квалификация;Контакт установлен;;;1. ОГЗ Квалификация;Контакт установлен;;;1. ОГЗ Квалификация;Контакт установлен;;;1. ОГЗ Квалификация;Контакт установлен;;;;;;;;;;;;;;;;;;;;;;;;;;;;;;;;;;;;;;;;;;;;;;;;;;;;;;;;;;;;;;
37756105;https://alladin116.amocrm.ru/leads/detail/37756105;Коол Центр;Закрыто и не реализовано;03.06.2026;;;;;;;;;;;1. ОГЗ Квалификация;Недозвон;;;;;1. ОГЗ Квалификация;Недозвон;;;1. ОГЗ Квалификация;Закрыто и не реализовано;;;;;;;;;;;;;;;;;;;;;;;;;;;;;;;;;;;;;;;;;;;;;;;;;;;;;;;;;;;;;;;;;;;;;;
37756107;https://alladin116.amocrm.ru/leads/detail/37756107;;Закрыто и не реализовано;03.06.2026;;;;;;;;;;;1. ОГЗ Квалификация;Закрыто и не реализовано;;;;;;;;;;;;;;;;;;;;;;;;;;;;;;;;;;;;;;;;;;;;;;;;;;;;;;;;;;;;;;;;;;;;;;;;;;;;;;;;
37756111;https://alladin116.amocrm.ru/leads/detail/37756111;Своя база;;03.06.2026;;;;;;;;;;;3. ОГЗ Упрощенное;Получены материалы по проекту (в тч Договор);;;;;3. ОГЗ Упрощенное;"""Презентовано КП (ВЖИВУЮ (зум!)  (КЭВ)""";;;3. ОГЗ Упрощенное;"""Презентовано КП (ВЖИВУЮ (зум!)  (КЭВ)""";;;3. ОГЗ Упрощенное;"""Презентовано КП (ВЖИВУЮ (зум!)  (КЭВ)""";;;3. ОГЗ Упрощенное;"""Презентовано КП (ВЖИВУЮ (зум!)  (КЭВ)""";;;;;;;;;;;;;;;;;;;;;;;;;;;;;;;;;;;;;;;;;;;;;;;;;;;;;;;;;;;;;;
37756117;https://alladin116.amocrm.ru/leads/detail/37756117;Коол Центр;;03.06.2026;;;;;;;;;;;1. ОГЗ Квалификация;Новый лид;;;;;1. ОГЗ Квалификация;Недозвон;;;1. ОГЗ Квалификация;Контакт установлен;;;1. ОГЗ Квалификация;Контакт установлен;;;1. ОГЗ Квалификация;Контакт установлен;;;;;;;;;;;;;;;;;;;;;;;;;;;;;;;;;;;;;;;;;;;;;;;;;;;;;;;;;;;;;;
37756119;https://alladin116.amocrm.ru/leads/detail/37756119;;Закрыто и не реализовано;03.06.2026;;;;;;;;;;;1. ОГЗ Квалификация;Закрыто и не реализовано;;;;;;;;;;;;;;;;;;;;;;;;;;;;;;;;;;;;;;;;;;;;;;;;;;;;;;;;;;;;;;;;;;;;;;;;;;;;;;;;
37756127;https://alladin116.amocrm.ru/leads/detail/37756127;повторный заказ;;03.06.2026;;;;;;;;;;;Фокусные сделки ОГЗ;ждем подписанный договор/оплату;;;;;исполнение ОГНЕЗАЩИТА;ОКОНЧАТЕЛЬНАЯ ОПЛАТА ПОЛУЧЕНА;;;исполнение ОГНЕЗАЩИТА;ОКОНЧАТЕЛЬНАЯ ОПЛАТА ПОЛУЧЕНА;;;исполнение ОГНЕЗАЩИТА;ОКОНЧАТЕЛЬНАЯ ОПЛАТА ПОЛУЧЕНА;;;исполнение ОГНЕЗАЩИТА;ОКОНЧАТЕЛЬНАЯ ОПЛАТА ПОЛУЧЕНА;;;;;;;;;;;;;;;;;;;;;;;;;;;;;;;;;;;;;;;;;;;;;;;;;;;;;;;;;;;;;;
37756131;https://alladin116.amocrm.ru/leads/detail/37756131;Коол Центр;Закрыто и не реализовано;03.06.2026;;;;;;;;;;;1. ОГЗ Квалификация;Закрыто и не реализовано;;;;;;;;;;;;;;;;;;;;;;;;;;;;;;;;;;;;;;;;;;;;;;;;;;;;;;;;;;;;;;;;;;;;;;;;;;;;;;;;
37756157;https://alladin116.amocrm.ru/leads/detail/37756157;;Закрыто и не реализовано;03.06.2026;;;;;;;;;;;1. ОГЗ Квалификация;Закрыто и не реализовано;;;;;;;;;;;;;;;;;;;;;;;;;;;;;;;;;;;;;;;;;;;;;;;;;;;;;;;;;;;;;;;;;;;;;;;;;;;;;;;;
37756191;https://alladin116.amocrm.ru/leads/detail/37756191;Коол Центр;;03.06.2026;;;;;;;;;;;1. ОГЗ Квалификация;Недозвон;;;;;1. ОГЗ Квалификация;Недозвон;;;1. ОГЗ Квалификация;Недозвон;;;1. ОГЗ Квалификация;Недозвон;;;1. ОГЗ Квалификация;Недозвон;;;;;;;;;;;;;;;;;;;;;;;;;;;;;;;;;;;;;;;;;;;;;;;;;;;;;;;;;;;;;;
37756193;https://alladin116.amocrm.ru/leads/detail/37756193;;Закрыто и не реализовано;03.06.2026;;;;;;;;;;;1. ОГЗ Квалификация;Закрыто и не реализовано;;;;;;;;;;;;;;;;;;;;;;;;;;;;;;;;;;;;;;;;;;;;;;;;;;;;;;;;;;;;;;;;;;;;;;;;;;;;;;;;
37756205;https://alladin116.amocrm.ru/leads/detail/37756205;;;03.06.2026;;;;;;;;;;;1. ОГЗ Квалификация;Новый лид;;;;;1. ОГЗ Квалификация;Недозвон;;;1. ОГЗ Квалификация;Недозвон;;;1. ОГЗ Квалификация;Недозвон;;;1. ОГЗ Квалификация;Недозвон;;;;;;;;;;;;;;;;;;;;;;;;;;;;;;;;;;;;;;;;;;;;;;;;;;;;;;;;;;;;;;
37756217;https://alladin116.amocrm.ru/leads/detail/37756217;;Закрыто и не реализовано;03.06.2026;;;;;;;;;;;1. ОГЗ Квалификация;Новый лид;;;;;1. ОГЗ Квалификация;Закрыто и не реализовано;;;;;;;;;;;;;;;;;;;;;;;;;;;;;;;;;;;;;;;;;;;;;;;;;;;;;;;;;;;;;;;;;;;;;;;;;;
37756549;https://alladin116.amocrm.ru/leads/detail/37756549;Коол Центр;Закрыто и не реализовано;05.06.2026;;;;;;;;;;;;;;;;;1. ОГЗ Квалификация;Недозвон;;;1. ОГЗ Квалификация;Закрыто и не реализовано;;;;;;;;;;;;;;;;;;;;;;;;;;;;;;;;;;;;;;;;;;;;;;;;;;;;;;;;;;;;;;;;;;;;;;
37756561;https://alladin116.amocrm.ru/leads/detail/37756561;;Закрыто и не реализовано;05.06.2026;;;;;;;;;;;;;;;;;1. ОГЗ Квалификация;Закрыто и не реализовано;;;;;;;;;;;;;;;;;;;;;;;;;;;;;;;;;;;;;;;;;;;;;;;;;;;;;;;;;;;;;;;;;;;;;;;;;;
37756563;https://alladin116.amocrm.ru/leads/detail/37756563;;Закрыто и не реализовано;05.06.2026;;;;;;;;;;;;;;;;;1. ОГЗ Квалификация;Закрыто и не реализовано;;;;;;;;;;;;;;;;;;;;;;;;;;;;;;;;;;;;;;;;;;;;;;;;;;;;;;;;;;;;;;;;;;;;;;;;;;
37756569;https://alladin116.amocrm.ru/leads/detail/37756569;Коол Центр;;05.06.2026;;;;;;;;;;;;;;;;;1. ОГЗ Квалификация;Проведена квалификация;;;1. ОГЗ Квалификация;Проведена квалификация;;;1. ОГЗ Квалификация;Проведена квалификация;;;1. ОГЗ Квалификация;Проведена квалификация;;;;;;;;;;;;;;;;;;;;;;;;;;;;;;;;;;;;;;;;;;;;;;;;;;;;;;;;;;;;;;
37756579;https://alladin116.amocrm.ru/leads/detail/37756579;Коол Центр;Закрыто и не реализовано;05.06.2026;;;;;;;;;;;;;;;;;1. ОГЗ Квалификация;Закрыто и не реализовано;;;;;;;;;;;;;;;;;;;;;;;;;;;;;;;;;;;;;;;;;;;;;;;;;;;;;;;;;;;;;;;;;;;;;;;;;;
37756585;https://alladin116.amocrm.ru/leads/detail/37756585;СЕО;Закрыто и не реализовано;05.06.2026;;;;;;;;;;;;;;;;;1. ОГЗ Квалификация;Закрыто и не реализовано;;;;;;;;;;;;;;;;;;;;;;;;;;;;;;;;;;;;;;;;;;;;;;;;;;;;;;;;;;;;;;;;;;;;;;;;;;
37756601;https://alladin116.amocrm.ru/leads/detail/37756601;СЕО;Закрыто и не реализовано;05.06.2026;;;;;;;;;;;;;;;;;1. ОГЗ Квалификация;Закрыто и не реализовано;;;;;;;;;;;;;;;;;;;;;;;;;;;;;;;;;;;;;;;;;;;;;;;;;;;;;;;;;;;;;;;;;;;;;;;;;;
37756603;https://alladin116.amocrm.ru/leads/detail/37756603;;Закрыто и не реализовано;05.06.2026;;;;;;;;;;;;;;;;;1. ОГЗ Квалификация;Закрыто и не реализовано;;;;;;;;;;;;;;;;;;;;;;;;;;;;;;;;;;;;;;;;;;;;;;;;;;;;;;;;;;;;;;;;;;;;;;;;;;
37756613;https://alladin116.amocrm.ru/leads/detail/37756613;;Закрыто и не реализовано;05.06.2026;;;;;;;;;;;;;;;;;1. ОГЗ Квалификация;Закрыто и не реализовано;;;;;;;;;;;;;;;;;;;;;;;;;;;;;;;;;;;;;;;;;;;;;;;;;;;;;;;;;;;;;;;;;;;;;;;;;;
37756617;https://alladin116.amocrm.ru/leads/detail/37756617;;Закрыто и не реализовано;05.06.2026;;;;;;;;;;;;;;;;;1. ОГЗ Квалификация;Закрыто и не реализовано;;;;;;;;;;;;;;;;;;;;;;;;;;;;;;;;;;;;;;;;;;;;;;;;;;;;;;;;;;;;;;;;;;;;;;;;;;
37756619;https://alladin116.amocrm.ru/leads/detail/37756619;;Закрыто и не реализовано;05.06.2026;;;;;;;;;;;;;;;;;1. ОГЗ Квалификация;Закрыто и не реализовано;;;;;;;;;;;;;;;;;;;;;;;;;;;;;;;;;;;;;;;;;;;;;;;;;;;;;;;;;;;;;;;;;;;;;;;;;;
37756625;https://alladin116.amocrm.ru/leads/detail/37756625;Коол Центр;Закрыто и не реализовано;05.06.2026;;;;;;;;;;;;;;;;;1. ОГЗ Квалификация;Закрыто и не реализовано;;;;;;;;;;;;;;;;;;;;;;;;;;;;;;;;;;;;;;;;;;;;;;;;;;;;;;;;;;;;;;;;;;;;;;;;;;
37756627;https://alladin116.amocrm.ru/leads/detail/37756627;;Закрыто и не реализовано;05.06.2026;;;;;;;;;;;;;;;;;1. ОГЗ Квалификация;Закрыто и не реализовано;;;;;;;;;;;;;;;;;;;;;;;;;;;;;;;;;;;;;;;;;;;;;;;;;;;;;;;;;;;;;;;;;;;;;;;;;;
37756641;https://alladin116.amocrm.ru/leads/detail/37756641;;Закрыто и не реализовано;05.06.2026;;;;;;;;;;;;;;;;;1. ОГЗ Квалификация;Закрыто и не реализовано;;;;;;;;;;;;;;;;;;;;;;;;;;;;;;;;;;;;;;;;;;;;;;;;;;;;;;;;;;;;;;;;;;;;;;;;;;
37756649;https://alladin116.amocrm.ru/leads/detail/37756649;повторный заказ;Закрыто и не реализовано;05.06.2026;;;;;;;;;;;;;;;;;1. ОГЗ Квалификация;Закрыто и не реализовано;;;;;;;;;;;;;;;;;;;;;;;;;;;;;;;;;;;;;;;;;;;;;;;;;;;;;;;;;;;;;;;;;;;;;;;;;;
37756651;https://alladin116.amocrm.ru/leads/detail/37756651;;Закрыто и не реализовано;05.06.2026;;;;;;;;;;;;;;;;;1. ОГЗ Квалификация;Закрыто и не реализовано;;;;;;;;;;;;;;;;;;;;;;;;;;;;;;;;;;;;;;;;;;;;;;;;;;;;;;;;;;;;;;;;;;;;;;;;;;
37756665;https://alladin116.amocrm.ru/leads/detail/37756665;Коол Центр;;05.06.2026;;;;;;;;;;;;;;;;;1. ОГЗ Квалификация;Проведена квалификация;;;1. ОГЗ Квалификация;Проведена квалификация;;;1. ОГЗ Квалификация;Проведена квалификация;;;1. ОГЗ Квалификация;Проведена квалификация;;;;;;;;;;;;;;;;;;;;;;;;;;;;;;;;;;;;;;;;;;;;;;;;;;;;;;;;;;;;;;
37756669;https://alladin116.amocrm.ru/leads/detail/37756669;Коол Центр;;05.06.2026;;;;;;;;;;;;;;;;;4. ОГЗ Долгосрочные;4 месяца;;;4. ОГЗ Долгосрочные;4 месяца;;;4. ОГЗ Долгосрочные;4 месяца;;;4. ОГЗ Долгосрочные;4 месяца;;;;;;;;;;;;;;;;;;;;;;;;;;;;;;;;;;;;;;;;;;;;;;;;;;;;;;;;;;;;;;
37756689;https://alladin116.amocrm.ru/leads/detail/37756689;повторный заказ;Закрыто и не реализовано;05.06.2026;;;;;;;;;;;;;;;;;1. ОГЗ Квалификация;Закрыто и не реализовано;;;;;;;;;;;;;;;;;;;;;;;;;;;;;;;;;;;;;;;;;;;;;;;;;;;;;;;;;;;;;;;;;;;;;;;;;;
37756691;https://alladin116.amocrm.ru/leads/detail/37756691;;;05.06.2026;;;;;;;;;;;;;;;;;1. ОГЗ Квалификация;Новый лид;;;4. ОГЗ Долгосрочные;6 месяцев;;;4. ОГЗ Долгосрочные;6 месяцев;;;4. ОГЗ Долгосрочные;6 месяцев;;;;;;;;;;;;;;;;;;;;;;;;;;;;;;;;;;;;;;;;;;;;;;;;;;;;;;;;;;;;;;
37756693;https://alladin116.amocrm.ru/leads/detail/37756693;;Закрыто и не реализовано;05.06.2026;;;;;;;;;;;;;;;;;1. ОГЗ Квалификация;Новый лид;;;1. ОГЗ Квалификация;Закрыто и не реализовано;;;;;;;;;;;;;;;;;;;;;;;;;;;;;;;;;;;;;;;;;;;;;;;;;;;;;;;;;;;;;;;;;;;;;;
37756697;https://alladin116.amocrm.ru/leads/detail/37756697;;Закрыто и не реализовано;05.06.2026;;;;;;;;;;;;;;;;;1. ОГЗ Квалификация;Новый лид;;;1. ОГЗ Квалификация;Закрыто и не реализовано;;;;;;;;;;;;;;;;;;;;;;;;;;;;;;;;;;;;;;;;;;;;;;;;;;;;;;;;;;;;;;;;;;;;;;
37756699;https://alladin116.amocrm.ru/leads/detail/37756699;;;05.06.2026;;;;;;;;;;;;;;;;;Квалификация ОГЗ;Новый ЛИД;;;Квалификация ОГЗ;Новый ЛИД;;;Квалификация ОГЗ;Новый ЛИД;;;Квалификация ОГЗ;Новый ЛИД;;;;;;;;;;;;;;;;;;;;;;;;;;;;;;;;;;;;;;;;;;;;;;;;;;;;;;;;;;;;;;
37756715;https://alladin116.amocrm.ru/leads/detail/37756715;СЕО;Закрыто и не реализовано;06.06.2026;;;;;;;;;;;;;;;;;;;;;1. ОГЗ Квалификация;Закрыто и не реализовано;;;;;;;;;;;;;;;;;;;;;;;;;;;;;;;;;;;;;;;;;;;;;;;;;;;;;;;;;;;;;;;;;;;;;;
37756737;https://alladin116.amocrm.ru/leads/detail/37756737;СЕО;Закрыто и не реализовано;06.06.2026;;;;;;;;;;;;;;;;;;;;;1. ОГЗ Квалификация;Закрыто и не реализовано;;;;;;;;;;;;;;;;;;;;;;;;;;;;;;;;;;;;;;;;;;;;;;;;;;;;;;;;;;;;;;;;;;;;;;
37756749;https://alladin116.amocrm.ru/leads/detail/37756749;СЕО;Закрыто и не реализовано;06.06.2026;;;;;;;;;;;;;;;;;;;;;1. ОГЗ Квалификация;Закрыто и не реализовано;;;;;;;;;;;;;;;;;;;;;;;;;;;;;;;;;;;;;;;;;;;;;;;;;;;;;;;;;;;;;;;;;;;;;;
37756751;https://alladin116.amocrm.ru/leads/detail/37756751;СЕО;Закрыто и не реализовано;06.06.2026;;;;;;;;;;;;;;;;;;;;;1. ОГЗ Квалификация;Закрыто и не реализовано;;;;;;;;;;;;;;;;;;;;;;;;;;;;;;;;;;;;;;;;;;;;;;;;;;;;;;;;;;;;;;;;;;;;;;
37756765;https://alladin116.amocrm.ru/leads/detail/37756765;;Закрыто и не реализовано;06.06.2026;;;;;;;;;;;;;;;;;;;;;1. ОГЗ Квалификация;Закрыто и не реализовано;;;;;;;;;;;;;;;;;;;;;;;;;;;;;;;;;;;;;;;;;;;;;;;;;;;;;;;;;;;;;;;;;;;;;;
37756777;https://alladin116.amocrm.ru/leads/detail/37756777;;Закрыто и не реализовано;06.06.2026;;;;;;;;;;;;;;;;;;;;;1. ОГЗ Квалификация;Закрыто и не реализовано;;;;;;;;;;;;;;;;;;;;;;;;;;;;;;;;;;;;;;;;;;;;;;;;;;;;;;;;;;;;;;;;;;;;;;
37756783;https://alladin116.amocrm.ru/leads/detail/37756783;СЕО;Закрыто и не реализовано;06.06.2026;;;;;;;;;;;;;;;;;;;;;1. ОГЗ Квалификация;Закрыто и не реализовано;;;;;;;;;;;;;;;;;;;;;;;;;;;;;;;;;;;;;;;;;;;;;;;;;;;;;;;;;;;;;;;;;;;;;;
37756797;https://alladin116.amocrm.ru/leads/detail/37756797;СЕО;Закрыто и не реализовано;07.06.2026;;;;;;;;;;;;;;;;;;;;;;;;;1. ОГЗ Квалификация;Закрыто и не реализовано;;;;;;;;;;;;;;;;;;;;;;;;;;;;;;;;;;;;;;;;;;;;;;;;;;;;;;;;;;;;;;;;;;
37756803;https://alladin116.amocrm.ru/leads/detail/37756803;СЕО;Закрыто и не реализовано;07.06.2026;;;;;;;;;;;;;;;;;;;;;;;;;1. ОГЗ Квалификация;Закрыто и не реализовано;;;;;;;;;;;;;;;;;;;;;;;;;;;;;;;;;;;;;;;;;;;;;;;;;;;;;;;;;;;;;;;;;;
37756805;https://alladin116.amocrm.ru/leads/detail/37756805;;Закрыто и не реализовано;07.06.2026;;;;;;;;;;;;;;;;;;;;;;;;;1. ОГЗ Квалификация;Закрыто и не реализовано;;;;;;;;;;;;;;;;;;;;;;;;;;;;;;;;;;;;;;;;;;;;;;;;;;;;;;;;;;;;;;;;;;
37756895;https://alladin116.amocrm.ru/leads/detail/37756895;E-mail рассыла;Закрыто и не реализовано;08.06.2026;;;;;;;;;;;;;;;;;;;;;;;;;;;;;1. ОГЗ Квалификация;Закрыто и не реализовано;;;;;;;;;;;;;;;;;;;;;;;;;;;;;;;;;;;;;;;;;;;;;;;;;;;;;;;;;;;;;;
37756901;https://alladin116.amocrm.ru/leads/detail/37756901;;Закрыто и не реализовано;08.06.2026;;;;;;;;;;;;;;;;;;;;;;;;;;;;;1. ОГЗ Квалификация;Закрыто и не реализовано;;;;;;;;;;;;;;;;;;;;;;;;;;;;;;;;;;;;;;;;;;;;;;;;;;;;;;;;;;;;;;
37756917;https://alladin116.amocrm.ru/leads/detail/37756917;По рекомендации;;08.06.2026;;;;;;;;;;;;;;;;;;;;;;;;;;;;;Квалификация ОГЗ;Презентация БО;;;;;;;;;;;;;;;;;;;;;;;;;;;;;;;;;;;;;;;;;;;;;;;;;;;;;;;;;;;;;;
37756929;https://alladin116.amocrm.ru/leads/detail/37756929;;Закрыто и не реализовано;08.06.2026;;;;;;;;;;;;;;;;;;;;;;;;;;;;;1. ОГЗ Квалификация;Закрыто и не реализовано;;;;;;;;;;;;;;;;;;;;;;;;;;;;;;;;;;;;;;;;;;;;;;;;;;;;;;;;;;;;;;
37756951;https://alladin116.amocrm.ru/leads/detail/37756951;Коол Центр;;08.06.2026;;;;;;;;;;;;;;;;;;;;;;;;;;;;;1. ОГЗ Квалификация;Контакт установлен;;;;;;;;;;;;;;;;;;;;;;;;;;;;;;;;;;;;;;;;;;;;;;;;;;;;;;;;;;;;;;
37756955;https://alladin116.amocrm.ru/leads/detail/37756955;Коол Центр;;08.06.2026;;;;;;;;;;;;;;;;;;;;;;;;;;;;;4. ОГЗ Долгосрочные;6 месяцев;;;;;;;;;;;;;;;;;;;;;;;;;;;;;;;;;;;;;;;;;;;;;;;;;;;;;;;;;;;;;;
37756979;https://alladin116.amocrm.ru/leads/detail/37756979;E-mail рассыла;;08.06.2026;;;;;;;;;;;;;;;;;;;;;;;;;;;;;1. ОГЗ Квалификация;Недозвон;;;;;;;;;;;;;;;;;;;;;;;;;;;;;;;;;;;;;;;;;;;;;;;;;;;;;;;;;;;;;;
37756993;https://alladin116.amocrm.ru/leads/detail/37756993;E-mail рассыла;;08.06.2026;;;;;;;;;;;;;;;;;;;;;;;;;;;;;1. ОГЗ Квалификация;Контакт установлен;;;;;;;;;;;;;;;;;;;;;;;;;;;;;;;;;;;;;;;;;;;;;;;;;;;;;;;;;;;;;;
37757069;https://alladin116.amocrm.ru/leads/detail/37757069;Коол Центр;Закрыто и не реализовано;08.06.2026;;;;;;;;;;;;;;;;;;;;;;;;;;;;;1. ОГЗ Квалификация;Закрыто и не реализовано;;;;;;;;;;;;;;;;;;;;;;;;;;;;;;;;;;;;;;;;;;;;;;;;;;;;;;;;;;;;;;
37757111;https://alladin116.amocrm.ru/leads/detail/37757111;;Закрыто и не реализовано;08.06.2026;;;;;;;;;;;;;;;;;;;;;;;;;;;;;1. ОГЗ Квалификация;Закрыто и не реализовано;;;;;;;;;;;;;;;;;;;;;;;;;;;;;;;;;;;;;;;;;;;;;;;;;;;;;;;;;;;;;;
37757145;https://alladin116.amocrm.ru/leads/detail/37757145;;;08.06.2026;;;;;;;;;;;;;;;;;;;;;;;;;;;;;1. ОГЗ Квалификация;Новый лид;;;;;;;;;;;;;;;;;;;;;;;;;;;;;;;;;;;;;;;;;;;;;;;;;;;;;;;;;;;;;;
37757149;https://alladin116.amocrm.ru/leads/detail/37757149;;;08.06.2026;;;;;;;;;;;;;;;;;;;;;;;;;;;;;1. ОГЗ Квалификация;Новый лид;;;;;;;;;;;;;;;;;;;;;;;;;;;;;;;;;;;;;;;;;;;;;;;;;;;;;;;;;;;;;;
37757153;https://alladin116.amocrm.ru/leads/detail/37757153;;;08.06.2026;;;;;;;;;;;;;;;;;;;;;;;;;;;;;1. ОГЗ Квалификация;Новый лид;;;;;;;;;;;;;;;;;;;;;;;;;;;;;;;;;;;;;;;;;;;;;;;;;;;;;;;;;;;;;;
37757157;https://alladin116.amocrm.ru/leads/detail/37757157;;;08.06.2026;;;;;;;;;;;;;;;;;;;;;;;;;;;;;1. ОГЗ Квалификация;Новый лид;;;;;;;;;;;;;;;;;;;;;;;;;;;;;;;;;;;;;;;;;;;;;;;;;;;;;;;;;;;;;;
37757173;https://alladin116.amocrm.ru/leads/detail/37757173;Своя база;;08.06.2026;;;;;;;;;;;;;;;;;;;;;;;;;;;;;Квалификация ОГЗ;на расчете БО (бюджетная оценка);;;;;;;;;;;;;;;;;;;;;;;;;;;;;;;;;;;;;;;;;;;;;;;;;;;;;;;;;;;;;;
